0.3501121382453703,8.663647443829044e-05,0.3249899681860041,3.4695318262203328e-06,3.017484515174228e-08,0.7068658977084845,0.7073475826245114
0.35036223824537027,8.663647443829044e-05,0.3261887681860041,3.4695318262203328e-06,3.017484515174228e-08,0.7068658977084845,0.7073475826245114
0.3506125382453703,8.663647443829044e-05,0.3273851681860041,3.4695318262203328e-06,3.017484515174228e-08,0.7068658977084845,0.7073475826245114
0.3508630382453703,8.663647443829044e-05,0.32857916818600413,3.4695318262203328e-06,3.017484515174228e-08,0.7068658977084845,0.7073475826245114
0.3511137382453703,8.663647443829044e-05,0.32977076818600415,3.4695318262203328e-06,3.017484515174228e-08,0.7068658977084845,0.7073475826245114
0.3513646382453703,8.663647443829044e-05,0.33095996818600415,3.4695318262203328e-06,3.017484515174228e-08,0.7068658977084845,0.7073475826245114
0.3516157382453703,8.663647443829044e-05,0.3321467681860041,3.4695318262203328e-06,3.017484515174228e-08,0.7068658977084845,0.7073475826245114
0.35186703824537024,8.663647443829044e-05,0.3333311681860041,3.4695318262203328e-06,3.017484515174228e-08,0.7068658977084845,0.7073475826245114
0.3521185382453703,8.663647443829044e-05,0.33451316818600413,3.4695318262203328e-06,3.017484515174228e-08,0.7068658977084845,0.7073475826245114
0.3523702382453703,8.663647443829044e-05,0.3356927681860041,3.4695318262203328e-06,3.017484515174228e-08,0.7068658977084845,0.7073475826245114
0.3526221382453703,8.663647443829044e-05,0.3368699681860041,3.4695318262203328e-06,3.017484515174228e-08,0.7068658977084845,0.7073475826245114
0.3528742382453703,8.663647443829044e-05,0.3380447681860041,3.4695318262203328e-06,3.017484515174228e-08,0.7068658977084845,0.7073475826245114
0.3531265382453703,8.663647443829044e-05,0.3392171681860041,3.4695318262203328e-06,3.017484515174228e-08,0.7068658977084845,0.7073475826245114
0.35337903824537026,8.663647443829044e-05,0.3403871681860041,3.4695318262203328e-06,3.017484515174228e-08,0.7068658977084845,0.7073475826245114
0.3536317382453703,8.663647443829044e-05,0.3415547681860041,3.4695318262203328e-06,3.017484515174228e-08,0.7068658977084845,0.7073475826245114
0.35388463824537025,8.663647443829044e-05,0.34271996818600414,3.4695318262203328e-06,3.017484515174228e-08,0.7068658977084845,0.7073475826245114
0.3541377382453703,8.663647443829044e-05,0.3438827681860041,3.4695318262203328e-06,3.017484515174228e-08,0.7068658977084845,0.7073475826245114
0.35439103824537027,8.663647443829044e-05,0.3450431681860041,3.4695318262203328e-06,3.017484515174228e-08,0.7068658977084845,0.7073475826245114
0.3546445382453703,8.663647443829044e-05,0.3462011681860041,3.4695318262203328e-06,3.017484515174228e-08,0.7068658977084845,0.7073475826245114
0.35489823824537026,8.663647443829044e-05,0.3473567681860041,3.4695318262203328e-06,3.017484515174228e-08,0.7068658977084845,0.7073475826245114
0.3551521382453703,8.663647443829044e-05,0.34850996818600416,3.4695318262203328e-06,3.017484515174228e-08,0.7068658977084845,0.7073475826245114
0.35540623824537027,8.663647443829044e-05,0.3496607681860041,3.4695318262203328e-06,3.017484515174228e-08,0.7068658977084845,0.7073475826245114
0.3556605382453703,8.663647443829044e-05,0.3508091681860041,3.4695318262203328e-06,3.017484515174228e-08,0.7068658977084845,0.7073475826245114
0.3559150382453703,8.663647443829044e-05,0.35195516818600414,3.4695318262203328e-06,3.017484515174228e-08,0.7068658977084845,0.7073475826245114
0.3561697382453703,8.663647443829044e-05,0.3530987681860041,3.4695318262203328e-06,3.017484515174228e-08,0.7068658977084845,0.7073475826245114
0.3564246382453703,8.663647443829044e-05,0.3542399681860041,3.4695318262203328e-06,3.017484515174228e-08,0.7068658977084845,0.7073475826245114
0.3566797382453703,8.663647443829044e-05,0.3553787681860041,3.4695318262203328e-06,3.017484515174228e-08,0.7068658977084845,0.7073475826245114
0.35693503824537026,8.663647443829044e-05,0.3565151681860041,3.4695318262203328e-06,3.017484515174228e-08,0.7068658977084845,0.7073475826245114
0.3571905382453703,8.663647443829044e-05,0.35764916818600406,3.4695318262203328e-06,3.017484515174228e-08,0.7068658977084845,0.7073475826245114
0.35744623824537025,8.663647443829044e-05,0.35878076818600413,3.4695318262203328e-06,3.017484515174228e-08,0.7068658977084845,0.7073475826245114
0.3577021382453703,8.663647443829044e-05,0.35990996818600407,3.4695318262203328e-06,3.017484515174228e-08,0.7068658977084845,0.7073475826245114
0.35795823824537026,8.663647443829044e-05,0.3610367681860041,3.4695318262203328e-06,3.017484515174228e-08,0.7068658977084845,0.7073475826245114
0.3582145382453703,8.663647443829044e-05,0.36216116818600413,3.4695318262203328e-06,3.017484515174228e-08,0.7068658977084845,0.7073475826245114
0.3584710382453703,8.663647443829044e-05,0.3632831681860041,3.4695318262203328e-06,3.017484515174228e-08,0.7068658977084845,0.7073475826245114
0.3587277382453703,8.663647443829044e-05,0.36440276818600414,3.4695318262203328e-06,3.017484515174228e-08,0.7068658977084845,0.7073475826245114
0.3589846382453703,8.663647443829044e-05,0.3655199681860041,3.4695318262203328e-06,3.017484515174228e-08,0.7068658977084845,0.7073475826245114
0.3592417382453703,8.663647443829044e-05,0.36663476818600416,3.4695318262203328e-06,3.017484515174228e-08,0.7068658977084845,0.7073475826245114
0.3594990382453703,8.663647443829044e-05,0.3677471681860041,3.4695318262203328e-06,3.017484515174228e-08,0.7068658977084845,0.7073475826245114
0.3597565382453703,8.663647443829044e-05,0.3688571681860041,3.4695318262203328e-06,3.017484515174228e-08,0.7068658977084845,0.7073475826245114
0.36001423824537027,8.663647443829044e-05,0.3699647681860041,3.4695318262203328e-06,3.017484515174228e-08,0.7068658977084845,0.7073475826245114
0.3602721382453703,8.663647443829044e-05,0.37106996818600413,3.4695318262203328e-06,3.017484515174228e-08,0.7068658977084845,0.7073475826245114
0.3605302382453703,8.663647443829044e-05,0.37217276818600414,3.4695318262203328e-06,3.017484515174228e-08,0.7068658977084845,0.7073475826245114
0.3607885382453703,8.663647443829044e-05,0.37327316818600415,3.4695318262203328e-06,3.017484515174228e-08,0.7068658977084845,0.7073475826245114
0.36104703824537027,8.663647443829044e-05,0.3743711681860041,3.4695318262203328e-06,3.017484515174228e-08,0.7068658977084845,0.7073475826245114
0.3613057382453703,8.663647443829044e-05,0.37546676818600405,3.4695318262203328e-06,3.017484515174228e-08,0.7068658977084845,0.7073475826245114
0.3615646382453703,8.663647443829044e-05,0.3765599681860041,3.4695318262203328e-06,3.017484515174228e-08,0.7068658977084845,0.7073475826245114
0.3618237382453703,8.663647443829044e-05,0.37765076818600407,3.4695318262203328e-06,3.017484515174228e-08,0.7068658977084845,0.7073475826245114
0.3620830382453703,8.663647443829044e-05,0.3787391681860041,3.4695318262203328e-06,3.017484515174228e-08,0.7068658977084845,0.7073475826245114
0.3623425382453703,8.663647443829044e-05,0.3798251681860041,3.4695318262203328e-06,3.017484515174228e-08,0.7068658977084845,0.7073475826245114
0.3626022382453703,8.663647443829044e-05,0.3809087681860041,3.4695318262203328e-06,3.017484515174228e-08,0.7068658977084845,0.7073475826245114
0.36286213824537034,8.663647443829044e-05,0.3819899681860041,3.4695318262203328e-06,3.017484515174228e-08,0.7068658977084845,0.7073475826245114
0.36312223824537027,8.663647443829044e-05,0.3830687681860041,3.4695318262203328e-06,3.017484515174228e-08,0.7068658977084845,0.7073475826245114
0.3633825382453703,8.663647443829044e-05,0.38414516818600414,3.4695318262203328e-06,3.017484515174228e-08,0.7068658977084845,0.7073475826245114
0.3636430382453703,8.663647443829044e-05,0.3852191681860041,3.4695318262203328e-06,3.017484515174228e-08,0.7068658977084845,0.7073475826245114
0.3639037382453703,8.663647443829044e-05,0.3862907681860041,3.4695318262203328e-06,3.017484515174228e-08,0.7068658977084845,0.7073475826245114
0.36416463824537026,8.663647443829044e-05,0.3873599681860041,3.4695318262203328e-06,3.017484515174228e-08,0.7068658977084845,0.7073475826245114
0.36442573824537033,8.663647443829044e-05,0.3884267681860041,3.4695318262203328e-06,3.017484515174228e-08,0.7068658977084845,0.7073475826245114
0.3646870382453703,8.663647443829044e-05,0.38949116818600416,3.4695318262203328e-06,3.017484515174228e-08,0.7068658977084845,0.7073475826245114
0.3649485382453703,8.663647443829044e-05,0.3905531681860041,3.4695318262203328e-06,3.017484515174228e-08,0.7068658977084845,0.7073475826245114
0.3652102382453703,8.663647443829044e-05,0.3916127681860041,3.4695318262203328e-06,3.017484515174228e-08,0.7068658977084845,0.7073475826245114
0.3654721382453703,8.663647443829044e-05,0.3926699681860041,3.4695318262203328e-06,3.017484515174228e-08,0.7068658977084845,0.7073475826245114
0.36573423824537027,8.663647443829044e-05,0.3937247681860041,3.4695318262203328e-06,3.017484515174228e-08,0.7068658977084845,0.7073475826245114
0.3659965382453703,8.663647443829044e-05,0.3947771681860041,3.4695318262203328e-06,3.017484515174228e-08,0.7068658977084845,0.7073475826245114
0.36625903824537026,8.663647443829044e-05,0.3958271681860041,3.4695318262203328e-06,3.017484515174228e-08,0.7068658977084845,0.7073475826245114
0.36652173824537027,8.663647443829044e-05,0.3968747681860041,3.4695318262203328e-06,3.017484515174228e-08,0.7068658977084845,0.7073475826245114
0.3667846382453703,8.663647443829044e-05,0.39791996818600406,3.4695318262203328e-06,3.017484515174228e-08,0.7068658977084845,0.7073475826245114
0.3670477382453703,8.663647443829044e-05,0.3989627681860041,3.4695318262203328e-06,3.017484515174228e-08,0.7068658977084845,0.7073475826245114
0.3673110382453703,8.663647443829044e-05,0.40000316818600407,3.4695318262203328e-06,3.017484515174228e-08,0.7068658977084845,0.7073475826245114
0.3675745382453703,8.663647443829044e-05,0.4010411681860041,3.4695318262203328e-06,3.017484515174228e-08,0.7068658977084845,0.7073475826245114
0.36783823824537026,8.663647443829044e-05,0.40207676818600413,3.4695318262203328e-06,3.017484515174228e-08,0.7068658977084845,0.7073475826245114
0.36810213824537025,8.663647443829044e-05,0.4031099681860041,3.4695318262203328e-06,3.017484515174228e-08,0.7068658977084845,0.7073475826245114
0.3683662382453703,8.663647443829044e-05,0.4041407681860041,3.4695318262203328e-06,3.017484515174228e-08,0.7068658977084845,0.7073475826245114
0.3686305382453703,8.663647443829044e-05,0.4051691681860041,3.4695318262203328e-06,3.017484515174228e-08,0.7068658977084845,0.7073475826245114
0.3688950382453703,8.663647443829044e-05,0.4061951681860041,3.4695318262203328e-06,3.017484515174228e-08,0.7068658977084845,0.7073475826245114
0.36915973824537024,8.663647443829044e-05,0.4072187681860041,3.4695318262203328e-06,3.017484515174228e-08,0.7068658977084845,0.7073475826245114
0.3694246382453703,8.663647443829044e-05,0.4082399681860041,3.4695318262203328e-06,3.017484515174228e-08,0.7068658977084845,0.7073475826245114
0.36968973824537027,8.663647443829044e-05,0.40925876818600404,3.4695318262203328e-06,3.017484515174228e-08,0.7068658977084845,0.7073475826245114
0.3699550382453703,8.663647443829044e-05,0.4102751681860041,3.4695318262203328e-06,3.017484515174228e-08,0.7068658977084845,0.7073475826245114
0.37022053824537027,8.663647443829044e-05,0.4112891681860041,3.4695318262203328e-06,3.017484515174228e-08,0.7068658977084845,0.7073475826245114
0.3704862382453703,8.663647443829044e-05,0.41230076818600414,3.4695318262203328e-06,3.017484515174228e-08,0.7068658977084845,0.7073475826245114
0.3707521382453703,8.663647443829044e-05,0.4133099681860041,3.4695318262203328e-06,3.017484515174228e-08,0.7068658977084845,0.7073475826245114
0.3710182382453703,8.663647443829044e-05,0.41431676818600405,3.4695318262203328e-06,3.017484515174228e-08,0.7068658977084845,0.7073475826245114
0.3712845382453703,8.663647443829044e-05,0.4153211681860041,3.4695318262203328e-06,3.017484515174228e-08,0.7068658977084845,0.7073475826245114
0.3715510382453703,8.663647443829044e-05,0.41632316818600407,3.4695318262203328e-06,3.017484515174228e-08,0.7068658977084845,0.7073475826245114
0.3718177382453703,8.663647443829044e-05,0.4173227681860041,3.4695318262203328e-06,3.017484515174228e-08,0.7068658977084845,0.7073475826245114
0.3720846382453703,8.663647443829044e-05,0.4183199681860041,3.4695318262203328e-06,3.017484515174228e-08,0.7068658977084845,0.7073475826245114
0.37235173824537027,8.663647443829044e-05,0.4193147681860041,3.4695318262203328e-06,3.017484515174228e-08,0.7068658977084845,0.7073475826245114
0.3726190382453703,8.663647443829044e-05,0.42030716818600405,3.4695318262203328e-06,3.017484515174228e-08,0.7068658977084845,0.7073475826245114
0.37288653824537027,8.663647443829044e-05,0.4212971681860041,3.4695318262203328e-06,3.017484515174228e-08,0.7068658977084845,0.7073475826245114
0.3731542382453703,8.663647443829044e-05,0.42228476818600413,3.4695318262203328e-06,3.017484515174228e-08,0.7068658977084845,0.7073475826245114
0.37342213824537024,8.663647443829044e-05,0.4232699681860041,3.4695318262203328e-06,3.017484515174228e-08,0.7068658977084845,0.7073475826245114
0.3736902382453703,8.663647443829044e-05,0.4242527681860041,3.4695318262203328e-06,3.017484515174228e-08,0.7068658977084845,0.7073475826245114
0.3739585382453703,8.663647443829044e-05,0.42523316818600404,3.4695318262203328e-06,3.017484515174228e-08,0.7068658977084845,0.7073475826245114
0.3742270382453703,8.663647443829044e-05,0.4262111681860041,3.4695318262203328e-06,3.017484515174228e-08,0.7068658977084845,0.7073475826245114
0.37449573824537025,8.663647443829044e-05,0.4271867681860041,3.4695318262203328e-06,3.017484515174228e-08,0.7068658977084845,0.7073475826245114
0.3747646382453703,8.663647443829044e-05,0.4281599681860041,3.4695318262203328e-06,3.017484515174228e-08,0.7068658977084845,0.7073475826245114
0.3750337382453703,8.663647443829044e-05,0.4291307681860041,3.4695318262203328e-06,3.017484515174228e-08,0.7068658977084845,0.7073475826245114
0.3753030382453703,8.663647443829044e-05,0.4300991681860041,3.4695318262203328e-06,3.017484515174228e-08,0.7068658977084845,0.7073475826245114
0.3755725382453703,8.663647443829044e-05,0.4310651681860041,3.4695318262203328e-06,3.017484515174228e-08,0.7068658977084845,0.7073475826245114
0.3758422382453703,8.663647443829044e-05,0.4320287681860041,3.4695318262203328e-06,3.017484515174228e-08,0.7068658977084845,0.7073475826245114
0.37611213824537026,8.663647443829044e-05,0.4329899681860041,3.4695318262203328e-06,3.017484515174228e-08,0.7068658977084845,0.7073475826245114
0.3763822382453703,8.663647443829044e-05,0.4339487681860041,3.4695318262203328e-06,3.017484515174228e-08,0.7068658977084845,0.7073475826245114
0.37665253824537026,8.663647443829044e-05,0.43490516818600405,3.4695318262203328e-06,3.017484515174228e-08,0.7068658977084845,0.7073475826245114
0.3769230382453703,8.663647443829044e-05,0.4358591681860041,3.4695318262203328e-06,3.017484515174228e-08,0.7068658977084845,0.7073475826245114
0.3771937382453703,8.663647443829044e-05,0.43681076818600406,3.4695318262203328e-06,3.017484515174228e-08,0.7068658977084845,0.7073475826245114
0.3774646382453703,8.663647443829044e-05,0.4377599681860041,3.4695318262203328e-06,3.017484515174228e-08,0.7068658977084845,0.7073475826245114
0.37773573824537027,8.663647443829044e-05,0.4387067681860041,3.4695318262203328e-06,3.017484515174228e-08,0.7068658977084845,0.7073475826245114
0.3780070382453703,8.663647443829044e-05,0.4396511681860041,3.4695318262203328e-06,3.017484515174228e-08,0.7068658977084845,0.7073475826245114
0.3782785382453703,8.663647443829044e-05,0.4405931681860041,3.4695318262203328e-06,3.017484515174228e-08,0.7068658977084845,0.7073475826245114
0.3785502382453703,8.663647443829044e-05,0.44153276818600407,3.4695318262203328e-06,3.017484515174228e-08,0.7068658977084845,0.7073475826245114
0.37882213824537025,8.663647443829044e-05,0.44246996818600415,3.4695318262203328e-06,3.017484515174228e-08,0.7068658977084845,0.7073475826245114
0.3790942382453703,8.663647443829044e-05,0.4434047681860041,3.4695318262203328e-06,3.017484515174228e-08,0.7068658977084845,0.7073475826245114
0.37936653824537026,8.663647443829044e-05,0.4443371681860041,3.4695318262203328e-06,3.017484515174228e-08,0.7068658977084845,0.7073475826245114
0.3796390382453703,8.663647443829044e-05,0.44526716818600404,3.4695318262203328e-06,3.017484515174228e-08,0.7068658977084845,0.7073475826245114
0.3799117382453703,8.663647443829044e-05,0.4461947681860041,3.4695318262203328e-06,3.017484515174228e-08,0.7068658977084845,0.7073475826245114
0.3801846382453703,8.663647443829044e-05,0.44711996818600414,3.4695318262203328e-06,3.017484515174228e-08,0.7068658977084845,0.7073475826245114
0.38045773824537027,8.663647443829044e-05,0.44804276818600414,3.4695318262203328e-06,3.017484515174228e-08,0.7068658977084845,0.7073475826245114
0.38073103824537025,8.663647443829044e-05,0.4489631681860041,3.4695318262203328e-06,3.017484515174228e-08,0.7068658977084845,0.7073475826245114
0.3810045382453703,8.663647443829044e-05,0.4498811681860041,3.4695318262203328e-06,3.017484515174228e-08,0.7068658977084845,0.7073475826245114
0.3812782382453703,8.663647443829044e-05,0.45079676818600406,3.4695318262203328e-06,3.017484515174228e-08,0.7068658977084845,0.7073475826245114
0.38155213824537026,8.663647443829044e-05,0.45170996818600406,3.4695318262203328e-06,3.017484515174228e-08,0.7068658977084845,0.7073475826245114
0.38182623824537026,8.663647443829044e-05,0.4526207681860041,3.4695318262203328e-06,3.017484515174228e-08,0.7068658977084845,0.7073475826245114
0.38210053824537027,8.663647443829044e-05,0.4535291681860041,3.4695318262203328e-06,3.017484515174228e-08,0.7068658977084845,0.7073475826245114
0.3823750382453703,8.663647443829044e-05,0.4544351681860041,3.4695318262203328e-06,3.017484515174228e-08,0.7068658977084845,0.7073475826245114
0.3826497382453703,8.663647443829044e-05,0.45533876818600405,3.4695318262203328e-06,3.017484515174228e-08,0.7068658977084845,0.7073475826245114
0.38292463824537026,8.663647443829044e-05,0.4562399681860041,3.4695318262203328e-06,3.017484515174228e-08,0.7068658977084845,0.7073475826245114
0.3831997382453703,8.663647443829044e-05,0.45713876818600413,3.4695318262203328e-06,3.017484515174228e-08,0.7068658977084845,0.7073475826245114
0.3834750382453703,8.663647443829044e-05,0.4580351681860041,3.4695318262203328e-06,3.017484515174228e-08,0.7068658977084845,0.7073475826245114
0.38375053824537025,8.663647443829044e-05,0.4589291681860041,3.4695318262203328e-06,3.017484515174228e-08,0.7068658977084845,0.7073475826245114
0.38402623824537024,8.663647443829044e-05,0.45982076818600404,3.4695318262203328e-06,3.017484515174228e-08,0.7068658977084845,0.7073475826245114
0.3843021382453703,8.663647443829044e-05,0.46070996818600407,3.4695318262203328e-06,3.017484515174228e-08,0.7068658977084845,0.7073475826245114
0.3845782382453703,8.663647443829044e-05,0.4615967681860041,3.4695318262203328e-06,3.017484515174228e-08,0.7068658977084845,0.7073475826245114
0.3848545382453703,8.663647443829044e-05,0.4624811681860041,3.4695318262203328e-06,3.017484515174228e-08,0.7068658977084845,0.7073475826245114
0.38513103824537026,8.663647443829044e-05,0.4633631681860041,3.4695318262203328e-06,3.017484515174228e-08,0.7068658977084845,0.7073475826245114
0.3854077382453703,8.663647443829044e-05,0.4642427681860041,3.4695318262203328e-06,3.017484515174228e-08,0.7068658977084845,0.7073475826245114
0.3856846382453703,8.663647443829044e-05,0.4651199681860041,3.4695318262203328e-06,3.017484515174228e-08,0.7068658977084845,0.7073475826245114
0.3859617382453703,8.663647443829044e-05,0.46599476818600405,3.4695318262203328e-06,3.017484515174228e-08,0.7068658977084845,0.7073475826245114
0.38623903824537026,8.663647443829044e-05,0.4668671681860041,3.4695318262203328e-06,3.017484515174228e-08,0.7068658977084845,0.7073475826245114
0.3865165382453703,8.663647443829044e-05,0.4677371681860041,3.4695318262203328e-06,3.017484515174228e-08,0.7068658977084845,0.7073475826245114
0.38679423824537024,8.663647443829044e-05,0.46860476818600405,3.4695318262203328e-06,3.017484515174228e-08,0.7068658977084845,0.7073475826245114
0.3870721382453703,8.663647443829044e-05,0.4694699681860041,3.4695318262203328e-06,3.017484515174228e-08,0.7068658977084845,0.7073475826245114
0.38735023824537024,8.663647443829044e-05,0.47033276818600406,3.4695318262203328e-06,3.017484515174228e-08,0.7068658977084845,0.7073475826245114
0.3876285382453703,8.663647443829044e-05,0.47119316818600404,3.4695318262203328e-06,3.017484515174228e-08,0.7068658977084845,0.7073475826245114
0.38790703824537026,8.663647443829044e-05,0.4720511681860041,3.4695318262203328e-06,3.017484515174228e-08,0.7068658977084845,0.7073475826245114
0.3881857382453703,8.663647443829044e-05,0.4729067681860041,3.4695318262203328e-06,3.017484515174228e-08,0.7068658977084845,0.7073475826245114
0.38846463824537025,8.663647443829044e-05,0.4737599681860041,3.4695318262203328e-06,3.017484515174228e-08,0.7068658977084845,0.7073475826245114
0.3887437382453703,8.663647443829044e-05,0.47461076818600406,3.4695318262203328e-06,3.017484515174228e-08,0.7068658977084845,0.7073475826245114
0.38902303824537027,8.663647443829044e-05,0.47545916818600414,3.4695318262203328e-06,3.017484515174228e-08,0.7068658977084845,0.7073475826245114
0.3893025382453703,8.663647443829044e-05,0.4763051681860041,3.4695318262203328e-06,3.017484515174228e-08,0.7068658977084845,0.7073475826245114
0.38958223824537025,8.663647443829044e-05,0.4771487681860041,3.4695318262203328e-06,3.017484515174228e-08,0.7068658977084845,0.7073475826245114
0.3898621382453703,8.663647443829044e-05,0.4779899681860041,3.4695318262203328e-06,3.017484515174228e-08,0.7068658977084845,0.7073475826245114
0.39014223824537025,8.663647443829044e-05,0.47882876818600406,3.4695318262203328e-06,3.017484515174228e-08,0.7068658977084845,0.7073475826245114
0.39042253824537027,8.663647443829044e-05,0.47966516818600413,3.4695318262203328e-06,3.017484515174228e-08,0.7068658977084845,0.7073475826245114
0.3907030382453703,8.663647443829044e-05,0.48049916818600413,3.4695318262203328e-06,3.017484515174228e-08,0.7068658977084845,0.7073475826245114
0.3909837382453703,8.663647443829044e-05,0.48133076818600407,3.4695318262203328e-06,3.017484515174228e-08,0.7068658977084845,0.7073475826245114
0.3912646382453703,8.663647443829044e-05,0.48215996818600404,3.4695318262203328e-06,3.017484515174228e-08,0.7068658977084845,0.7073475826245114
0.3915457382453703,8.663647443829044e-05,0.48298676818600406,3.4695318262203328e-06,3.017484515174228e-08,0.7068658977084845,0.7073475826245114
0.39182703824537024,8.663647443829044e-05,0.4838111681860041,3.4695318262203328e-06,3.017484515174228e-08,0.7068658977084845,0.7073475826245114
0.3921085382453703,8.663647443829044e-05,0.4846331681860041,3.4695318262203328e-06,3.017484515174228e-08,0.7068658977084845,0.7073475826245114
0.3923902382453703,8.663647443829044e-05,0.4854527681860041,3.4695318262203328e-06,3.017484515174228e-08,0.7068658977084845,0.7073475826245114
0.3926721382453703,8.663647443829044e-05,0.4862699681860041,3.4695318262203328e-06,3.017484515174228e-08,0.7068658977084845,0.7073475826245114
0.3929542382453703,8.663647443829044e-05,0.48708476818600405,3.4695318262203328e-06,3.017484515174228e-08,0.7068658977084845,0.7073475826245114
0.3932365382453703,8.663647443829044e-05,0.48789716818600415,3.4695318262203328e-06,3.017484515174228e-08,0.7068658977084845,0.7073475826245114
0.39351903824537027,8.663647443829044e-05,0.4887071681860041,3.4695318262203328e-06,3.017484515174228e-08,0.7068658977084845,0.7073475826245114
0.3938017382453703,8.663647443829044e-05,0.4895147681860041,3.4695318262203328e-06,3.017484515174228e-08,0.7068658977084845,0.7073475826245114
0.39408463824537027,8.663647443829044e-05,0.4903199681860041,3.4695318262203328e-06,3.017484515174228e-08,0.7068658977084845,0.7073475826245114
0.3943677382453703,8.663647443829044e-05,0.4911227681860041,3.4695318262203328e-06,3.017484515174228e-08,0.7068658977084845,0.7073475826245114
0.3946510382453703,8.663647443829044e-05,0.491923168186004,3.4695318262203328e-06,3.017484515174228e-08,0.7068658977084845,0.7073475826245114
0.3949345382453703,8.663647443829044e-05,0.49272116818600403,3.4695318262203328e-06,3.017484515174228e-08,0.7068658977084845,0.7073475826245114
0.3952182382453703,8.663647443829044e-05,0.4935167681860041,3.4695318262203328e-06,3.017484515174228e-08,0.7068658977084845,0.7073475826245114
0.3955021382453703,8.663647443829044e-05,0.4943099681860041,3.4695318262203328e-06,3.017484515174228e-08,0.7068658977084845,0.7073475826245114
0.3957862382453703,8.663647443829044e-05,0.49510076818600407,3.4695318262203328e-06,3.017484515174228e-08,0.7068658977084845,0.7073475826245114
0.3960705382453703,8.663647443829044e-05,0.49588916818600404,3.4695318262203328e-06,3.017484515174228e-08,0.7068658977084845,0.7073475826245114
0.3963550382453703,8.663647443829044e-05,0.49667516818600405,3.4695318262203328e-06,3.017484515174228e-08,0.7068658977084845,0.7073475826245114
0.3966397382453703,8.663647443829044e-05,0.4974587681860041,3.4695318262203328e-06,3.017484515174228e-08,0.7068658977084845,0.7073475826245114
0.3969246382453703,8.663647443829044e-05,0.4982399681860041,3.4695318262203328e-06,3.017484515174228e-08,0.7068658977084845,0.7073475826245114
0.3972097382453703,8.663647443829044e-05,0.4990187681860041,3.4695318262203328e-06,3.017484515174228e-08,0.7068658977084845,0.7073475826245114
0.39749503824537025,8.663647443829044e-05,0.49979516818600406,3.4695318262203328e-06,3.017484515174228e-08,0.7068658977084845,0.7073475826245114
0.3977805382453703,8.663647443829044e-05,0.500569168186004,3.4695318262203328e-06,3.017484515174228e-08,0.7068658977084845,0.7073475826245114
0.3980662382453703,8.663647443829044e-05,0.5013407681860041,3.4695318262203328e-06,3.017484515174228e-08,0.7068658977084845,0.7073475826245114
0.3983521382453703,8.663647443829044e-05,0.5021099681860041,3.4695318262203328e-06,3.017484515174228e-08,0.7068658977084845,0.7073475826245114
0.39863823824537026,8.663647443829044e-05,0.502876768186004,3.4695318262203328e-06,3.017484515174228e-08,0.7068658977084845,0.7073475826245114
0.3989245382453702,8.663647443829044e-05,0.503641168186004,3.4695318262203328e-06,3.017484515174228e-08,0.7068658977084845,0.7073475826245114
0.3992110382453703,8.663647443829044e-05,0.5044031681860041,3.4695318262203328e-06,3.017484515174228e-08,0.7068658977084845,0.7073475826245114
0.3994977382453703,8.663647443829044e-05,0.5051627681860041,3.4695318262203328e-06,3.017484515174228e-08,0.7068658977084845,0.7073475826245114
0.39978463824537025,8.663647443829044e-05,0.505919968186004,3.4695318262203328e-06,3.017484515174228e-08,0.7068658977084845,0.7073475826245114
0.40007173824537023,8.663647443829044e-05,0.5066747681860041,3.4695318262203328e-06,3.017484515174228e-08,0.7068658977084845,0.7073475826245114
0.4003590382453703,8.663647443829044e-05,0.5074271681860041,3.4695318262203328e-06,3.017484515174228e-08,0.7068658977084845,0.7073475826245114
0.40064653824537033,8.663647443829044e-05,0.508177168186004,3.4695318262203328e-06,3.017484515174228e-08,0.7068658977084845,0.7073475826245114
0.4009342382453703,8.663647443829044e-05,0.5089247681860041,3.4695318262203328e-06,3.017484515174228e-08,0.7068658977084845,0.7073475826245114
0.40122213824537023,8.663647443829044e-05,0.5096699681860041,3.4695318262203328e-06,3.017484515174228e-08,0.7068658977084845,0.7073475826245114
0.4015102382453703,8.663647443829044e-05,0.5104127681860041,3.4695318262203328e-06,3.017484515174228e-08,0.7068658977084845,0.7073475826245114
0.40179853824537026,8.663647443829044e-05,0.5111531681860041,3.4695318262203328e-06,3.017484515174228e-08,0.7068658977084845,0.7073475826245114
0.4020870382453703,8.663647443829044e-05,0.511891168186004,3.4695318262203328e-06,3.017484515174228e-08,0.7068658977084845,0.7073475826245114
0.40237573824537026,8.663647443829044e-05,0.5126267681860041,3.4695318262203328e-06,3.017484515174228e-08,0.7068658977084845,0.7073475826245114
0.4026646382453703,8.663647443829044e-05,0.513359968186004,3.4695318262203328e-06,3.017484515174228e-08,0.7068658977084845,0.7073475826245114
0.40295373824537023,8.663647443829044e-05,0.5140907681860041,3.4695318262203328e-06,3.017484515174228e-08,0.7068658977084845,0.7073475826245114
0.4032430382453703,8.663647443829044e-05,0.514819168186004,3.4695318262203328e-06,3.017484515174228e-08,0.7068658977084845,0.7073475826245114
0.4035325382453703,8.663647443829044e-05,0.515545168186004,3.4695318262203328e-06,3.017484515174228e-08,0.7068658977084845,0.7073475826245114
0.4038222382453703,8.663647443829044e-05,0.516268768186004,3.4695318262203328e-06,3.017484515174228e-08,0.7068658977084845,0.7073475826245114
0.40411213824537023,8.663647443829044e-05,0.516989968186004,3.4695318262203328e-06,3.017484515174228e-08,0.7068658977084845,0.7073475826245114
0.4044022382453703,8.663647443829044e-05,0.5177087681860041,3.4695318262203328e-06,3.017484515174228e-08,0.7068658977084845,0.7073475826245114
0.40469253824537027,8.663647443829044e-05,0.518425168186004,3.4695318262203328e-06,3.017484515174228e-08,0.7068658977084845,0.7073475826245114
0.4049830382453703,8.663647443829044e-05,0.519139168186004,3.4695318262203328e-06,3.017484515174228e-08,0.7068658977084845,0.7073475826245114
0.4052737382453703,8.663647443829044e-05,0.5198507681860041,3.4695318262203328e-06,3.017484515174228e-08,0.7068658977084845,0.7073475826245114
0.40556463824537026,8.663647443829044e-05,0.520559968186004,3.4695318262203328e-06,3.017484515174228e-08,0.7068658977084845,0.7073475826245114
0.40585573824537025,8.663647443829044e-05,0.5212667681860041,3.4695318262203328e-06,3.017484515174228e-08,0.7068658977084845,0.7073475826245114
0.4061470382453703,8.663647443829044e-05,0.5219711681860041,3.4695318262203328e-06,3.017484515174228e-08,0.7068658977084845,0.7073475826245114
0.40643853824537024,8.663647443829044e-05,0.5226731681860041,3.4695318262203328e-06,3.017484515174228e-08,0.7068658977084845,0.7073475826245114
0.4067302382453703,8.663647443829044e-05,0.5233727681860041,3.4695318262203328e-06,3.017484515174228e-08,0.7068658977084845,0.7073475826245114
0.40702213824537026,8.663647443829044e-05,0.524069968186004,3.4695318262203328e-06,3.017484515174228e-08,0.7068658977084845,0.7073475826245114
0.4073142382453703,8.663647443829044e-05,0.5247647681860041,3.4695318262203328e-06,3.017484515174228e-08,0.7068658977084845,0.7073475826245114
0.40760653824537024,8.663647443829044e-05,0.5254571681860041,3.4695318262203328e-06,3.017484515174228e-08,0.7068658977084845,0.7073475826245114
0.40789903824537027,8.663647443829044e-05,0.526147168186004,3.4695318262203328e-06,3.017484515174228e-08,0.7068658977084845,0.7073475826245114
0.40819173824537025,8.663647443829044e-05,0.5268347681860042,3.4695318262203328e-06,3.017484515174228e-08,0.7068658977084845,0.7073475826245114
0.4084846382453703,8.663647443829044e-05,0.527519968186004,3.4695318262203328e-06,3.017484515174228e-08,0.7068658977084845,0.7073475826245114
0.4087777382453703,8.663647443829044e-05,0.5282027681860041,3.4695318262203328e-06,3.017484515174228e-08,0.7068658977084845,0.7073475826245114
0.4090710382453703,8.663647443829044e-05,0.528883168186004,3.4695318262203328e-06,3.017484515174228e-08,0.7068658977084845,0.7073475826245114
0.4093645382453703,8.663647443829044e-05,0.5295611681860041,3.4695318262203328e-06,3.017484515174228e-08,0.7068658977084845,0.7073475826245114
0.4096582382453703,8.663647443829044e-05,0.5302367681860041,3.4695318262203328e-06,3.017484515174228e-08,0.7068658977084845,0.7073475826245114
0.40995213824537025,8.663647443829044e-05,0.530909968186004,3.4695318262203328e-06,3.017484515174228e-08,0.7068658977084845,0.7073475826245114
0.41024623824537026,8.663647443829044e-05,0.5315807681860041,3.4695318262203328e-06,3.017484515174228e-08,0.7068658977084845,0.7073475826245114
0.4105405382453703,8.663647443829044e-05,0.5322491681860041,3.4695318262203328e-06,3.017484515174228e-08,0.7068658977084845,0.7073475826245114
0.41083503824537027,8.663647443829044e-05,0.532915168186004,3.4695318262203328e-06,3.017484515174228e-08,0.7068658977084845,0.7073475826245114
0.41112973824537025,8.663647443829044e-05,0.533578768186004,3.4695318262203328e-06,3.017484515174228e-08,0.7068658977084845,0.7073475826245114
0.4114246382453703,8.663647443829044e-05,0.534239968186004,3.4695318262203328e-06,3.017484515174228e-08,0.7068658977084845,0.7073475826245114
0.4117197382453703,8.663647443829044e-05,0.5348987681860041,3.4695318262203328e-06,3.017484515174228e-08,0.7068658977084845,0.7073475826245114
0.4120150382453703,8.663647443829044e-05,0.535555168186004,3.4695318262203328e-06,3.017484515174228e-08,0.7068658977084845,0.7073475826245114
0.4123105382453703,8.663647443829044e-05,0.5362091681860041,3.4695318262203328e-06,3.017484515174228e-08,0.7068658977084845,0.7073475826245114
0.4126062382453703,8.663647443829044e-05,0.536860768186004,3.4695318262203328e-06,3.017484515174228e-08,0.7068658977084845,0.7073475826245114
0.41290213824537025,8.663647443829044e-05,0.537509968186004,3.4695318262203328e-06,3.017484515174228e-08,0.7068658977084845,0.7073475826245114
0.4131982382453703,8.663647443829044e-05,0.5381567681860041,3.4695318262203328e-06,3.017484515174228e-08,0.7068658977084845,0.7073475826245114
0.41349453824537025,8.663647443829044e-05,0.538801168186004,3.4695318262203328e-06,3.017484515174228e-08,0.7068658977084845,0.7073475826245114
0.4137910382453703,8.663647443829044e-05,0.5394431681860041,3.4695318262203328e-06,3.017484515174228e-08,0.7068658977084845,0.7073475826245114
0.41408773824537026,8.663647443829044e-05,0.540082768186004,3.4695318262203328e-06,3.017484515174228e-08,0.7068658977084845,0.7073475826245114
0.4143846382453703,8.663647443829044e-05,0.540719968186004,3.4695318262203328e-06,3.017484515174228e-08,0.7068658977084845,0.7073475826245114
0.41468173824537025,8.663647443829044e-05,0.541354768186004,3.4695318262203328e-06,3.017484515174228e-08,0.7068658977084845,0.7073475826245114
0.4149790382453703,8.663647443829044e-05,0.541987168186004,3.4695318262203328e-06,3.017484515174228e-08,0.7068658977084845,0.7073475826245114
0.41527653824537025,8.663647443829044e-05,0.5426171681860041,3.4695318262203328e-06,3.017484515174228e-08,0.7068658977084845,0.7073475826245114
0.4155742382453703,8.663647443829044e-05,0.5432447681860041,3.4695318262203328e-06,3.017484515174228e-08,0.7068658977084845,0.7073475826245114
0.4158721382453703,8.663647443829044e-05,0.5438699681860041,3.4695318262203328e-06,3.017484515174228e-08,0.7068658977084845,0.7073475826245114
0.4161702382453703,8.663647443829044e-05,0.5444927681860041,3.4695318262203328e-06,3.017484515174228e-08,0.7068658977084845,0.7073475826245114
0.4164685382453703,8.663647443829044e-05,0.545113168186004,3.4695318262203328e-06,3.017484515174228e-08,0.7068658977084845,0.7073475826245114
0.4167670382453703,8.663647443829044e-05,0.5457311681860041,3.4695318262203328e-06,3.017484515174228e-08,0.7068658977084845,0.7073475826245114
0.4170657382453703,8.663647443829044e-05,0.5463467681860039,3.4695318262203328e-06,3.017484515174228e-08,0.7068658977084845,0.7073475826245114
0.4173646382453703,8.663647443829044e-05,0.546959968186004,3.4695318262203328e-06,3.017484515174228e-08,0.7068658977084845,0.7073475826245114
0.4176637382453703,8.663647443829044e-05,0.547570768186004,3.4695318262203328e-06,3.017484515174228e-08,0.7068658977084845,0.7073475826245114
0.4179630382453703,8.663647443829044e-05,0.548179168186004,3.4695318262203328e-06,3.017484515174228e-08,0.7068658977084845,0.7073475826245114
0.4182625382453703,8.663647443829044e-05,0.5487851681860041,3.4695318262203328e-06,3.017484515174228e-08,0.7068658977084845,0.7073475826245114
0.4185622382453703,8.663647443829044e-05,0.5493887681860041,3.4695318262203328e-06,3.017484515174228e-08,0.7068658977084845,0.7073475826245114
0.4188621382453703,8.663647443829044e-05,0.5499899681860041,3.4695318262203328e-06,3.017484515174228e-08,0.7068658977084845,0.7073475826245114
0.41916223824537024,8.663647443829044e-05,0.5505887681860041,3.4695318262203328e-06,3.017484515174228e-08,0.7068658977084845,0.7073475826245114
0.4194625382453703,8.663647443829044e-05,0.551185168186004,3.4695318262203328e-06,3.017484515174228e-08,0.7068658977084845,0.7073475826245114
0.4197630382453703,8.663647443829044e-05,0.5517791681860041,3.4695318262203328e-06,3.017484515174228e-08,0.7068658977084845,0.7073475826245114
0.4200637382453703,8.663647443829044e-05,0.552370768186004,3.4695318262203328e-06,3.017484515174228e-08,0.7068658977084845,0.7073475826245114
0.42036463824537024,8.663647443829044e-05,0.552959968186004,3.4695318262203328e-06,3.017484515174228e-08,0.7068658977084845,0.7073475826245114
0.4206657382453703,8.663647443829044e-05,0.553546768186004,3.4695318262203328e-06,3.017484515174228e-08,0.7068658977084845,0.7073475826245114
0.42096703824537024,8.663647443829044e-05,0.554131168186004,3.4695318262203328e-06,3.017484515174228e-08,0.7068658977084845,0.7073475826245114
0.4212685382453703,8.663647443829044e-05,0.5547131681860041,3.4695318262203328e-06,3.017484515174228e-08,0.7068658977084845,0.7073475826245114
0.42157023824537027,8.663647443829044e-05,0.555292768186004,3.4695318262203328e-06,3.017484515174228e-08,0.7068658977084845,0.7073475826245114
0.4218721382453703,8.663647443829044e-05,0.5558699681860041,3.4695318262203328e-06,3.017484515174228e-08,0.7068658977084845,0.7073475826245114
0.42217423824537026,8.663647443829044e-05,0.5564447681860041,3.4695318262203328e-06,3.017484515174228e-08,0.7068658977084845,0.7073475826245114
0.4224765382453703,8.663647443829044e-05,0.557017168186004,3.4695318262203328e-06,3.017484515174228e-08,0.7068658977084845,0.7073475826245114
0.4227790382453703,8.663647443829044e-05,0.5575871681860041,3.4695318262203328e-06,3.017484515174228e-08,0.7068658977084845,0.7073475826245114
0.42308173824537026,8.663647443829044e-05,0.558154768186004,3.4695318262203328e-06,3.017484515174228e-08,0.7068658977084845,0.7073475826245114
0.42338463824537026,8.663647443829044e-05,0.5587199681860041,3.4695318262203328e-06,3.017484515174228e-08,0.7068658977084845,0.7073475826245114
0.42368773824537026,8.663647443829044e-05,0.5592827681860041,3.4695318262203328e-06,3.017484515174228e-08,0.7068658977084845,0.7073475826245114
0.42399103824537027,8.663647443829044e-05,0.5598431681860041,3.4695318262203328e-06,3.017484515174228e-08,0.7068658977084845,0.7073475826245114
0.4242945382453703,8.663647443829044e-05,0.5604011681860042,3.4695318262203328e-06,3.017484515174228e-08,0.7068658977084845,0.7073475826245114
0.42459823824537024,8.663647443829044e-05,0.560956768186004,3.4695318262203328e-06,3.017484515174228e-08,0.7068658977084845,0.7073475826245114
0.42490213824537026,8.663647443829044e-05,0.5615099681860041,3.4695318262203328e-06,3.017484515174228e-08,0.7068658977084845,0.7073475826245114
0.42520623824537024,8.663647443829044e-05,0.562060768186004,3.4695318262203328e-06,3.017484515174228e-08,0.7068658977084845,0.7073475826245114
0.4255105382453703,8.663647443829044e-05,0.562609168186004,3.4695318262203328e-06,3.017484515174228e-08,0.7068658977084845,0.7073475826245114
0.42581503824537026,8.663647443829044e-05,0.5631551681860041,3.4695318262203328e-06,3.017484515174228e-08,0.7068658977084845,0.7073475826245114
0.4261197382453703,8.663647443829044e-05,0.563698768186004,3.4695318262203328e-06,3.017484515174228e-08,0.7068658977084845,0.7073475826245114
0.42642463824537025,8.663647443829044e-05,0.5642399681860041,3.4695318262203328e-06,3.017484515174228e-08,0.7068658977084845,0.7073475826245114
0.4267297382453703,8.663647443829044e-05,0.564778768186004,3.4695318262203328e-06,3.017484515174228e-08,0.7068658977084845,0.7073475826245114
0.42703503824537026,8.663647443829044e-05,0.565315168186004,3.4695318262203328e-06,3.017484515174228e-08,0.7068658977084845,0.7073475826245114
0.42734053824537027,8.663647443829044e-05,0.5658491681860042,3.4695318262203328e-06,3.017484515174228e-08,0.7068658977084845,0.7073475826245114
0.4276462382453703,8.663647443829044e-05,0.566380768186004,3.4695318262203328e-06,3.017484515174228e-08,0.7068658977084845,0.7073475826245114
0.4279521382453703,8.663647443829044e-05,0.5669099681860041,3.4695318262203328e-06,3.017484515174228e-08,0.7068658977084845,0.7073475826245114
0.4282582382453703,8.663647443829044e-05,0.567436768186004,3.4695318262203328e-06,3.017484515174228e-08,0.7068658977084845,0.7073475826245114
0.4285645382453703,8.663647443829044e-05,0.5679611681860041,3.4695318262203328e-06,3.017484515174228e-08,0.7068658977084845,0.7073475826245114
0.42887103824537026,8.663647443829044e-05,0.5684831681860041,3.4695318262203328e-06,3.017484515174228e-08,0.7068658977084845,0.7073475826245114
0.4291777382453703,8.663647443829044e-05,0.569002768186004,3.4695318262203328e-06,3.017484515174228e-08,0.7068658977084845,0.7073475826245114
0.42948463824537025,8.663647443829044e-05,0.5695199681860041,3.4695318262203328e-06,3.017484515174228e-08,0.7068658977084845,0.7073475826245114
0.4297917382453703,8.663647443829044e-05,0.570034768186004,3.4695318262203328e-06,3.017484515174228e-08,0.7068658977084845,0.7073475826245114
0.43009903824537027,8.663647443829044e-05,0.570547168186004,3.4695318262203328e-06,3.017484515174228e-08,0.7068658977084845,0.7073475826245114
0.43040653824537023,8.663647443829044e-05,0.571057168186004,3.4695318262203328e-06,3.017484515174228e-08,0.7068658977084845,0.7073475826245114
0.43071423824537025,8.663647443829044e-05,0.571564768186004,3.4695318262203328e-06,3.017484515174228e-08,0.7068658977084845,0.7073475826245114
0.4310221382453703,8.663647443829044e-05,0.5720699681860041,3.4695318262203328e-06,3.017484515174228e-08,0.7068658977084845,0.7073475826245114
0.43133023824537026,8.663647443829044e-05,0.572572768186004,3.4695318262203328e-06,3.017484515174228e-08,0.7068658977084845,0.7073475826245114
0.43163853824537024,8.663647443829044e-05,0.5730731681860041,3.4695318262203328e-06,3.017484515174228e-08,0.7068658977084845,0.7073475826245114
0.4319470382453703,8.663647443829044e-05,0.5735711681860041,3.4695318262203328e-06,3.017484515174228e-08,0.7068658977084845,0.7073475826245114
0.4322557382453703,8.663647443829044e-05,0.5740667681860041,3.4695318262203328e-06,3.017484515174228e-08,0.7068658977084845,0.7073475826245114
0.4325646382453703,8.663647443829044e-05,0.5745599681860041,3.4695318262203328e-06,3.017484515174228e-08,0.7068658977084845,0.7073475826245114
0.43287373824537023,8.663647443829044e-05,0.575050768186004,3.4695318262203328e-06,3.017484515174228e-08,0.7068658977084845,0.7073475826245114
0.4331830382453703,8.663647443829044e-05,0.575539168186004,3.4695318262203328e-06,3.017484515174228e-08,0.7068658977084845,0.7073475826245114
0.4334925382453703,8.663647443829044e-05,0.576025168186004,3.4695318262203328e-06,3.017484515174228e-08,0.7068658977084845,0.7073475826245114
0.4338022382453703,8.663647443829044e-05,0.576508768186004,3.4695318262203328e-06,3.017484515174228e-08,0.7068658977084845,0.7073475826245114
0.43411213824537026,8.663647443829044e-05,0.576989968186004,3.4695318262203328e-06,3.017484515174228e-08,0.7068658977084845,0.7073475826245114
0.4344222382453703,8.663647443829044e-05,0.577468768186004,3.4695318262203328e-06,3.017484515174228e-08,0.7068658977084845,0.7073475826245114
0.4347325382453703,8.663647443829044e-05,0.577945168186004,3.4695318262203328e-06,3.017484515174228e-08,0.7068658977084845,0.7073475826245114
0.4350430382453703,8.663647443829044e-05,0.578419168186004,3.4695318262203328e-06,3.017484515174228e-08,0.7068658977084845,0.7073475826245114
0.43535373824537027,8.663647443829044e-05,0.578890768186004,3.4695318262203328e-06,3.017484515174228e-08,0.7068658977084845,0.7073475826245114
0.4356646382453703,8.663647443829044e-05,0.5793599681860041,3.4695318262203328e-06,3.017484515174228e-08,0.7068658977084845,0.7073475826245114
0.4359757382453703,8.663647443829044e-05,0.579826768186004,3.4695318262203328e-06,3.017484515174228e-08,0.7068658977084845,0.7073475826245114
0.4362870382453703,8.663647443829044e-05,0.5802911681860041,3.4695318262203328e-06,3.017484515174228e-08,0.7068658977084845,0.7073475826245114
0.43659853824537026,8.663647443829044e-05,0.5807531681860041,3.4695318262203328e-06,3.017484515174228e-08,0.7068658977084845,0.7073475826245114
0.4369102382453703,8.663647443829044e-05,0.5812127681860041,3.4695318262203328e-06,3.017484515174228e-08,0.7068658977084845,0.7073475826245114
0.4372221382453703,8.663647443829044e-05,0.581669968186004,3.4695318262203328e-06,3.017484515174228e-08,0.7068658977084845,0.7073475826245114
0.4375342382453703,8.663647443829044e-05,0.582124768186004,3.4695318262203328e-06,3.017484515174228e-08,0.7068658977084845,0.7073475826245114
0.43784653824537023,8.663647443829044e-05,0.5825771681860041,3.4695318262203328e-06,3.017484515174228e-08,0.7068658977084845,0.7073475826245114
0.4381590382453703,8.663647443829044e-05,0.583027168186004,3.4695318262203328e-06,3.017484515174228e-08,0.7068658977084845,0.7073475826245114
0.43847173824537033,8.663647443829044e-05,0.5834747681860041,3.4695318262203328e-06,3.017484515174228e-08,0.7068658977084845,0.7073475826245114
0.4387846382453703,8.663647443829044e-05,0.583919968186004,3.4695318262203328e-06,3.017484515174228e-08,0.7068658977084845,0.7073475826245114
0.43909773824537024,8.663647443829044e-05,0.584362768186004,3.4695318262203328e-06,3.017484515174228e-08,0.7068658977084845,0.7073475826245114
0.4394110382453703,8.663647443829044e-05,0.5848031681860041,3.4695318262203328e-06,3.017484515174228e-08,0.7068658977084845,0.7073475826245114
0.43972453824537033,8.663647443829044e-05,0.5852411681860041,3.4695318262203328e-06,3.017484515174228e-08,0.7068658977084845,0.7073475826245114
0.4400382382453703,8.663647443829044e-05,0.5856767681860041,3.4695318262203328e-06,3.017484515174228e-08,0.7068658977084845,0.7073475826245114
0.4403521382453703,8.663647443829044e-05,0.586109968186004,3.4695318262203328e-06,3.017484515174228e-08,0.7068658977084845,0.7073475826245114
0.44066623824537027,8.663647443829044e-05,0.586540768186004,3.4695318262203328e-06,3.017484515174228e-08,0.7068658977084845,0.7073475826245114
0.4409805382453703,8.663647443829044e-05,0.5869691681860041,3.4695318262203328e-06,3.017484515174228e-08,0.7068658977084845,0.7073475826245114
0.4412950382453703,8.663647443829044e-05,0.587395168186004,3.4695318262203328e-06,3.017484515174228e-08,0.7068658977084845,0.7073475826245114
0.44160973824537025,8.663647443829044e-05,0.5878187681860041,3.4695318262203328e-06,3.017484515174228e-08,0.7068658977084845,0.7073475826245114
0.4419246382453703,8.663647443829044e-05,0.588239968186004,3.4695318262203328e-06,3.017484515174228e-08,0.7068658977084845,0.7073475826245114
0.44223973824537033,8.663647443829044e-05,0.588658768186004,3.4695318262203328e-06,3.017484515174228e-08,0.7068658977084845,0.7073475826245114
0.4425550382453703,8.663647443829044e-05,0.5890751681860041,3.4695318262203328e-06,3.017484515174228e-08,0.7068658977084845,0.7073475826245114
0.44287053824537026,8.663647443829044e-05,0.589489168186004,3.4695318262203328e-06,3.017484515174228e-08,0.7068658977084845,0.7073475826245114
0.4431862382453703,8.663647443829044e-05,0.5899007681860041,3.4695318262203328e-06,3.017484515174228e-08,0.7068658977084845,0.7073475826245114
0.4435021382453703,8.663647443829044e-05,0.590309968186004,3.4695318262203328e-06,3.017484515174228e-08,0.7068658977084845,0.7073475826245114
0.4438182382453703,8.663647443829044e-05,0.590716768186004,3.4695318262203328e-06,3.017484515174228e-08,0.7068658977084845,0.7073475826245114
0.44413453824537025,8.663647443829044e-05,0.5911211681860041,3.4695318262203328e-06,3.017484515174228e-08,0.7068658977084845,0.7073475826245114
0.4444510382453703,8.663647443829044e-05,0.591523168186004,3.4695318262203328e-06,3.017484515174228e-08,0.7068658977084845,0.7073475826245114
0.44476773824537025,8.663647443829044e-05,0.5919227681860041,3.4695318262203328e-06,3.017484515174228e-08,0.7068658977084845,0.7073475826245114
0.4450846382453703,8.663647443829044e-05,0.5923199681860041,3.4695318262203328e-06,3.017484515174228e-08,0.7068658977084845,0.7073475826245114
0.44540173824537027,8.663647443829044e-05,0.5927147681860041,3.4695318262203328e-06,3.017484515174228e-08,0.7068658977084845,0.7073475826245114
0.4457190382453703,8.663647443829044e-05,0.5931071681860041,3.4695318262203328e-06,3.017484515174228e-08,0.7068658977084845,0.7073475826245114
0.44603653824537026,8.663647443829044e-05,0.593497168186004,3.4695318262203328e-06,3.017484515174228e-08,0.7068658977084845,0.7073475826245114
0.4463542382453703,8.663647443829044e-05,0.5938847681860041,3.4695318262203328e-06,3.017484515174228e-08,0.7068658977084845,0.7073475826245114
0.4466721382453703,8.663647443829044e-05,0.594269968186004,3.4695318262203328e-06,3.017484515174228e-08,0.7068658977084845,0.7073475826245114
0.4469902382453703,8.663647443829044e-05,0.5946527681860041,3.4695318262203328e-06,3.017484515174228e-08,0.7068658977084845,0.7073475826245114
0.44730853824537026,8.663647443829044e-05,0.595033168186004,3.4695318262203328e-06,3.017484515174228e-08,0.7068658977084845,0.7073475826245114
0.4476270382453703,8.663647443829044e-05,0.595411168186004,3.4695318262203328e-06,3.017484515174228e-08,0.7068658977084845,0.7073475826245114
0.44794573824537026,8.663647443829044e-05,0.5957867681860041,3.4695318262203328e-06,3.017484515174228e-08,0.7068658977084845,0.7073475826245114
0.44826463824537033,8.663647443829044e-05,0.596159968186004,3.4695318262203328e-06,3.017484515174228e-08,0.7068658977084845,0.7073475826245114
0.4485837382453703,8.663647443829044e-05,0.596530768186004,3.4695318262203328e-06,3.017484515174228e-08,0.7068658977084845,0.7073475826245114
0.4489030382453703,8.663647443829044e-05,0.5968991681860041,3.4695318262203328e-06,3.017484515174228e-08,0.7068658977084845,0.7073475826245114
0.4492225382453703,8.663647443829044e-05,0.597265168186004,3.4695318262203328e-06,3.017484515174228e-08,0.7068658977084845,0.7073475826245114
0.4495422382453703,8.663647443829044e-05,0.5976287681860041,3.4695318262203328e-06,3.017484515174228e-08,0.7068658977084845,0.7073475826245114
0.4498621382453703,8.663647443829044e-05,0.5979899681860039,3.4695318262203328e-06,3.017484515174228e-08,0.7068658977084845,0.7073475826245114
0.4501822382453703,8.663647443829044e-05,0.598348768186004,3.4695318262203328e-06,3.017484515174228e-08,0.7068658977084845,0.7073475826245114
0.4505025382453703,8.663647443829044e-05,0.598705168186004,3.4695318262203328e-06,3.017484515174228e-08,0.7068658977084845,0.7073475826245114
0.4508230382453703,8.663647443829044e-05,0.599059168186004,3.4695318262203328e-06,3.017484515174228e-08,0.7068658977084845,0.7073475826245114
0.4511437382453703,8.663647443829044e-05,0.5994107681860041,3.4695318262203328e-06,3.017484515174228e-08,0.7068658977084845,0.7073475826245114
0.4514646382453703,8.663647443829044e-05,0.5997599681860041,3.4695318262203328e-06,3.017484515174228e-08,0.7068658977084845,0.7073475826245114
0.45178573824537027,8.663647443829044e-05,0.6001067681860041,3.4695318262203328e-06,3.017484515174228e-08,0.7068658977084845,0.7073475826245114
0.4521070382453703,8.663647443829044e-05,0.6004511681860041,3.4695318262203328e-06,3.017484515174228e-08,0.7068658977084845,0.7073475826245114
0.45242853824537027,8.663647443829044e-05,0.600793168186004,3.4695318262203328e-06,3.017484515174228e-08,0.7068658977084845,0.7073475826245114
0.4527502382453703,8.663647443829044e-05,0.601132768186004,3.4695318262203328e-06,3.017484515174228e-08,0.7068658977084845,0.7073475826245114
0.4530721382453703,8.663647443829044e-05,0.601469968186004,3.4695318262203328e-06,3.017484515174228e-08,0.7068658977084845,0.7073475826245114
0.4533942382453703,8.663647443829044e-05,0.6018047681860041,3.4695318262203328e-06,3.017484515174228e-08,0.7068658977084845,0.7073475826245114
0.4537165382453703,8.663647443829044e-05,0.602137168186004,3.4695318262203328e-06,3.017484515174228e-08,0.7068658977084845,0.7073475826245114
0.45403903824537034,8.663647443829044e-05,0.6024671681860041,3.4695318262203328e-06,3.017484515174228e-08,0.7068658977084845,0.7073475826245114
0.4543617382453703,8.663647443829044e-05,0.6027947681860041,3.4695318262203328e-06,3.017484515174228e-08,0.7068658977084845,0.7073475826245114
0.45468463824537025,8.663647443829044e-05,0.603119968186004,3.4695318262203328e-06,3.017484515174228e-08,0.7068658977084845,0.7073475826245114
0.4550077382453703,8.663647443829044e-05,0.6034427681860041,3.4695318262203328e-06,3.017484515174228e-08,0.7068658977084845,0.7073475826245114
0.4553310382453703,8.663647443829044e-05,0.603763168186004,3.4695318262203328e-06,3.017484515174228e-08,0.7068658977084845,0.7073475826245114
0.4556545382453703,8.663647443829044e-05,0.6040811681860041,3.4695318262203328e-06,3.017484515174228e-08,0.7068658977084845,0.7073475826245114
0.4559782382453702,8.663647443829044e-05,0.6043967681860041,3.4695318262203328e-06,3.017484515174228e-08,0.7068658977084845,0.7073475826245114
0.45630213824537025,8.663647443829044e-05,0.604709968186004,3.4695318262203328e-06,3.017484515174228e-08,0.7068658977084845,0.7073475826245114
0.45662623824537024,8.663647443829044e-05,0.6050207681860041,3.4695318262203328e-06,3.017484515174228e-08,0.7068658977084845,0.7073475826245114
0.45695053824537024,8.663647443829044e-05,0.605329168186004,3.4695318262203328e-06,3.017484515174228e-08,0.7068658977084845,0.7073475826245114
0.4572750382453702,8.663647443829044e-05,0.605635168186004,3.4695318262203328e-06,3.017484515174228e-08,0.7068658977084845,0.7073475826245114
0.45759973824537026,8.663647443829044e-05,0.6059387681860041,3.4695318262203328e-06,3.017484515174228e-08,0.7068658977084845,0.7073475826245114
0.4579246382453703,8.663647443829044e-05,0.606239968186004,3.4695318262203328e-06,3.017484515174228e-08,0.7068658977084845,0.7073475826245114
0.45824973824537024,8.663647443829044e-05,0.606538768186004,3.4695318262203328e-06,3.017484515174228e-08,0.7068658977084845,0.7073475826245114
0.4585750382453702,8.663647443829044e-05,0.606835168186004,3.4695318262203328e-06,3.017484515174228e-08,0.7068658977084845,0.7073475826245114
0.45890053824537025,8.663647443829044e-05,0.607129168186004,3.4695318262203328e-06,3.017484515174228e-08,0.7068658977084845,0.7073475826245114
0.4592262382453703,8.663647443829044e-05,0.607420768186004,3.4695318262203328e-06,3.017484515174228e-08,0.7068658977084845,0.7073475826245114
0.4595521382453702,8.663647443829044e-05,0.607709968186004,3.4695318262203328e-06,3.017484515174228e-08,0.7068658977084845,0.7073475826245114
0.4598782382453702,8.663647443829044e-05,0.6079967681860041,3.4695318262203328e-06,3.017484515174228e-08,0.7068658977084845,0.7073475826245114
0.4602045382453702,8.663647443829044e-05,0.6082811681860041,3.4695318262203328e-06,3.017484515174228e-08,0.7068658977084845,0.7073475826245114
0.4605310382453703,8.663647443829044e-05,0.6085631681860041,3.4695318262203328e-06,3.017484515174228e-08,0.7068658977084845,0.7073475826245114
0.46085773824537024,8.663647443829044e-05,0.608842768186004,3.4695318262203328e-06,3.017484515174228e-08,0.7068658977084845,0.7073475826245114
0.4611846382453702,8.663647443829044e-05,0.609119968186004,3.4695318262203328e-06,3.017484515174228e-08,0.7068658977084845,0.7073475826245114
0.46151173824537023,8.663647443829044e-05,0.609394768186004,3.4695318262203328e-06,3.017484515174228e-08,0.7068658977084845,0.7073475826245114
0.46183903824537026,8.663647443829044e-05,0.609667168186004,3.4695318262203328e-06,3.017484515174228e-08,0.7068658977084845,0.7073475826245114
0.46216653824537024,8.663647443829044e-05,0.6099371681860041,3.4695318262203328e-06,3.017484515174228e-08,0.7068658977084845,0.7073475826245114
0.4624942382453702,8.663647443829044e-05,0.610204768186004,3.4695318262203328e-06,3.017484515174228e-08,0.7068658977084845,0.7073475826245114
0.4628221382453703,8.663647443829044e-05,0.6104699681860041,3.4695318262203328e-06,3.017484515174228e-08,0.7068658977084845,0.7073475826245114
0.46315023824537027,8.663647443829044e-05,0.6107327681860041,3.4695318262203328e-06,3.017484515174228e-08,0.7068658977084845,0.7073475826245114
0.4634785382453703,8.663647443829044e-05,0.610993168186004,3.4695318262203328e-06,3.017484515174228e-08,0.7068658977084845,0.7073475826245114
0.46380703824537023,8.663647443829044e-05,0.611251168186004,3.4695318262203328e-06,3.017484515174228e-08,0.7068658977084845,0.7073475826245114
0.46413573824537024,8.663647443829044e-05,0.611506768186004,3.4695318262203328e-06,3.017484515174228e-08,0.7068658977084845,0.7073475826245114
0.4644646382453702,8.663647443829044e-05,0.611759968186004,3.4695318262203328e-06,3.017484515174228e-08,0.7068658977084845,0.7073475826245114
0.46479373824537024,8.663647443829044e-05,0.6120107681860041,3.4695318262203328e-06,3.017484515174228e-08,0.7068658977084845,0.7073475826245114
0.4651230382453702,8.663647443829044e-05,0.612259168186004,3.4695318262203328e-06,3.017484515174228e-08,0.7068658977084845,0.7073475826245114
0.46545253824537025,8.663647443829044e-05,0.6125051681860041,3.4695318262203328e-06,3.017484515174228e-08,0.7068658977084845,0.7073475826245114
0.46578223824537024,8.663647443829044e-05,0.612748768186004,3.4695318262203328e-06,3.017484515174228e-08,0.7068658977084845,0.7073475826245114
0.46611213824537023,8.663647443829044e-05,0.612989968186004,3.4695318262203328e-06,3.017484515174228e-08,0.7068658977084845,0.7073475826245114
0.46644223824537023,8.663647443829044e-05,0.613228768186004,3.4695318262203328e-06,3.017484515174228e-08,0.7068658977084845,0.7073475826245114
0.46677253824537024,8.663647443829044e-05,0.613465168186004,3.4695318262203328e-06,3.017484515174228e-08,0.7068658977084845,0.7073475826245114
0.46710303824537025,8.663647443829044e-05,0.613699168186004,3.4695318262203328e-06,3.017484515174228e-08,0.7068658977084845,0.7073475826245114
0.46743373824537027,8.663647443829044e-05,0.613930768186004,3.4695318262203328e-06,3.017484515174228e-08,0.7068658977084845,0.7073475826245114
0.46776463824537023,8.663647443829044e-05,0.614159968186004,3.4695318262203328e-06,3.017484515174228e-08,0.7068658977084845,0.7073475826245114
0.46809573824537026,8.663647443829044e-05,0.6143867681860041,3.4695318262203328e-06,3.017484515174228e-08,0.7068658977084845,0.7073475826245114
0.46842703824537024,8.663647443829044e-05,0.614611168186004,3.4695318262203328e-06,3.017484515174228e-08,0.7068658977084845,0.7073475826245114
0.4687585382453703,8.663647443829044e-05,0.6148331681860041,3.4695318262203328e-06,3.017484515174228e-08,0.7068658977084845,0.7073475826245114
0.4690902382453702,8.663647443829044e-05,0.615052768186004,3.4695318262203328e-06,3.017484515174228e-08,0.7068658977084845,0.7073475826245114
0.4694221382453702,8.663647443829044e-05,0.6152699681860041,3.4695318262203328e-06,3.017484515174228e-08,0.7068658977084845,0.7073475826245114
0.4697542382453702,8.663647443829044e-05,0.6154847681860041,3.4695318262203328e-06,3.017484515174228e-08,0.7068658977084845,0.7073475826245114
0.4700865382453703,8.663647443829044e-05,0.6156971681860041,3.4695318262203328e-06,3.017484515174228e-08,0.7068658977084845,0.7073475826245114
0.47041903824537024,8.663647443829044e-05,0.6159071681860041,3.4695318262203328e-06,3.017484515174228e-08,0.7068658977084845,0.7073475826245114
0.4707517382453702,8.663647443829044e-05,0.616114768186004,3.4695318262203328e-06,3.017484515174228e-08,0.7068658977084845,0.7073475826245114
0.4710846382453702,8.663647443829044e-05,0.616319968186004,3.4695318262203328e-06,3.017484515174228e-08,0.7068658977084845,0.7073475826245114
0.47141773824537025,8.663647443829044e-05,0.616522768186004,3.4695318262203328e-06,3.017484515174228e-08,0.7068658977084845,0.7073475826245114
0.47175103824537024,8.663647443829044e-05,0.616723168186004,3.4695318262203328e-06,3.017484515174228e-08,0.7068658977084845,0.7073475826245114
0.4720845382453702,8.663647443829044e-05,0.6169211681860041,3.4695318262203328e-06,3.017484515174228e-08,0.7068658977084845,0.7073475826245114
0.47241823824537027,8.663647443829044e-05,0.617116768186004,3.4695318262203328e-06,3.017484515174228e-08,0.7068658977084845,0.7073475826245114
0.47275213824537027,8.663647443829044e-05,0.617309968186004,3.4695318262203328e-06,3.017484515174228e-08,0.7068658977084845,0.7073475826245114
0.47308623824537027,8.663647443829044e-05,0.6175007681860041,3.4695318262203328e-06,3.017484515174228e-08,0.7068658977084845,0.7073475826245114
0.4734205382453702,8.663647443829044e-05,0.6176891681860041,3.4695318262203328e-06,3.017484515174228e-08,0.7068658977084845,0.7073475826245114
0.47375503824537024,8.663647443829044e-05,0.6178751681860041,3.4695318262203328e-06,3.017484515174228e-08,0.7068658977084845,0.7073475826245114
0.47408973824537026,8.663647443829044e-05,0.618058768186004,3.4695318262203328e-06,3.017484515174228e-08,0.7068658977084845,0.7073475826245114
0.47442463824537023,8.663647443829044e-05,0.618239968186004,3.4695318262203328e-06,3.017484515174228e-08,0.7068658977084845,0.7073475826245114
0.4747597382453702,8.663647443829044e-05,0.618418768186004,3.4695318262203328e-06,3.017484515174228e-08,0.7068658977084845,0.7073475826245114
0.47509503824537025,8.663647443829044e-05,0.6185951681860041,3.4695318262203328e-06,3.017484515174228e-08,0.7068658977084845,0.7073475826245114
0.4754305382453703,8.663647443829044e-05,0.6187691681860041,3.4695318262203328e-06,3.017484515174228e-08,0.7068658977084845,0.7073475826245114
0.47576623824537023,8.663647443829044e-05,0.618940768186004,3.4695318262203328e-06,3.017484515174228e-08,0.7068658977084845,0.7073475826245114
0.47610213824537023,8.663647443829044e-05,0.619109968186004,3.4695318262203328e-06,3.017484515174228e-08,0.7068658977084845,0.7073475826245114
0.47643823824537024,8.663647443829044e-05,0.6192767681860041,3.4695318262203328e-06,3.017484515174228e-08,0.7068658977084845,0.7073475826245114
0.4767745382453703,8.663647443829044e-05,0.619441168186004,3.4695318262203328e-06,3.017484515174228e-08,0.7068658977084845,0.7073475826245114
0.47711103824537027,8.663647443829044e-05,0.619603168186004,3.4695318262203328e-06,3.017484515174228e-08,0.7068658977084845,0.7073475826245114
0.47744773824537023,8.663647443829044e-05,0.6197627681860041,3.4695318262203328e-06,3.017484515174228e-08,0.7068658977084845,0.7073475826245114
0.47778463824537026,8.663647443829044e-05,0.619919968186004,3.4695318262203328e-06,3.017484515174228e-08,0.7068658977084845,0.7073475826245114
0.4781217382453703,8.663647443829044e-05,0.620074768186004,3.4695318262203328e-06,3.017484515174228e-08,0.7068658977084845,0.7073475826245114
0.4784590382453703,8.663647443829044e-05,0.6202271681860041,3.4695318262203328e-06,3.017484515174228e-08,0.7068658977084845,0.7073475826245114
0.4787965382453702,8.663647443829044e-05,0.620377168186004,3.4695318262203328e-06,3.017484515174228e-08,0.7068658977084845,0.7073475826245114
0.47913423824537027,8.663647443829044e-05,0.620524768186004,3.4695318262203328e-06,3.017484515174228e-08,0.7068658977084845,0.7073475826245114
0.47947213824537027,8.663647443829044e-05,0.6206699681860041,3.4695318262203328e-06,3.017484515174228e-08,0.7068658977084845,0.7073475826245114
0.4798102382453703,8.663647443829044e-05,0.6208127681860041,3.4695318262203328e-06,3.017484515174228e-08,0.7068658977084845,0.7073475826245114
0.48014853824537024,8.663647443829044e-05,0.6209531681860041,3.4695318262203328e-06,3.017484515174228e-08,0.7068658977084845,0.7073475826245114
0.48048703824537026,8.663647443829044e-05,0.6210911681860041,3.4695318262203328e-06,3.017484515174228e-08,0.7068658977084845,0.7073475826245114
0.4808257382453703,8.663647443829044e-05,0.6212267681860041,3.4695318262203328e-06,3.017484515174228e-08,0.7068658977084845,0.7073475826245114
0.48116463824537026,8.663647443829044e-05,0.621359968186004,3.4695318262203328e-06,3.017484515174228e-08,0.7068658977084845,0.7073475826245114
0.48150373824537024,8.663647443829044e-05,0.621490768186004,3.4695318262203328e-06,3.017484515174228e-08,0.7068658977084845,0.7073475826245114
0.4818430382453703,8.663647443829044e-05,0.621619168186004,3.4695318262203328e-06,3.017484515174228e-08,0.7068658977084845,0.7073475826245114
0.4821825382453703,8.663647443829044e-05,0.621745168186004,3.4695318262203328e-06,3.017484515174228e-08,0.7068658977084845,0.7073475826245114
0.48252223824537027,8.663647443829044e-05,0.621868768186004,3.4695318262203328e-06,3.017484515174228e-08,0.7068658977084845,0.7073475826245114
0.4828621382453702,8.663647443829044e-05,0.6219899681860039,3.4695318262203328e-06,3.017484515174228e-08,0.7068658977084845,0.7073475826245114
0.4832022382453703,8.663647443829044e-05,0.622108768186004,3.4695318262203328e-06,3.017484515174228e-08,0.7068658977084845,0.7073475826245114
0.4835425382453703,8.663647443829044e-05,0.622225168186004,3.4695318262203328e-06,3.017484515174228e-08,0.7068658977084845,0.7073475826245114
0.48388303824537027,8.663647443829044e-05,0.622339168186004,3.4695318262203328e-06,3.017484515174228e-08,0.7068658977084845,0.7073475826245114
0.48422373824537024,8.663647443829044e-05,0.6224507681860041,3.4695318262203328e-06,3.017484515174228e-08,0.7068658977084845,0.7073475826245114
0.48456463824537027,8.663647443829044e-05,0.622559968186004,3.4695318262203328e-06,3.017484515174228e-08,0.7068658977084845,0.7073475826245114
0.4849057382453703,8.663647443829044e-05,0.6226667681860041,3.4695318262203328e-06,3.017484515174228e-08,0.7068658977084845,0.7073475826245114
0.48524703824537024,8.663647443829044e-05,0.622771168186004,3.4695318262203328e-06,3.017484515174228e-08,0.7068658977084845,0.7073475826245114
0.48558853824537024,8.663647443829044e-05,0.622873168186004,3.4695318262203328e-06,3.017484515174228e-08,0.7068658977084845,0.7073475826245114
0.4859302382453703,8.663647443829044e-05,0.622972768186004,3.4695318262203328e-06,3.017484515174228e-08,0.7068658977084845,0.7073475826245114
0.4862721382453703,8.663647443829044e-05,0.6230699681860041,3.4695318262203328e-06,3.017484515174228e-08,0.7068658977084845,0.7073475826245114
0.48661423824537026,8.663647443829044e-05,0.6231647681860041,3.4695318262203328e-06,3.017484515174228e-08,0.7068658977084845,0.7073475826245114
0.4869565382453703,8.663647443829044e-05,0.6232571681860041,3.4695318262203328e-06,3.017484515174228e-08,0.7068658977084845,0.7073475826245114
0.4872990382453703,8.663647443829044e-05,0.6233471681860041,3.4695318262203328e-06,3.017484515174228e-08,0.7068658977084845,0.7073475826245114
0.48764173824537027,8.663647443829044e-05,0.6234347681860041,3.4695318262203328e-06,3.017484515174228e-08,0.7068658977084845,0.7073475826245114
0.48798463824537025,8.663647443829044e-05,0.6235199681860041,3.4695318262203328e-06,3.017484515174228e-08,0.7068658977084845,0.7073475826245114
0.48832773824537024,8.663647443829044e-05,0.6236027681860041,3.4695318262203328e-06,3.017484515174228e-08,0.7068658977084845,0.7073475826245114
0.4886710382453703,8.663647443829044e-05,0.623683168186004,3.4695318262203328e-06,3.017484515174228e-08,0.7068658977084845,0.7073475826245114
0.4890145382453702,8.663647443829044e-05,0.623761168186004,3.4695318262203328e-06,3.017484515174228e-08,0.7068658977084845,0.7073475826245114
0.4893582382453703,8.663647443829044e-05,0.623836768186004,3.4695318262203328e-06,3.017484515174228e-08,0.7068658977084845,0.7073475826245114
0.48970213824537023,8.663647443829044e-05,0.623909968186004,3.4695318262203328e-06,3.017484515174228e-08,0.7068658977084845,0.7073475826245114
0.4900462382453703,8.663647443829044e-05,0.623980768186004,3.4695318262203328e-06,3.017484515174228e-08,0.7068658977084845,0.7073475826245114
0.49039053824537027,8.663647443829044e-05,0.6240491681860041,3.4695318262203328e-06,3.017484515174228e-08,0.7068658977084845,0.7073475826245114
0.4907350382453703,8.663647443829044e-05,0.624115168186004,3.4695318262203328e-06,3.017484515174228e-08,0.7068658977084845,0.7073475826245114
0.49107973824537027,8.663647443829044e-05,0.624178768186004,3.4695318262203328e-06,3.017484515174228e-08,0.7068658977084845,0.7073475826245114
0.4914246382453703,8.663647443829044e-05,0.624239968186004,3.4695318262203328e-06,3.017484515174228e-08,0.7068658977084845,0.7073475826245114
0.49176973824537024,8.663647443829044e-05,0.624298768186004,3.4695318262203328e-06,3.017484515174228e-08,0.7068658977084845,0.7073475826245114
0.4921150382453703,8.663647443829044e-05,0.624355168186004,3.4695318262203328e-06,3.017484515174228e-08,0.7068658977084845,0.7073475826245114
0.4924605382453703,8.663647443829044e-05,0.624409168186004,3.4695318262203328e-06,3.017484515174228e-08,0.7068658977084845,0.7073475826245114
0.49280623824537023,8.663647443829044e-05,0.6244607681860042,3.4695318262203328e-06,3.017484515174228e-08,0.7068658977084845,0.7073475826245114
0.49315213824537024,8.663647443829044e-05,0.624509968186004,3.4695318262203328e-06,3.017484515174228e-08,0.7068658977084845,0.7073475826245114
0.4934982382453703,8.663647443829044e-05,0.624556768186004,3.4695318262203328e-06,3.017484515174228e-08,0.7068658977084845,0.7073475826245114
0.4938445382453703,8.663647443829044e-05,0.6246011681860041,3.4695318262203328e-06,3.017484515174228e-08,0.7068658977084845,0.7073475826245114
0.49419103824537025,8.663647443829044e-05,0.6246431681860041,3.4695318262203328e-06,3.017484515174228e-08,0.7068658977084845,0.7073475826245114
0.4945377382453703,8.663647443829044e-05,0.6246827681860041,3.4695318262203328e-06,3.017484515174228e-08,0.7068658977084845,0.7073475826245114
0.4948846382453703,8.663647443829044e-05,0.6247199681860041,3.4695318262203328e-06,3.017484515174228e-08,0.7068658977084845,0.7073475826245114
0.49523173824537026,8.663647443829044e-05,0.624754768186004,3.4695318262203328e-06,3.017484515174228e-08,0.7068658977084845,0.7073475826245114
0.49557903824537025,8.663647443829044e-05,0.624787168186004,3.4695318262203328e-06,3.017484515174228e-08,0.7068658977084845,0.7073475826245114
0.49592653824537025,8.663647443829044e-05,0.624817168186004,3.4695318262203328e-06,3.017484515174228e-08,0.7068658977084845,0.7073475826245114
0.4962742382453703,8.663647443829044e-05,0.6248447681860041,3.4695318262203328e-06,3.017484515174228e-08,0.7068658977084845,0.7073475826245114
0.49662213824537027,8.663647443829044e-05,0.6248699681860039,3.4695318262203328e-06,3.017484515174228e-08,0.7068658977084845,0.7073475826245114
0.49697023824537023,8.663647443829044e-05,0.624892768186004,3.4695318262203328e-06,3.017484515174228e-08,0.7068658977084845,0.7073475826245114
0.49731853824537026,8.663647443829044e-05,0.6249131681860041,3.4695318262203328e-06,3.017484515174228e-08,0.7068658977084845,0.7073475826245114
0.49766703824537023,8.663647443829044e-05,0.624931168186004,3.4695318262203328e-06,3.017484515174228e-08,0.7068658977084845,0.7073475826245114
0.49801573824537027,8.663647443829044e-05,0.624946768186004,3.4695318262203328e-06,3.017484515174228e-08,0.7068658977084845,0.7073475826245114
0.49836463824537025,8.663647443829044e-05,0.6249599681860041,3.4695318262203328e-06,3.017484515174228e-08,0.7068658977084845,0.7073475826245114
0.4987137382453703,8.663647443829044e-05,0.6249707681860039,3.4695318262203328e-06,3.017484515174228e-08,0.7068658977084845,0.7073475826245114
0.49906303824537024,8.663647443829044e-05,0.6249791681860041,3.4695318262203328e-06,3.017484515174228e-08,0.7068658977084845,0.7073475826245114
0.4994125382453703,8.663647443829044e-05,0.6249851681860041,3.4695318262203328e-06,3.017484515174228e-08,0.7068658977084845,0.7073475826245114
0.49976223824537025,8.663647443829044e-05,0.624988768186004,3.4695318262203328e-06,3.017484515174228e-08,0.7068658977084845,0.7073475826245114
0.5001121382453703,8.663647443829044e-05,0.624989968186004,3.4695318262203328e-06,3.017484515174228e-08,0.7068658977084845,0.7073475826245114
0.5004622382453702,8.663647443829044e-05,0.624988768186004,3.4695318262203328e-06,3.017484515174228e-08,0.7068658977084845,0.7073475826245114
0.5008125382453703,8.663647443829044e-05,0.624985168186004,3.4695318262203328e-06,3.017484515174228e-08,0.7068658977084845,0.7073475826245114
0.5011630382453702,8.663647443829044e-05,0.6249791681860041,3.4695318262203328e-06,3.017484515174228e-08,0.7068658977084845,0.7073475826245114
0.5015137382453703,8.663647443829044e-05,0.624970768186004,3.4695318262203328e-06,3.017484515174228e-08,0.7068658977084845,0.7073475826245114
0.5018646382453703,8.663647443829044e-05,0.6249599681860041,3.4695318262203328e-06,3.017484515174228e-08,0.7068658977084845,0.7073475826245114
0.5022157382453702,8.663647443829044e-05,0.624946768186004,3.4695318262203328e-06,3.017484515174228e-08,0.7068658977084845,0.7073475826245114
0.5025670382453703,8.663647443829044e-05,0.624931168186004,3.4695318262203328e-06,3.017484515174228e-08,0.7068658977084845,0.7073475826245114
0.5029185382453703,8.663647443829044e-05,0.6249131681860041,3.4695318262203328e-06,3.017484515174228e-08,0.7068658977084845,0.7073475826245114
0.5032702382453702,8.663647443829044e-05,0.624892768186004,3.4695318262203328e-06,3.017484515174228e-08,0.7068658977084845,0.7073475826245114
0.5036221382453703,8.663647443829044e-05,0.624869968186004,3.4695318262203328e-06,3.017484515174228e-08,0.7068658977084845,0.7073475826245114
0.5039742382453702,8.663647443829044e-05,0.6248447681860041,3.4695318262203328e-06,3.017484515174228e-08,0.7068658977084845,0.7073475826245114
0.5043265382453702,8.663647443829044e-05,0.6248171681860041,3.4695318262203328e-06,3.017484515174228e-08,0.7068658977084845,0.7073475826245114
0.5046790382453702,8.663647443829044e-05,0.6247871681860041,3.4695318262203328e-06,3.017484515174228e-08,0.7068658977084845,0.7073475826245114
0.5050317382453703,8.663647443829044e-05,0.6247547681860041,3.4695318262203328e-06,3.017484515174228e-08,0.7068658977084845,0.7073475826245114
0.5053846382453703,8.663647443829044e-05,0.6247199681860041,3.4695318262203328e-06,3.017484515174228e-08,0.7068658977084845,0.7073475826245114
0.5057377382453703,8.663647443829044e-05,0.6246827681860041,3.4695318262203328e-06,3.017484515174228e-08,0.7068658977084845,0.7073475826245114
0.5060910382453703,8.663647443829044e-05,0.6246431681860041,3.4695318262203328e-06,3.017484515174228e-08,0.7068658977084845,0.7073475826245114
0.5064445382453703,8.663647443829044e-05,0.6246011681860041,3.4695318262203328e-06,3.017484515174228e-08,0.7068658977084845,0.7073475826245114
0.5067982382453703,8.663647443829044e-05,0.624556768186004,3.4695318262203328e-06,3.017484515174228e-08,0.7068658977084845,0.7073475826245114
0.5071521382453703,8.663647443829044e-05,0.624509968186004,3.4695318262203328e-06,3.017484515174228e-08,0.7068658977084845,0.7073475826245114
0.5075062382453702,8.663647443829044e-05,0.624460768186004,3.4695318262203328e-06,3.017484515174228e-08,0.7068658977084845,0.7073475826245114
0.5078605382453703,8.663647443829044e-05,0.624409168186004,3.4695318262203328e-06,3.017484515174228e-08,0.7068658977084845,0.7073475826245114
0.5082150382453703,8.663647443829044e-05,0.624355168186004,3.4695318262203328e-06,3.017484515174228e-08,0.7068658977084845,0.7073475826245114
0.5085697382453702,8.663647443829044e-05,0.624298768186004,3.4695318262203328e-06,3.017484515174228e-08,0.7068658977084845,0.7073475826245114
0.5089246382453703,8.663647443829044e-05,0.624239968186004,3.4695318262203328e-06,3.017484515174228e-08,0.7068658977084845,0.7073475826245114
0.5092797382453702,8.663647443829044e-05,0.624178768186004,3.4695318262203328e-06,3.017484515174228e-08,0.7068658977084845,0.7073475826245114
0.5096350382453704,8.663647443829044e-05,0.6241151681860041,3.4695318262203328e-06,3.017484515174228e-08,0.7068658977084845,0.7073475826245114
0.5099905382453703,8.663647443829044e-05,0.6240491681860041,3.4695318262203328e-06,3.017484515174228e-08,0.7068658977084845,0.7073475826245114
0.5103462382453703,8.663647443829044e-05,0.623980768186004,3.4695318262203328e-06,3.017484515174228e-08,0.7068658977084845,0.7073475826245114
0.5107021382453703,8.663647443829044e-05,0.6239099681860041,3.4695318262203328e-06,3.017484515174228e-08,0.7068658977084845,0.7073475826245114
0.5110582382453703,8.663647443829044e-05,0.6238367681860041,3.4695318262203328e-06,3.017484515174228e-08,0.7068658977084845,0.7073475826245114
0.5114145382453702,8.663647443829044e-05,0.623761168186004,3.4695318262203328e-06,3.017484515174228e-08,0.7068658977084845,0.7073475826245114
0.5117710382453702,8.663647443829044e-05,0.623683168186004,3.4695318262203328e-06,3.017484515174228e-08,0.7068658977084845,0.7073475826245114
0.5121277382453703,8.663647443829044e-05,0.623602768186004,3.4695318262203328e-06,3.017484515174228e-08,0.7068658977084845,0.7073475826245114
0.5124846382453703,8.663647443829044e-05,0.6235199681860041,3.4695318262203328e-06,3.017484515174228e-08,0.7068658977084845,0.7073475826245114
0.5128417382453703,8.663647443829044e-05,0.6234347681860041,3.4695318262203328e-06,3.017484515174228e-08,0.7068658977084845,0.7073475826245114
0.5131990382453703,8.663647443829044e-05,0.623347168186004,3.4695318262203328e-06,3.017484515174228e-08,0.7068658977084845,0.7073475826245114
0.5135565382453703,8.663647443829044e-05,0.6232571681860041,3.4695318262203328e-06,3.017484515174228e-08,0.7068658977084845,0.7073475826245114
0.5139142382453702,8.663647443829044e-05,0.6231647681860041,3.4695318262203328e-06,3.017484515174228e-08,0.7068658977084845,0.7073475826245114
0.5142721382453703,8.663647443829044e-05,0.623069968186004,3.4695318262203328e-06,3.017484515174228e-08,0.7068658977084845,0.7073475826245114
0.5146302382453702,8.663647443829044e-05,0.622972768186004,3.4695318262203328e-06,3.017484515174228e-08,0.7068658977084845,0.7073475826245114
0.5149885382453703,8.663647443829044e-05,0.622873168186004,3.4695318262203328e-06,3.017484515174228e-08,0.7068658977084845,0.7073475826245114
0.5153470382453703,8.663647443829044e-05,0.6227711681860041,3.4695318262203328e-06,3.017484515174228e-08,0.7068658977084845,0.7073475826245114
0.5157057382453702,8.663647443829044e-05,0.6226667681860041,3.4695318262203328e-06,3.017484515174228e-08,0.7068658977084845,0.7073475826245114
0.5160646382453703,8.663647443829044e-05,0.622559968186004,3.4695318262203328e-06,3.017484515174228e-08,0.7068658977084845,0.7073475826245114
0.5164237382453702,8.663647443829044e-05,0.6224507681860041,3.4695318262203328e-06,3.017484515174228e-08,0.7068658977084845,0.7073475826245114
0.5167830382453702,8.663647443829044e-05,0.6223391681860041,3.4695318262203328e-06,3.017484515174228e-08,0.7068658977084845,0.7073475826245114
0.5171425382453703,8.663647443829044e-05,0.622225168186004,3.4695318262203328e-06,3.017484515174228e-08,0.7068658977084845,0.7073475826245114
0.5175022382453702,8.663647443829044e-05,0.622108768186004,3.4695318262203328e-06,3.017484515174228e-08,0.7068658977084845,0.7073475826245114
0.5178621382453702,8.663647443829044e-05,0.621989968186004,3.4695318262203328e-06,3.017484515174228e-08,0.7068658977084845,0.7073475826245114
0.5182222382453703,8.663647443829044e-05,0.621868768186004,3.4695318262203328e-06,3.017484515174228e-08,0.7068658977084845,0.7073475826245114
0.5185825382453703,8.663647443829044e-05,0.621745168186004,3.4695318262203328e-06,3.017484515174228e-08,0.7068658977084845,0.7073475826245114
0.5189430382453702,8.663647443829044e-05,0.621619168186004,3.4695318262203328e-06,3.017484515174228e-08,0.7068658977084845,0.7073475826245114
0.5193037382453702,8.663647443829044e-05,0.621490768186004,3.4695318262203328e-06,3.017484515174228e-08,0.7068658977084845,0.7073475826245114
0.5196646382453702,8.663647443829044e-05,0.621359968186004,3.4695318262203328e-06,3.017484515174228e-08,0.7068658977084845,0.7073475826245114
0.5200257382453704,8.663647443829044e-05,0.6212267681860041,3.4695318262203328e-06,3.017484515174228e-08,0.7068658977084845,0.7073475826245114
0.5203870382453702,8.663647443829044e-05,0.6210911681860041,3.4695318262203328e-06,3.017484515174228e-08,0.7068658977084845,0.7073475826245114
0.5207485382453703,8.663647443829044e-05,0.6209531681860041,3.4695318262203328e-06,3.017484515174228e-08,0.7068658977084845,0.7073475826245114
0.5211102382453702,8.663647443829044e-05,0.6208127681860041,3.4695318262203328e-06,3.017484515174228e-08,0.7068658977084845,0.7073475826245114
0.5214721382453703,8.663647443829044e-05,0.6206699681860041,3.4695318262203328e-06,3.017484515174228e-08,0.7068658977084845,0.7073475826245114
0.5218342382453702,8.663647443829044e-05,0.620524768186004,3.4695318262203328e-06,3.017484515174228e-08,0.7068658977084845,0.7073475826245114
0.5221965382453703,8.663647443829044e-05,0.6203771681860041,3.4695318262203328e-06,3.017484515174228e-08,0.7068658977084845,0.7073475826245114
0.5225590382453703,8.663647443829044e-05,0.6202271681860041,3.4695318262203328e-06,3.017484515174228e-08,0.7068658977084845,0.7073475826245114
0.5229217382453702,8.663647443829044e-05,0.620074768186004,3.4695318262203328e-06,3.017484515174228e-08,0.7068658977084845,0.7073475826245114
0.5232846382453703,8.663647443829044e-05,0.619919968186004,3.4695318262203328e-06,3.017484515174228e-08,0.7068658977084845,0.7073475826245114
0.5236477382453703,8.663647443829044e-05,0.6197627681860041,3.4695318262203328e-06,3.017484515174228e-08,0.7068658977084845,0.7073475826245114
0.5240110382453702,8.663647443829044e-05,0.619603168186004,3.4695318262203328e-06,3.017484515174228e-08,0.7068658977084845,0.7073475826245114
0.5243745382453702,8.663647443829044e-05,0.619441168186004,3.4695318262203328e-06,3.017484515174228e-08,0.7068658977084845,0.7073475826245114
0.5247382382453702,8.663647443829044e-05,0.6192767681860041,3.4695318262203328e-06,3.017484515174228e-08,0.7068658977084845,0.7073475826245114
0.5251021382453702,8.663647443829044e-05,0.6191099681860041,3.4695318262203328e-06,3.017484515174228e-08,0.7068658977084845,0.7073475826245114
0.5254662382453703,8.663647443829044e-05,0.6189407681860041,3.4695318262203328e-06,3.017484515174228e-08,0.7068658977084845,0.7073475826245114
0.5258305382453703,8.663647443829044e-05,0.618769168186004,3.4695318262203328e-06,3.017484515174228e-08,0.7068658977084845,0.7073475826245114
0.5261950382453702,8.663647443829044e-05,0.618595168186004,3.4695318262203328e-06,3.017484515174228e-08,0.7068658977084845,0.7073475826245114
0.5265597382453703,8.663647443829044e-05,0.618418768186004,3.4695318262203328e-06,3.017484515174228e-08,0.7068658977084845,0.7073475826245114
0.5269246382453703,8.663647443829044e-05,0.618239968186004,3.4695318262203328e-06,3.017484515174228e-08,0.7068658977084845,0.7073475826245114
0.5272897382453702,8.663647443829044e-05,0.618058768186004,3.4695318262203328e-06,3.017484515174228e-08,0.7068658977084845,0.7073475826245114
0.5276550382453703,8.663647443829044e-05,0.6178751681860041,3.4695318262203328e-06,3.017484515174228e-08,0.7068658977084845,0.7073475826245114
0.5280205382453702,8.663647443829044e-05,0.6176891681860041,3.4695318262203328e-06,3.017484515174228e-08,0.7068658977084845,0.7073475826245114
0.5283862382453702,8.663647443829044e-05,0.6175007681860041,3.4695318262203328e-06,3.017484515174228e-08,0.7068658977084845,0.7073475826245114
0.5287521382453703,8.663647443829044e-05,0.617309968186004,3.4695318262203328e-06,3.017484515174228e-08,0.7068658977084845,0.7073475826245114
0.5291182382453703,8.663647443829044e-05,0.617116768186004,3.4695318262203328e-06,3.017484515174228e-08,0.7068658977084845,0.7073475826245114
0.5294845382453703,8.663647443829044e-05,0.6169211681860041,3.4695318262203328e-06,3.017484515174228e-08,0.7068658977084845,0.7073475826245114
0.5298510382453703,8.663647443829044e-05,0.616723168186004,3.4695318262203328e-06,3.017484515174228e-08,0.7068658977084845,0.7073475826245114
0.5302177382453702,8.663647443829044e-05,0.616522768186004,3.4695318262203328e-06,3.017484515174228e-08,0.7068658977084845,0.7073475826245114
0.5305846382453703,8.663647443829044e-05,0.6163199681860041,3.4695318262203328e-06,3.017484515174228e-08,0.7068658977084845,0.7073475826245114
0.5309517382453702,8.663647443829044e-05,0.6161147681860041,3.4695318262203328e-06,3.017484515174228e-08,0.7068658977084845,0.7073475826245114
0.5313190382453702,8.663647443829044e-05,0.6159071681860041,3.4695318262203328e-06,3.017484515174228e-08,0.7068658977084845,0.7073475826245114
0.5316865382453703,8.663647443829044e-05,0.6156971681860041,3.4695318262203328e-06,3.017484515174228e-08,0.7068658977084845,0.7073475826245114
0.5320542382453702,8.663647443829044e-05,0.6154847681860041,3.4695318262203328e-06,3.017484515174228e-08,0.7068658977084845,0.7073475826245114
0.5324221382453702,8.663647443829044e-05,0.6152699681860041,3.4695318262203328e-06,3.017484515174228e-08,0.7068658977084845,0.7073475826245114
0.5327902382453703,8.663647443829044e-05,0.6150527681860041,3.4695318262203328e-06,3.017484515174228e-08,0.7068658977084845,0.7073475826245114
0.5331585382453703,8.663647443829044e-05,0.6148331681860041,3.4695318262203328e-06,3.017484515174228e-08,0.7068658977084845,0.7073475826245114
0.5335270382453703,8.663647443829044e-05,0.614611168186004,3.4695318262203328e-06,3.017484515174228e-08,0.7068658977084845,0.7073475826245114
0.5338957382453703,8.663647443829044e-05,0.614386768186004,3.4695318262203328e-06,3.017484515174228e-08,0.7068658977084845,0.7073475826245114
0.5342646382453703,8.663647443829044e-05,0.614159968186004,3.4695318262203328e-06,3.017484515174228e-08,0.7068658977084845,0.7073475826245114
0.5346337382453702,8.663647443829044e-05,0.613930768186004,3.4695318262203328e-06,3.017484515174228e-08,0.7068658977084845,0.7073475826245114
0.5350030382453703,8.663647443829044e-05,0.613699168186004,3.4695318262203328e-06,3.017484515174228e-08,0.7068658977084845,0.7073475826245114
0.5353725382453702,8.663647443829044e-05,0.613465168186004,3.4695318262203328e-06,3.017484515174228e-08,0.7068658977084845,0.7073475826245114
0.5357422382453703,8.663647443829044e-05,0.613228768186004,3.4695318262203328e-06,3.017484515174228e-08,0.7068658977084845,0.7073475826245114
0.5361121382453703,8.663647443829044e-05,0.612989968186004,3.4695318262203328e-06,3.017484515174228e-08,0.7068658977084845,0.7073475826245114
0.5364822382453702,8.663647443829044e-05,0.6127487681860041,3.4695318262203328e-06,3.017484515174228e-08,0.7068658977084845,0.7073475826245114
0.5368525382453703,8.663647443829044e-05,0.6125051681860041,3.4695318262203328e-06,3.017484515174228e-08,0.7068658977084845,0.7073475826245114
0.5372230382453703,8.663647443829044e-05,0.612259168186004,3.4695318262203328e-06,3.017484515174228e-08,0.7068658977084845,0.7073475826245114
0.5375937382453703,8.663647443829044e-05,0.6120107681860041,3.4695318262203328e-06,3.017484515174228e-08,0.7068658977084845,0.7073475826245114
0.5379646382453702,8.663647443829044e-05,0.6117599681860041,3.4695318262203328e-06,3.017484515174228e-08,0.7068658977084845,0.7073475826245114
0.5383357382453703,8.663647443829044e-05,0.611506768186004,3.4695318262203328e-06,3.017484515174228e-08,0.7068658977084845,0.7073475826245114
0.5387070382453703,8.663647443829044e-05,0.611251168186004,3.4695318262203328e-06,3.017484515174228e-08,0.7068658977084845,0.7073475826245114
0.5390785382453702,8.663647443829044e-05,0.610993168186004,3.4695318262203328e-06,3.017484515174228e-08,0.7068658977084845,0.7073475826245114
0.5394502382453703,8.663647443829044e-05,0.6107327681860041,3.4695318262203328e-06,3.017484515174228e-08,0.7068658977084845,0.7073475826245114
0.5398221382453703,8.663647443829044e-05,0.6104699681860041,3.4695318262203328e-06,3.017484515174228e-08,0.7068658977084845,0.7073475826245114
0.5401942382453703,8.663647443829044e-05,0.610204768186004,3.4695318262203328e-06,3.017484515174228e-08,0.7068658977084845,0.7073475826245114
0.5405665382453703,8.663647443829044e-05,0.6099371681860041,3.4695318262203328e-06,3.017484515174228e-08,0.7068658977084845,0.7073475826245114
0.5409390382453703,8.663647443829044e-05,0.6096671681860041,3.4695318262203328e-06,3.017484515174228e-08,0.7068658977084845,0.7073475826245114
0.5413117382453703,8.663647443829044e-05,0.609394768186004,3.4695318262203328e-06,3.017484515174228e-08,0.7068658977084845,0.7073475826245114
0.5416846382453703,8.663647443829044e-05,0.609119968186004,3.4695318262203328e-06,3.017484515174228e-08,0.7068658977084845,0.7073475826245114
0.5420577382453703,8.663647443829044e-05,0.608842768186004,3.4695318262203328e-06,3.017484515174228e-08,0.7068658977084845,0.7073475826245114
0.5424310382453703,8.663647443829044e-05,0.6085631681860041,3.4695318262203328e-06,3.017484515174228e-08,0.7068658977084845,0.7073475826245114
0.5428045382453702,8.663647443829044e-05,0.6082811681860041,3.4695318262203328e-06,3.017484515174228e-08,0.7068658977084845,0.7073475826245114
0.5431782382453703,8.663647443829044e-05,0.607996768186004,3.4695318262203328e-06,3.017484515174228e-08,0.7068658977084845,0.7073475826245114
0.5435521382453703,8.663647443829044e-05,0.6077099681860041,3.4695318262203328e-06,3.017484515174228e-08,0.7068658977084845,0.7073475826245114
0.5439262382453702,8.663647443829044e-05,0.6074207681860041,3.4695318262203328e-06,3.017484515174228e-08,0.7068658977084845,0.7073475826245114
0.5443005382453703,8.663647443829044e-05,0.607129168186004,3.4695318262203328e-06,3.017484515174228e-08,0.7068658977084845,0.7073475826245114
0.5446750382453703,8.663647443829044e-05,0.606835168186004,3.4695318262203328e-06,3.017484515174228e-08,0.7068658977084845,0.7073475826245114
0.5450497382453703,8.663647443829044e-05,0.606538768186004,3.4695318262203328e-06,3.017484515174228e-08,0.7068658977084845,0.7073475826245114
0.5454246382453702,8.663647443829044e-05,0.606239968186004,3.4695318262203328e-06,3.017484515174228e-08,0.7068658977084845,0.7073475826245114
0.5457997382453703,8.663647443829044e-05,0.6059387681860041,3.4695318262203328e-06,3.017484515174228e-08,0.7068658977084845,0.7073475826245114
0.5461750382453703,8.663647443829044e-05,0.605635168186004,3.4695318262203328e-06,3.017484515174228e-08,0.7068658977084845,0.7073475826245114
0.5465505382453704,8.663647443829044e-05,0.605329168186004,3.4695318262203328e-06,3.017484515174228e-08,0.7068658977084845,0.7073475826245114
0.5469262382453703,8.663647443829044e-05,0.605020768186004,3.4695318262203328e-06,3.017484515174228e-08,0.7068658977084845,0.7073475826245114
0.5473021382453702,8.663647443829044e-05,0.6047099681860041,3.4695318262203328e-06,3.017484515174228e-08,0.7068658977084845,0.7073475826245114
0.5476782382453703,8.663647443829044e-05,0.6043967681860041,3.4695318262203328e-06,3.017484515174228e-08,0.7068658977084845,0.7073475826245114
0.5480545382453703,8.663647443829044e-05,0.6040811681860041,3.4695318262203328e-06,3.017484515174228e-08,0.7068658977084845,0.7073475826245114
0.5484310382453702,8.663647443829044e-05,0.6037631681860041,3.4695318262203328e-06,3.017484515174228e-08,0.7068658977084845,0.7073475826245114
0.5488077382453702,8.663647443829044e-05,0.6034427681860041,3.4695318262203328e-06,3.017484515174228e-08,0.7068658977084845,0.7073475826245114
0.5491846382453703,8.663647443829044e-05,0.603119968186004,3.4695318262203328e-06,3.017484515174228e-08,0.7068658977084845,0.7073475826245114
0.5495617382453702,8.663647443829044e-05,0.6027947681860041,3.4695318262203328e-06,3.017484515174228e-08,0.7068658977084845,0.7073475826245114
0.5499390382453703,8.663647443829044e-05,0.6024671681860041,3.4695318262203328e-06,3.017484515174228e-08,0.7068658977084845,0.7073475826245114
0.5503165382453703,8.663647443829044e-05,0.602137168186004,3.4695318262203328e-06,3.017484515174228e-08,0.7068658977084845,0.7073475826245114
0.5506942382453702,8.663647443829044e-05,0.601804768186004,3.4695318262203328e-06,3.017484515174228e-08,0.7068658977084845,0.7073475826245114
0.5510721382453703,8.663647443829044e-05,0.6014699681860041,3.4695318262203328e-06,3.017484515174228e-08,0.7068658977084845,0.7073475826245114
0.5514502382453703,8.663647443829044e-05,0.601132768186004,3.4695318262203328e-06,3.017484515174228e-08,0.7068658977084845,0.7073475826245114
0.5518285382453703,8.663647443829044e-05,0.600793168186004,3.4695318262203328e-06,3.017484515174228e-08,0.7068658977084845,0.7073475826245114
0.5522070382453703,8.663647443829044e-05,0.6004511681860041,3.4695318262203328e-06,3.017484515174228e-08,0.7068658977084845,0.7073475826245114
0.5525857382453703,8.663647443829044e-05,0.6001067681860041,3.4695318262203328e-06,3.017484515174228e-08,0.7068658977084845,0.7073475826245114
0.5529646382453702,8.663647443829044e-05,0.5997599681860041,3.4695318262203328e-06,3.017484515174228e-08,0.7068658977084845,0.7073475826245114
0.5533437382453703,8.663647443829044e-05,0.599410768186004,3.4695318262203328e-06,3.017484515174228e-08,0.7068658977084845,0.7073475826245114
0.5537230382453703,8.663647443829044e-05,0.599059168186004,3.4695318262203328e-06,3.017484515174228e-08,0.7068658977084845,0.7073475826245114
0.5541025382453703,8.663647443829044e-05,0.598705168186004,3.4695318262203328e-06,3.017484515174228e-08,0.7068658977084845,0.7073475826245114
0.5544822382453704,8.663647443829044e-05,0.598348768186004,3.4695318262203328e-06,3.017484515174228e-08,0.7068658977084845,0.7073475826245114
0.5548621382453702,8.663647443829044e-05,0.597989968186004,3.4695318262203328e-06,3.017484515174228e-08,0.7068658977084845,0.7073475826245114
0.5552422382453702,8.663647443829044e-05,0.5976287681860041,3.4695318262203328e-06,3.017484515174228e-08,0.7068658977084845,0.7073475826245114
0.5556225382453703,8.663647443829044e-05,0.5972651681860041,3.4695318262203328e-06,3.017484515174228e-08,0.7068658977084845,0.7073475826245114
0.5560030382453702,8.663647443829044e-05,0.5968991681860041,3.4695318262203328e-06,3.017484515174228e-08,0.7068658977084845,0.7073475826245114
0.5563837382453702,8.663647443829044e-05,0.596530768186004,3.4695318262203328e-06,3.017484515174228e-08,0.7068658977084845,0.7073475826245114
0.5567646382453703,8.663647443829044e-05,0.596159968186004,3.4695318262203328e-06,3.017484515174228e-08,0.7068658977084845,0.7073475826245114
0.5571457382453703,8.663647443829044e-05,0.5957867681860041,3.4695318262203328e-06,3.017484515174228e-08,0.7068658977084845,0.7073475826245114
0.5575270382453703,8.663647443829044e-05,0.595411168186004,3.4695318262203328e-06,3.017484515174228e-08,0.7068658977084845,0.7073475826245114
0.5579085382453703,8.663647443829044e-05,0.595033168186004,3.4695318262203328e-06,3.017484515174228e-08,0.7068658977084845,0.7073475826245114
0.5582902382453703,8.663647443829044e-05,0.5946527681860041,3.4695318262203328e-06,3.017484515174228e-08,0.7068658977084845,0.7073475826245114
0.5586721382453703,8.663647443829044e-05,0.5942699681860041,3.4695318262203328e-06,3.017484515174228e-08,0.7068658977084845,0.7073475826245114
0.5590542382453703,8.663647443829044e-05,0.593884768186004,3.4695318262203328e-06,3.017484515174228e-08,0.7068658977084845,0.7073475826245114
0.5590529312827813,8.499389351341147e-05,0.3249968940681784,3.442978600591183e-08,-5.821977536285573e-06,0.7068682825931116,0.707345199340441
0.5593030312827812,8.499389351341147e-05,0.3261956940681784,3.442978600591183e-08,-5.821977536285573e-06,0.7068682825931116,0.707345199340441
0.5595533312827813,8.499389351341147e-05,0.3273920940681784,3.442978600591183e-08,-5.821977536285573e-06,0.7068682825931116,0.707345199340441
0.5598038312827813,8.499389351341147e-05,0.3285860940681784,3.442978600591183e-08,-5.821977536285573e-06,0.7068682825931116,0.707345199340441
0.5600545312827814,8.499389351341147e-05,0.3297776940681784,3.442978600591183e-08,-5.821977536285573e-06,0.7068682825931116,0.707345199340441
0.5603054312827813,8.499389351341147e-05,0.3309668940681784,3.442978600591183e-08,-5.821977536285573e-06,0.7068682825931116,0.707345199340441
0.5605565312827813,8.499389351341147e-05,0.33215369406817835,3.442978600591183e-08,-5.821977536285573e-06,0.7068682825931116,0.707345199340441
0.5608078312827813,8.499389351341147e-05,0.3333380940681784,3.442978600591183e-08,-5.821977536285573e-06,0.7068682825931116,0.707345199340441
0.5610593312827813,8.499389351341147e-05,0.3345200940681784,3.442978600591183e-08,-5.821977536285573e-06,0.7068682825931116,0.707345199340441
0.5613110312827813,8.499389351341147e-05,0.33569969406817834,3.442978600591183e-08,-5.821977536285573e-06,0.7068682825931116,0.707345199340441
0.5615629312827812,8.499389351341147e-05,0.3368768940681784,3.442978600591183e-08,-5.821977536285573e-06,0.7068682825931116,0.707345199340441
0.5618150312827813,8.499389351341147e-05,0.33805169406817837,3.442978600591183e-08,-5.821977536285573e-06,0.7068682825931116,0.707345199340441
0.5620673312827813,8.499389351341147e-05,0.33922409406817844,3.442978600591183e-08,-5.821977536285573e-06,0.7068682825931116,0.707345199340441
0.5623198312827813,8.499389351341147e-05,0.3403940940681784,3.442978600591183e-08,-5.821977536285573e-06,0.7068682825931116,0.707345199340441
0.5625725312827813,8.499389351341147e-05,0.3415616940681784,3.442978600591183e-08,-5.821977536285573e-06,0.7068682825931116,0.707345199340441
0.5628254312827814,8.499389351341147e-05,0.3427268940681784,3.442978600591183e-08,-5.821977536285573e-06,0.7068682825931116,0.707345199340441
0.5630785312827813,8.499389351341147e-05,0.3438896940681784,3.442978600591183e-08,-5.821977536285573e-06,0.7068682825931116,0.707345199340441
0.5633318312827813,8.499389351341147e-05,0.34505009406817844,3.442978600591183e-08,-5.821977536285573e-06,0.7068682825931116,0.707345199340441
0.5635853312827813,8.499389351341147e-05,0.3462080940681784,3.442978600591183e-08,-5.821977536285573e-06,0.7068682825931116,0.707345199340441
0.5638390312827813,8.499389351341147e-05,0.34736369406817835,3.442978600591183e-08,-5.821977536285573e-06,0.7068682825931116,0.707345199340441
0.5640929312827814,8.499389351341147e-05,0.34851689406817843,3.442978600591183e-08,-5.821977536285573e-06,0.7068682825931116,0.707345199340441
0.5643470312827813,8.499389351341147e-05,0.3496676940681784,3.442978600591183e-08,-5.821977536285573e-06,0.7068682825931116,0.707345199340441
0.5646013312827812,8.499389351341147e-05,0.3508160940681784,3.442978600591183e-08,-5.821977536285573e-06,0.7068682825931116,0.707345199340441
0.5648558312827814,8.499389351341147e-05,0.3519620940681784,3.442978600591183e-08,-5.821977536285573e-06,0.7068682825931116,0.707345199340441
0.3501121382453703,8.663647443829044e-05,0.3249899681860041,3.4695318262203328e-06,3.017484515174228e-08,0.7068658977084845,0.7073475826245114
0.35036223824537027,8.663647443829044e-05,0.3261887681860041,3.4695318262203328e-06,3.017484515174228e-08,0.7068658977084845,0.7073475826245114
0.3506125382453703,8.663647443829044e-05,0.3273851681860041,3.4695318262203328e-06,3.017484515174228e-08,0.7068658977084845,0.7073475826245114
0.3508630382453703,8.663647443829044e-05,0.32857916818600413,3.4695318262203328e-06,3.017484515174228e-08,0.7068658977084845,0.7073475826245114
0.3511137382453703,8.663647443829044e-05,0.32977076818600415,3.4695318262203328e-06,3.017484515174228e-08,0.7068658977084845,0.7073475826245114
0.3513646382453703,8.663647443829044e-05,0.33095996818600415,3.4695318262203328e-06,3.017484515174228e-08,0.7068658977084845,0.7073475826245114
0.3516157382453703,8.663647443829044e-05,0.3321467681860041,3.4695318262203328e-06,3.017484515174228e-08,0.7068658977084845,0.7073475826245114
0.35186703824537024,8.663647443829044e-05,0.3333311681860041,3.4695318262203328e-06,3.017484515174228e-08,0.7068658977084845,0.7073475826245114
0.3521185382453703,8.663647443829044e-05,0.33451316818600413,3.4695318262203328e-06,3.017484515174228e-08,0.7068658977084845,0.7073475826245114
0.3523702382453703,8.663647443829044e-05,0.3356927681860041,3.4695318262203328e-06,3.017484515174228e-08,0.7068658977084845,0.7073475826245114
0.3526221382453703,8.663647443829044e-05,0.3368699681860041,3.4695318262203328e-06,3.017484515174228e-08,0.7068658977084845,0.7073475826245114
0.3528742382453703,8.663647443829044e-05,0.3380447681860041,3.4695318262203328e-06,3.017484515174228e-08,0.7068658977084845,0.7073475826245114
0.3531265382453703,8.663647443829044e-05,0.3392171681860041,3.4695318262203328e-06,3.017484515174228e-08,0.7068658977084845,0.7073475826245114
0.35337903824537026,8.663647443829044e-05,0.3403871681860041,3.4695318262203328e-06,3.017484515174228e-08,0.7068658977084845,0.7073475826245114
0.3536317382453703,8.663647443829044e-05,0.3415547681860041,3.4695318262203328e-06,3.017484515174228e-08,0.7068658977084845,0.7073475826245114
0.35388463824537025,8.663647443829044e-05,0.34271996818600414,3.4695318262203328e-06,3.017484515174228e-08,0.7068658977084845,0.7073475826245114
0.3541377382453703,8.663647443829044e-05,0.3438827681860041,3.4695318262203328e-06,3.017484515174228e-08,0.7068658977084845,0.7073475826245114
0.35439103824537027,8.663647443829044e-05,0.3450431681860041,3.4695318262203328e-06,3.017484515174228e-08,0.7068658977084845,0.7073475826245114
0.3546445382453703,8.663647443829044e-05,0.3462011681860041,3.4695318262203328e-06,3.017484515174228e-08,0.7068658977084845,0.7073475826245114
0.35489823824537026,8.663647443829044e-05,0.3473567681860041,3.4695318262203328e-06,3.017484515174228e-08,0.7068658977084845,0.7073475826245114
0.3551521382453703,8.663647443829044e-05,0.34850996818600416,3.4695318262203328e-06,3.017484515174228e-08,0.7068658977084845,0.7073475826245114
0.35540623824537027,8.663647443829044e-05,0.3496607681860041,3.4695318262203328e-06,3.017484515174228e-08,0.7068658977084845,0.7073475826245114
0.3556605382453703,8.663647443829044e-05,0.3508091681860041,3.4695318262203328e-06,3.017484515174228e-08,0.7068658977084845,0.7073475826245114
0.3559150382453703,8.663647443829044e-05,0.35195516818600414,3.4695318262203328e-06,3.017484515174228e-08,0.7068658977084845,0.7073475826245114
0.3561697382453703,8.663647443829044e-05,0.3530987681860041,3.4695318262203328e-06,3.017484515174228e-08,0.7068658977084845,0.7073475826245114
0.3564246382453703,8.663647443829044e-05,0.3542399681860041,3.4695318262203328e-06,3.017484515174228e-08,0.7068658977084845,0.7073475826245114
0.3566797382453703,8.663647443829044e-05,0.3553787681860041,3.4695318262203328e-06,3.017484515174228e-08,0.7068658977084845,0.7073475826245114
0.35693503824537026,8.663647443829044e-05,0.3565151681860041,3.4695318262203328e-06,3.017484515174228e-08,0.7068658977084845,0.7073475826245114
0.3571905382453703,8.663647443829044e-05,0.35764916818600406,3.4695318262203328e-06,3.017484515174228e-08,0.7068658977084845,0.7073475826245114
0.35744623824537025,8.663647443829044e-05,0.35878076818600413,3.4695318262203328e-06,3.017484515174228e-08,0.7068658977084845,0.7073475826245114
0.3577021382453703,8.663647443829044e-05,0.35990996818600407,3.4695318262203328e-06,3.017484515174228e-08,0.7068658977084845,0.7073475826245114
0.35795823824537026,8.663647443829044e-05,0.3610367681860041,3.4695318262203328e-06,3.017484515174228e-08,0.7068658977084845,0.7073475826245114
0.3582145382453703,8.663647443829044e-05,0.36216116818600413,3.4695318262203328e-06,3.017484515174228e-08,0.7068658977084845,0.7073475826245114
0.3584710382453703,8.663647443829044e-05,0.3632831681860041,3.4695318262203328e-06,3.017484515174228e-08,0.7068658977084845,0.7073475826245114
0.3587277382453703,8.663647443829044e-05,0.36440276818600414,3.4695318262203328e-06,3.017484515174228e-08,0.7068658977084845,0.7073475826245114
0.3589846382453703,8.663647443829044e-05,0.3655199681860041,3.4695318262203328e-06,3.017484515174228e-08,0.7068658977084845,0.7073475826245114
0.3592417382453703,8.663647443829044e-05,0.36663476818600416,3.4695318262203328e-06,3.017484515174228e-08,0.7068658977084845,0.7073475826245114
0.3594990382453703,8.663647443829044e-05,0.3677471681860041,3.4695318262203328e-06,3.017484515174228e-08,0.7068658977084845,0.7073475826245114
0.3597565382453703,8.663647443829044e-05,0.3688571681860041,3.4695318262203328e-06,3.017484515174228e-08,0.7068658977084845,0.7073475826245114
0.36001423824537027,8.663647443829044e-05,0.3699647681860041,3.4695318262203328e-06,3.017484515174228e-08,0.7068658977084845,0.7073475826245114
0.3602721382453703,8.663647443829044e-05,0.37106996818600413,3.4695318262203328e-06,3.017484515174228e-08,0.7068658977084845,0.7073475826245114
0.3605302382453703,8.663647443829044e-05,0.37217276818600414,3.4695318262203328e-06,3.017484515174228e-08,0.7068658977084845,0.7073475826245114
0.3607885382453703,8.663647443829044e-05,0.37327316818600415,3.4695318262203328e-06,3.017484515174228e-08,0.7068658977084845,0.7073475826245114
0.36104703824537027,8.663647443829044e-05,0.3743711681860041,3.4695318262203328e-06,3.017484515174228e-08,0.7068658977084845,0.7073475826245114
0.3613057382453703,8.663647443829044e-05,0.37546676818600405,3.4695318262203328e-06,3.017484515174228e-08,0.7068658977084845,0.7073475826245114
0.3615646382453703,8.663647443829044e-05,0.3765599681860041,3.4695318262203328e-06,3.017484515174228e-08,0.7068658977084845,0.7073475826245114
0.3618237382453703,8.663647443829044e-05,0.37765076818600407,3.4695318262203328e-06,3.017484515174228e-08,0.7068658977084845,0.7073475826245114
0.3620830382453703,8.663647443829044e-05,0.3787391681860041,3.4695318262203328e-06,3.017484515174228e-08,0.7068658977084845,0.7073475826245114
0.3623425382453703,8.663647443829044e-05,0.3798251681860041,3.4695318262203328e-06,3.017484515174228e-08,0.7068658977084845,0.7073475826245114
0.3626022382453703,8.663647443829044e-05,0.3809087681860041,3.4695318262203328e-06,3.017484515174228e-08,0.7068658977084845,0.7073475826245114
0.36286213824537034,8.663647443829044e-05,0.3819899681860041,3.4695318262203328e-06,3.017484515174228e-08,0.7068658977084845,0.7073475826245114
0.36312223824537027,8.663647443829044e-05,0.3830687681860041,3.4695318262203328e-06,3.017484515174228e-08,0.7068658977084845,0.7073475826245114
0.3633825382453703,8.663647443829044e-05,0.38414516818600414,3.4695318262203328e-06,3.017484515174228e-08,0.7068658977084845,0.7073475826245114
0.3636430382453703,8.663647443829044e-05,0.3852191681860041,3.4695318262203328e-06,3.017484515174228e-08,0.7068658977084845,0.7073475826245114
0.3639037382453703,8.663647443829044e-05,0.3862907681860041,3.4695318262203328e-06,3.017484515174228e-08,0.7068658977084845,0.7073475826245114
0.36416463824537026,8.663647443829044e-05,0.3873599681860041,3.4695318262203328e-06,3.017484515174228e-08,0.7068658977084845,0.7073475826245114
0.36442573824537033,8.663647443829044e-05,0.3884267681860041,3.4695318262203328e-06,3.017484515174228e-08,0.7068658977084845,0.7073475826245114
0.3646870382453703,8.663647443829044e-05,0.38949116818600416,3.4695318262203328e-06,3.017484515174228e-08,0.7068658977084845,0.7073475826245114
0.3649485382453703,8.663647443829044e-05,0.3905531681860041,3.4695318262203328e-06,3.017484515174228e-08,0.7068658977084845,0.7073475826245114
0.3652102382453703,8.663647443829044e-05,0.3916127681860041,3.4695318262203328e-06,3.017484515174228e-08,0.7068658977084845,0.7073475826245114
0.3654721382453703,8.663647443829044e-05,0.3926699681860041,3.4695318262203328e-06,3.017484515174228e-08,0.7068658977084845,0.7073475826245114
0.36573423824537027,8.663647443829044e-05,0.3937247681860041,3.4695318262203328e-06,3.017484515174228e-08,0.7068658977084845,0.7073475826245114
0.3659965382453703,8.663647443829044e-05,0.3947771681860041,3.4695318262203328e-06,3.017484515174228e-08,0.7068658977084845,0.7073475826245114
0.36625903824537026,8.663647443829044e-05,0.3958271681860041,3.4695318262203328e-06,3.017484515174228e-08,0.7068658977084845,0.7073475826245114
0.36652173824537027,8.663647443829044e-05,0.3968747681860041,3.4695318262203328e-06,3.017484515174228e-08,0.7068658977084845,0.7073475826245114
0.3667846382453703,8.663647443829044e-05,0.39791996818600406,3.4695318262203328e-06,3.017484515174228e-08,0.7068658977084845,0.7073475826245114
0.3670477382453703,8.663647443829044e-05,0.3989627681860041,3.4695318262203328e-06,3.017484515174228e-08,0.7068658977084845,0.7073475826245114
0.3673110382453703,8.663647443829044e-05,0.40000316818600407,3.4695318262203328e-06,3.017484515174228e-08,0.7068658977084845,0.7073475826245114
0.3675745382453703,8.663647443829044e-05,0.4010411681860041,3.4695318262203328e-06,3.017484515174228e-08,0.7068658977084845,0.7073475826245114
0.36783823824537026,8.663647443829044e-05,0.40207676818600413,3.4695318262203328e-06,3.017484515174228e-08,0.7068658977084845,0.7073475826245114
0.36810213824537025,8.663647443829044e-05,0.4031099681860041,3.4695318262203328e-06,3.017484515174228e-08,0.7068658977084845,0.7073475826245114
0.3683662382453703,8.663647443829044e-05,0.4041407681860041,3.4695318262203328e-06,3.017484515174228e-08,0.7068658977084845,0.7073475826245114
0.3686305382453703,8.663647443829044e-05,0.4051691681860041,3.4695318262203328e-06,3.017484515174228e-08,0.7068658977084845,0.7073475826245114
0.3688950382453703,8.663647443829044e-05,0.4061951681860041,3.4695318262203328e-06,3.017484515174228e-08,0.7068658977084845,0.7073475826245114
0.36915973824537024,8.663647443829044e-05,0.4072187681860041,3.4695318262203328e-06,3.017484515174228e-08,0.7068658977084845,0.7073475826245114
0.3694246382453703,8.663647443829044e-05,0.4082399681860041,3.4695318262203328e-06,3.017484515174228e-08,0.7068658977084845,0.7073475826245114
0.36968973824537027,8.663647443829044e-05,0.40925876818600404,3.4695318262203328e-06,3.017484515174228e-08,0.7068658977084845,0.7073475826245114
0.3699550382453703,8.663647443829044e-05,0.4102751681860041,3.4695318262203328e-06,3.017484515174228e-08,0.7068658977084845,0.7073475826245114
0.37022053824537027,8.663647443829044e-05,0.4112891681860041,3.4695318262203328e-06,3.017484515174228e-08,0.7068658977084845,0.7073475826245114
0.3704862382453703,8.663647443829044e-05,0.41230076818600414,3.4695318262203328e-06,3.017484515174228e-08,0.7068658977084845,0.7073475826245114
0.3707521382453703,8.663647443829044e-05,0.4133099681860041,3.4695318262203328e-06,3.017484515174228e-08,0.7068658977084845,0.7073475826245114
0.3710182382453703,8.663647443829044e-05,0.41431676818600405,3.4695318262203328e-06,3.017484515174228e-08,0.7068658977084845,0.7073475826245114
0.3712845382453703,8.663647443829044e-05,0.4153211681860041,3.4695318262203328e-06,3.017484515174228e-08,0.7068658977084845,0.7073475826245114
0.3715510382453703,8.663647443829044e-05,0.41632316818600407,3.4695318262203328e-06,3.017484515174228e-08,0.7068658977084845,0.7073475826245114
0.3718177382453703,8.663647443829044e-05,0.4173227681860041,3.4695318262203328e-06,3.017484515174228e-08,0.7068658977084845,0.7073475826245114
0.3720846382453703,8.663647443829044e-05,0.4183199681860041,3.4695318262203328e-06,3.017484515174228e-08,0.7068658977084845,0.7073475826245114
0.37235173824537027,8.663647443829044e-05,0.4193147681860041,3.4695318262203328e-06,3.017484515174228e-08,0.7068658977084845,0.7073475826245114
0.3726190382453703,8.663647443829044e-05,0.42030716818600405,3.4695318262203328e-06,3.017484515174228e-08,0.7068658977084845,0.7073475826245114
0.37288653824537027,8.663647443829044e-05,0.4212971681860041,3.4695318262203328e-06,3.017484515174228e-08,0.7068658977084845,0.7073475826245114
0.3731542382453703,8.663647443829044e-05,0.42228476818600413,3.4695318262203328e-06,3.017484515174228e-08,0.7068658977084845,0.7073475826245114
0.37342213824537024,8.663647443829044e-05,0.4232699681860041,3.4695318262203328e-06,3.017484515174228e-08,0.7068658977084845,0.7073475826245114
0.3736902382453703,8.663647443829044e-05,0.4242527681860041,3.4695318262203328e-06,3.017484515174228e-08,0.7068658977084845,0.7073475826245114
0.3739585382453703,8.663647443829044e-05,0.42523316818600404,3.4695318262203328e-06,3.017484515174228e-08,0.7068658977084845,0.7073475826245114
0.3742270382453703,8.663647443829044e-05,0.4262111681860041,3.4695318262203328e-06,3.017484515174228e-08,0.7068658977084845,0.7073475826245114
0.37449573824537025,8.663647443829044e-05,0.4271867681860041,3.4695318262203328e-06,3.017484515174228e-08,0.7068658977084845,0.7073475826245114
0.3747646382453703,8.663647443829044e-05,0.4281599681860041,3.4695318262203328e-06,3.017484515174228e-08,0.7068658977084845,0.7073475826245114
0.3750337382453703,8.663647443829044e-05,0.4291307681860041,3.4695318262203328e-06,3.017484515174228e-08,0.7068658977084845,0.7073475826245114
0.3753030382453703,8.663647443829044e-05,0.4300991681860041,3.4695318262203328e-06,3.017484515174228e-08,0.7068658977084845,0.7073475826245114
0.3755725382453703,8.663647443829044e-05,0.4310651681860041,3.4695318262203328e-06,3.017484515174228e-08,0.7068658977084845,0.7073475826245114
0.3758422382453703,8.663647443829044e-05,0.4320287681860041,3.4695318262203328e-06,3.017484515174228e-08,0.7068658977084845,0.7073475826245114
0.37611213824537026,8.663647443829044e-05,0.4329899681860041,3.4695318262203328e-06,3.017484515174228e-08,0.7068658977084845,0.7073475826245114
0.3763822382453703,8.663647443829044e-05,0.4339487681860041,3.4695318262203328e-06,3.017484515174228e-08,0.7068658977084845,0.7073475826245114
0.37665253824537026,8.663647443829044e-05,0.43490516818600405,3.4695318262203328e-06,3.017484515174228e-08,0.7068658977084845,0.7073475826245114
0.3769230382453703,8.663647443829044e-05,0.4358591681860041,3.4695318262203328e-06,3.017484515174228e-08,0.7068658977084845,0.7073475826245114
0.3771937382453703,8.663647443829044e-05,0.43681076818600406,3.4695318262203328e-06,3.017484515174228e-08,0.7068658977084845,0.7073475826245114
0.3774646382453703,8.663647443829044e-05,0.4377599681860041,3.4695318262203328e-06,3.017484515174228e-08,0.7068658977084845,0.7073475826245114
0.37773573824537027,8.663647443829044e-05,0.4387067681860041,3.4695318262203328e-06,3.017484515174228e-08,0.7068658977084845,0.7073475826245114
0.3780070382453703,8.663647443829044e-05,0.4396511681860041,3.4695318262203328e-06,3.017484515174228e-08,0.7068658977084845,0.7073475826245114
0.3782785382453703,8.663647443829044e-05,0.4405931681860041,3.4695318262203328e-06,3.017484515174228e-08,0.7068658977084845,0.7073475826245114
0.3785502382453703,8.663647443829044e-05,0.44153276818600407,3.4695318262203328e-06,3.017484515174228e-08,0.7068658977084845,0.7073475826245114
0.37882213824537025,8.663647443829044e-05,0.44246996818600415,3.4695318262203328e-06,3.017484515174228e-08,0.7068658977084845,0.7073475826245114
0.3790942382453703,8.663647443829044e-05,0.4434047681860041,3.4695318262203328e-06,3.017484515174228e-08,0.7068658977084845,0.7073475826245114
0.37936653824537026,8.663647443829044e-05,0.4443371681860041,3.4695318262203328e-06,3.017484515174228e-08,0.7068658977084845,0.7073475826245114
0.3796390382453703,8.663647443829044e-05,0.44526716818600404,3.4695318262203328e-06,3.017484515174228e-08,0.7068658977084845,0.7073475826245114
0.3799117382453703,8.663647443829044e-05,0.4461947681860041,3.4695318262203328e-06,3.017484515174228e-08,0.7068658977084845,0.7073475826245114
0.3801846382453703,8.663647443829044e-05,0.44711996818600414,3.4695318262203328e-06,3.017484515174228e-08,0.7068658977084845,0.7073475826245114
0.38045773824537027,8.663647443829044e-05,0.44804276818600414,3.4695318262203328e-06,3.017484515174228e-08,0.7068658977084845,0.7073475826245114
0.38073103824537025,8.663647443829044e-05,0.4489631681860041,3.4695318262203328e-06,3.017484515174228e-08,0.7068658977084845,0.7073475826245114
0.3810045382453703,8.663647443829044e-05,0.4498811681860041,3.4695318262203328e-06,3.017484515174228e-08,0.7068658977084845,0.7073475826245114
0.3812782382453703,8.663647443829044e-05,0.45079676818600406,3.4695318262203328e-06,3.017484515174228e-08,0.7068658977084845,0.7073475826245114
0.38155213824537026,8.663647443829044e-05,0.45170996818600406,3.4695318262203328e-06,3.017484515174228e-08,0.7068658977084845,0.7073475826245114
0.38182623824537026,8.663647443829044e-05,0.4526207681860041,3.4695318262203328e-06,3.017484515174228e-08,0.7068658977084845,0.7073475826245114
0.38210053824537027,8.663647443829044e-05,0.4535291681860041,3.4695318262203328e-06,3.017484515174228e-08,0.7068658977084845,0.7073475826245114
0.3823750382453703,8.663647443829044e-05,0.4544351681860041,3.4695318262203328e-06,3.017484515174228e-08,0.7068658977084845,0.7073475826245114
0.3826497382453703,8.663647443829044e-05,0.45533876818600405,3.4695318262203328e-06,3.017484515174228e-08,0.7068658977084845,0.7073475826245114
0.38292463824537026,8.663647443829044e-05,0.4562399681860041,3.4695318262203328e-06,3.017484515174228e-08,0.7068658977084845,0.7073475826245114
0.3831997382453703,8.663647443829044e-05,0.45713876818600413,3.4695318262203328e-06,3.017484515174228e-08,0.7068658977084845,0.7073475826245114
0.3834750382453703,8.663647443829044e-05,0.4580351681860041,3.4695318262203328e-06,3.017484515174228e-08,0.7068658977084845,0.7073475826245114
0.38375053824537025,8.663647443829044e-05,0.4589291681860041,3.4695318262203328e-06,3.017484515174228e-08,0.7068658977084845,0.7073475826245114
0.38402623824537024,8.663647443829044e-05,0.45982076818600404,3.4695318262203328e-06,3.017484515174228e-08,0.7068658977084845,0.7073475826245114
0.3843021382453703,8.663647443829044e-05,0.46070996818600407,3.4695318262203328e-06,3.017484515174228e-08,0.7068658977084845,0.7073475826245114
0.3845782382453703,8.663647443829044e-05,0.4615967681860041,3.4695318262203328e-06,3.017484515174228e-08,0.7068658977084845,0.7073475826245114
0.3848545382453703,8.663647443829044e-05,0.4624811681860041,3.4695318262203328e-06,3.017484515174228e-08,0.7068658977084845,0.7073475826245114
0.38513103824537026,8.663647443829044e-05,0.4633631681860041,3.4695318262203328e-06,3.017484515174228e-08,0.7068658977084845,0.7073475826245114
0.3854077382453703,8.663647443829044e-05,0.4642427681860041,3.4695318262203328e-06,3.017484515174228e-08,0.7068658977084845,0.7073475826245114
0.3856846382453703,8.663647443829044e-05,0.4651199681860041,3.4695318262203328e-06,3.017484515174228e-08,0.7068658977084845,0.7073475826245114
0.3859617382453703,8.663647443829044e-05,0.46599476818600405,3.4695318262203328e-06,3.017484515174228e-08,0.7068658977084845,0.7073475826245114
0.38623903824537026,8.663647443829044e-05,0.4668671681860041,3.4695318262203328e-06,3.017484515174228e-08,0.7068658977084845,0.7073475826245114
0.3865165382453703,8.663647443829044e-05,0.4677371681860041,3.4695318262203328e-06,3.017484515174228e-08,0.7068658977084845,0.7073475826245114
0.38679423824537024,8.663647443829044e-05,0.46860476818600405,3.4695318262203328e-06,3.017484515174228e-08,0.7068658977084845,0.7073475826245114
0.3870721382453703,8.663647443829044e-05,0.4694699681860041,3.4695318262203328e-06,3.017484515174228e-08,0.7068658977084845,0.7073475826245114
0.38735023824537024,8.663647443829044e-05,0.47033276818600406,3.4695318262203328e-06,3.017484515174228e-08,0.7068658977084845,0.7073475826245114
0.3876285382453703,8.663647443829044e-05,0.47119316818600404,3.4695318262203328e-06,3.017484515174228e-08,0.7068658977084845,0.7073475826245114
0.38790703824537026,8.663647443829044e-05,0.4720511681860041,3.4695318262203328e-06,3.017484515174228e-08,0.7068658977084845,0.7073475826245114
0.3881857382453703,8.663647443829044e-05,0.4729067681860041,3.4695318262203328e-06,3.017484515174228e-08,0.7068658977084845,0.7073475826245114
0.38846463824537025,8.663647443829044e-05,0.4737599681860041,3.4695318262203328e-06,3.017484515174228e-08,0.7068658977084845,0.7073475826245114
0.3887437382453703,8.663647443829044e-05,0.47461076818600406,3.4695318262203328e-06,3.017484515174228e-08,0.7068658977084845,0.7073475826245114
0.38902303824537027,8.663647443829044e-05,0.47545916818600414,3.4695318262203328e-06,3.017484515174228e-08,0.7068658977084845,0.7073475826245114
0.3893025382453703,8.663647443829044e-05,0.4763051681860041,3.4695318262203328e-06,3.017484515174228e-08,0.7068658977084845,0.7073475826245114
0.38958223824537025,8.663647443829044e-05,0.4771487681860041,3.4695318262203328e-06,3.017484515174228e-08,0.7068658977084845,0.7073475826245114
0.3898621382453703,8.663647443829044e-05,0.4779899681860041,3.4695318262203328e-06,3.017484515174228e-08,0.7068658977084845,0.7073475826245114
0.39014223824537025,8.663647443829044e-05,0.47882876818600406,3.4695318262203328e-06,3.017484515174228e-08,0.7068658977084845,0.7073475826245114
0.39042253824537027,8.663647443829044e-05,0.47966516818600413,3.4695318262203328e-06,3.017484515174228e-08,0.7068658977084845,0.7073475826245114
0.3907030382453703,8.663647443829044e-05,0.48049916818600413,3.4695318262203328e-06,3.017484515174228e-08,0.7068658977084845,0.7073475826245114
0.3909837382453703,8.663647443829044e-05,0.48133076818600407,3.4695318262203328e-06,3.017484515174228e-08,0.7068658977084845,0.7073475826245114
0.3912646382453703,8.663647443829044e-05,0.48215996818600404,3.4695318262203328e-06,3.017484515174228e-08,0.7068658977084845,0.7073475826245114
0.3915457382453703,8.663647443829044e-05,0.48298676818600406,3.4695318262203328e-06,3.017484515174228e-08,0.7068658977084845,0.7073475826245114
0.39182703824537024,8.663647443829044e-05,0.4838111681860041,3.4695318262203328e-06,3.017484515174228e-08,0.7068658977084845,0.7073475826245114
0.3921085382453703,8.663647443829044e-05,0.4846331681860041,3.4695318262203328e-06,3.017484515174228e-08,0.7068658977084845,0.7073475826245114
0.3923902382453703,8.663647443829044e-05,0.4854527681860041,3.4695318262203328e-06,3.017484515174228e-08,0.7068658977084845,0.7073475826245114
0.3926721382453703,8.663647443829044e-05,0.4862699681860041,3.4695318262203328e-06,3.017484515174228e-08,0.7068658977084845,0.7073475826245114
0.3929542382453703,8.663647443829044e-05,0.48708476818600405,3.4695318262203328e-06,3.017484515174228e-08,0.7068658977084845,0.7073475826245114
0.3932365382453703,8.663647443829044e-05,0.48789716818600415,3.4695318262203328e-06,3.017484515174228e-08,0.7068658977084845,0.7073475826245114
0.39351903824537027,8.663647443829044e-05,0.4887071681860041,3.4695318262203328e-06,3.017484515174228e-08,0.7068658977084845,0.7073475826245114
0.3938017382453703,8.663647443829044e-05,0.4895147681860041,3.4695318262203328e-06,3.017484515174228e-08,0.7068658977084845,0.7073475826245114
0.39408463824537027,8.663647443829044e-05,0.4903199681860041,3.4695318262203328e-06,3.017484515174228e-08,0.7068658977084845,0.7073475826245114
0.3943677382453703,8.663647443829044e-05,0.4911227681860041,3.4695318262203328e-06,3.017484515174228e-08,0.7068658977084845,0.7073475826245114
0.3946510382453703,8.663647443829044e-05,0.491923168186004,3.4695318262203328e-06,3.017484515174228e-08,0.7068658977084845,0.7073475826245114
0.3949345382453703,8.663647443829044e-05,0.49272116818600403,3.4695318262203328e-06,3.017484515174228e-08,0.7068658977084845,0.7073475826245114
0.3952182382453703,8.663647443829044e-05,0.4935167681860041,3.4695318262203328e-06,3.017484515174228e-08,0.7068658977084845,0.7073475826245114
0.3955021382453703,8.663647443829044e-05,0.4943099681860041,3.4695318262203328e-06,3.017484515174228e-08,0.7068658977084845,0.7073475826245114
0.3957862382453703,8.663647443829044e-05,0.49510076818600407,3.4695318262203328e-06,3.017484515174228e-08,0.7068658977084845,0.7073475826245114
0.3960705382453703,8.663647443829044e-05,0.49588916818600404,3.4695318262203328e-06,3.017484515174228e-08,0.7068658977084845,0.7073475826245114
0.3963550382453703,8.663647443829044e-05,0.49667516818600405,3.4695318262203328e-06,3.017484515174228e-08,0.7068658977084845,0.7073475826245114
0.3966397382453703,8.663647443829044e-05,0.4974587681860041,3.4695318262203328e-06,3.017484515174228e-08,0.7068658977084845,0.7073475826245114
0.3969246382453703,8.663647443829044e-05,0.4982399681860041,3.4695318262203328e-06,3.017484515174228e-08,0.7068658977084845,0.7073475826245114
0.3972097382453703,8.663647443829044e-05,0.4990187681860041,3.4695318262203328e-06,3.017484515174228e-08,0.7068658977084845,0.7073475826245114
0.39749503824537025,8.663647443829044e-05,0.49979516818600406,3.4695318262203328e-06,3.017484515174228e-08,0.7068658977084845,0.7073475826245114
0.3977805382453703,8.663647443829044e-05,0.500569168186004,3.4695318262203328e-06,3.017484515174228e-08,0.7068658977084845,0.7073475826245114
0.3980662382453703,8.663647443829044e-05,0.5013407681860041,3.4695318262203328e-06,3.017484515174228e-08,0.7068658977084845,0.7073475826245114
0.3983521382453703,8.663647443829044e-05,0.5021099681860041,3.4695318262203328e-06,3.017484515174228e-08,0.7068658977084845,0.7073475826245114
0.39863823824537026,8.663647443829044e-05,0.502876768186004,3.4695318262203328e-06,3.017484515174228e-08,0.7068658977084845,0.7073475826245114
0.3989245382453702,8.663647443829044e-05,0.503641168186004,3.4695318262203328e-06,3.017484515174228e-08,0.7068658977084845,0.7073475826245114
0.3992110382453703,8.663647443829044e-05,0.5044031681860041,3.4695318262203328e-06,3.017484515174228e-08,0.7068658977084845,0.7073475826245114
0.3994977382453703,8.663647443829044e-05,0.5051627681860041,3.4695318262203328e-06,3.017484515174228e-08,0.7068658977084845,0.7073475826245114
0.39978463824537025,8.663647443829044e-05,0.505919968186004,3.4695318262203328e-06,3.017484515174228e-08,0.7068658977084845,0.7073475826245114
0.40007173824537023,8.663647443829044e-05,0.5066747681860041,3.4695318262203328e-06,3.017484515174228e-08,0.7068658977084845,0.7073475826245114
0.4003590382453703,8.663647443829044e-05,0.5074271681860041,3.4695318262203328e-06,3.017484515174228e-08,0.7068658977084845,0.7073475826245114
0.40064653824537033,8.663647443829044e-05,0.508177168186004,3.4695318262203328e-06,3.017484515174228e-08,0.7068658977084845,0.7073475826245114
0.4009342382453703,8.663647443829044e-05,0.5089247681860041,3.4695318262203328e-06,3.017484515174228e-08,0.7068658977084845,0.7073475826245114
0.40122213824537023,8.663647443829044e-05,0.5096699681860041,3.4695318262203328e-06,3.017484515174228e-08,0.7068658977084845,0.7073475826245114
0.4015102382453703,8.663647443829044e-05,0.5104127681860041,3.4695318262203328e-06,3.017484515174228e-08,0.7068658977084845,0.7073475826245114
0.40179853824537026,8.663647443829044e-05,0.5111531681860041,3.4695318262203328e-06,3.017484515174228e-08,0.7068658977084845,0.7073475826245114
0.4020870382453703,8.663647443829044e-05,0.511891168186004,3.4695318262203328e-06,3.017484515174228e-08,0.7068658977084845,0.7073475826245114
0.40237573824537026,8.663647443829044e-05,0.5126267681860041,3.4695318262203328e-06,3.017484515174228e-08,0.7068658977084845,0.7073475826245114
0.4026646382453703,8.663647443829044e-05,0.513359968186004,3.4695318262203328e-06,3.017484515174228e-08,0.7068658977084845,0.7073475826245114
0.40295373824537023,8.663647443829044e-05,0.5140907681860041,3.4695318262203328e-06,3.017484515174228e-08,0.7068658977084845,0.7073475826245114
0.4032430382453703,8.663647443829044e-05,0.514819168186004,3.4695318262203328e-06,3.017484515174228e-08,0.7068658977084845,0.7073475826245114
0.4035325382453703,8.663647443829044e-05,0.515545168186004,3.4695318262203328e-06,3.017484515174228e-08,0.7068658977084845,0.7073475826245114
0.4038222382453703,8.663647443829044e-05,0.516268768186004,3.4695318262203328e-06,3.017484515174228e-08,0.7068658977084845,0.7073475826245114
0.40411213824537023,8.663647443829044e-05,0.516989968186004,3.4695318262203328e-06,3.017484515174228e-08,0.7068658977084845,0.7073475826245114
0.4044022382453703,8.663647443829044e-05,0.5177087681860041,3.4695318262203328e-06,3.017484515174228e-08,0.7068658977084845,0.7073475826245114
0.40469253824537027,8.663647443829044e-05,0.518425168186004,3.4695318262203328e-06,3.017484515174228e-08,0.7068658977084845,0.7073475826245114
0.4049830382453703,8.663647443829044e-05,0.519139168186004,3.4695318262203328e-06,3.017484515174228e-08,0.7068658977084845,0.7073475826245114
0.4052737382453703,8.663647443829044e-05,0.5198507681860041,3.4695318262203328e-06,3.017484515174228e-08,0.7068658977084845,0.7073475826245114
0.40556463824537026,8.663647443829044e-05,0.520559968186004,3.4695318262203328e-06,3.017484515174228e-08,0.7068658977084845,0.7073475826245114
0.40585573824537025,8.663647443829044e-05,0.5212667681860041,3.4695318262203328e-06,3.017484515174228e-08,0.7068658977084845,0.7073475826245114
0.4061470382453703,8.663647443829044e-05,0.5219711681860041,3.4695318262203328e-06,3.017484515174228e-08,0.7068658977084845,0.7073475826245114
0.40643853824537024,8.663647443829044e-05,0.5226731681860041,3.4695318262203328e-06,3.017484515174228e-08,0.7068658977084845,0.7073475826245114
0.4067302382453703,8.663647443829044e-05,0.5233727681860041,3.4695318262203328e-06,3.017484515174228e-08,0.7068658977084845,0.7073475826245114
0.40702213824537026,8.663647443829044e-05,0.524069968186004,3.4695318262203328e-06,3.017484515174228e-08,0.7068658977084845,0.7073475826245114
0.4073142382453703,8.663647443829044e-05,0.5247647681860041,3.4695318262203328e-06,3.017484515174228e-08,0.7068658977084845,0.7073475826245114
0.40760653824537024,8.663647443829044e-05,0.5254571681860041,3.4695318262203328e-06,3.017484515174228e-08,0.7068658977084845,0.7073475826245114
0.40789903824537027,8.663647443829044e-05,0.526147168186004,3.4695318262203328e-06,3.017484515174228e-08,0.7068658977084845,0.7073475826245114
0.40819173824537025,8.663647443829044e-05,0.5268347681860042,3.4695318262203328e-06,3.017484515174228e-08,0.7068658977084845,0.7073475826245114
0.4084846382453703,8.663647443829044e-05,0.527519968186004,3.4695318262203328e-06,3.017484515174228e-08,0.7068658977084845,0.7073475826245114
0.4087777382453703,8.663647443829044e-05,0.5282027681860041,3.4695318262203328e-06,3.017484515174228e-08,0.7068658977084845,0.7073475826245114
0.4090710382453703,8.663647443829044e-05,0.528883168186004,3.4695318262203328e-06,3.017484515174228e-08,0.7068658977084845,0.7073475826245114
0.4093645382453703,8.663647443829044e-05,0.5295611681860041,3.4695318262203328e-06,3.017484515174228e-08,0.7068658977084845,0.7073475826245114
0.4096582382453703,8.663647443829044e-05,0.5302367681860041,3.4695318262203328e-06,3.017484515174228e-08,0.7068658977084845,0.7073475826245114
0.40995213824537025,8.663647443829044e-05,0.530909968186004,3.4695318262203328e-06,3.017484515174228e-08,0.7068658977084845,0.7073475826245114
0.41024623824537026,8.663647443829044e-05,0.5315807681860041,3.4695318262203328e-06,3.017484515174228e-08,0.7068658977084845,0.7073475826245114
0.4105405382453703,8.663647443829044e-05,0.5322491681860041,3.4695318262203328e-06,3.017484515174228e-08,0.7068658977084845,0.7073475826245114
0.41083503824537027,8.663647443829044e-05,0.532915168186004,3.4695318262203328e-06,3.017484515174228e-08,0.7068658977084845,0.7073475826245114
0.41112973824537025,8.663647443829044e-05,0.533578768186004,3.4695318262203328e-06,3.017484515174228e-08,0.7068658977084845,0.7073475826245114
0.4114246382453703,8.663647443829044e-05,0.534239968186004,3.4695318262203328e-06,3.017484515174228e-08,0.7068658977084845,0.7073475826245114
0.4117197382453703,8.663647443829044e-05,0.5348987681860041,3.4695318262203328e-06,3.017484515174228e-08,0.7068658977084845,0.7073475826245114
0.4120150382453703,8.663647443829044e-05,0.535555168186004,3.4695318262203328e-06,3.017484515174228e-08,0.7068658977084845,0.7073475826245114
0.4123105382453703,8.663647443829044e-05,0.5362091681860041,3.4695318262203328e-06,3.017484515174228e-08,0.7068658977084845,0.7073475826245114
0.4126062382453703,8.663647443829044e-05,0.536860768186004,3.4695318262203328e-06,3.017484515174228e-08,0.7068658977084845,0.7073475826245114
0.41290213824537025,8.663647443829044e-05,0.537509968186004,3.4695318262203328e-06,3.017484515174228e-08,0.7068658977084845,0.7073475826245114
0.4131982382453703,8.663647443829044e-05,0.5381567681860041,3.4695318262203328e-06,3.017484515174228e-08,0.7068658977084845,0.7073475826245114
0.41349453824537025,8.663647443829044e-05,0.538801168186004,3.4695318262203328e-06,3.017484515174228e-08,0.7068658977084845,0.7073475826245114
0.4137910382453703,8.663647443829044e-05,0.5394431681860041,3.4695318262203328e-06,3.017484515174228e-08,0.7068658977084845,0.7073475826245114
0.41408773824537026,8.663647443829044e-05,0.540082768186004,3.4695318262203328e-06,3.017484515174228e-08,0.7068658977084845,0.7073475826245114
0.4143846382453703,8.663647443829044e-05,0.540719968186004,3.4695318262203328e-06,3.017484515174228e-08,0.7068658977084845,0.7073475826245114
0.41468173824537025,8.663647443829044e-05,0.541354768186004,3.4695318262203328e-06,3.017484515174228e-08,0.7068658977084845,0.7073475826245114
0.4149790382453703,8.663647443829044e-05,0.541987168186004,3.4695318262203328e-06,3.017484515174228e-08,0.7068658977084845,0.7073475826245114
0.41527653824537025,8.663647443829044e-05,0.5426171681860041,3.4695318262203328e-06,3.017484515174228e-08,0.7068658977084845,0.7073475826245114
0.4155742382453703,8.663647443829044e-05,0.5432447681860041,3.4695318262203328e-06,3.017484515174228e-08,0.7068658977084845,0.7073475826245114
0.4158721382453703,8.663647443829044e-05,0.5438699681860041,3.4695318262203328e-06,3.017484515174228e-08,0.7068658977084845,0.7073475826245114
0.4161702382453703,8.663647443829044e-05,0.5444927681860041,3.4695318262203328e-06,3.017484515174228e-08,0.7068658977084845,0.7073475826245114
0.4164685382453703,8.663647443829044e-05,0.545113168186004,3.4695318262203328e-06,3.017484515174228e-08,0.7068658977084845,0.7073475826245114
0.4167670382453703,8.663647443829044e-05,0.5457311681860041,3.4695318262203328e-06,3.017484515174228e-08,0.7068658977084845,0.7073475826245114
0.4170657382453703,8.663647443829044e-05,0.5463467681860039,3.4695318262203328e-06,3.017484515174228e-08,0.7068658977084845,0.7073475826245114
0.4173646382453703,8.663647443829044e-05,0.546959968186004,3.4695318262203328e-06,3.017484515174228e-08,0.7068658977084845,0.7073475826245114
0.4176637382453703,8.663647443829044e-05,0.547570768186004,3.4695318262203328e-06,3.017484515174228e-08,0.7068658977084845,0.7073475826245114
0.4179630382453703,8.663647443829044e-05,0.548179168186004,3.4695318262203328e-06,3.017484515174228e-08,0.7068658977084845,0.7073475826245114
0.4182625382453703,8.663647443829044e-05,0.5487851681860041,3.4695318262203328e-06,3.017484515174228e-08,0.7068658977084845,0.7073475826245114
0.4185622382453703,8.663647443829044e-05,0.5493887681860041,3.4695318262203328e-06,3.017484515174228e-08,0.7068658977084845,0.7073475826245114
0.4188621382453703,8.663647443829044e-05,0.5499899681860041,3.4695318262203328e-06,3.017484515174228e-08,0.7068658977084845,0.7073475826245114
0.41916223824537024,8.663647443829044e-05,0.5505887681860041,3.4695318262203328e-06,3.017484515174228e-08,0.7068658977084845,0.7073475826245114
0.4194625382453703,8.663647443829044e-05,0.551185168186004,3.4695318262203328e-06,3.017484515174228e-08,0.7068658977084845,0.7073475826245114
0.4197630382453703,8.663647443829044e-05,0.5517791681860041,3.4695318262203328e-06,3.017484515174228e-08,0.7068658977084845,0.7073475826245114
0.4200637382453703,8.663647443829044e-05,0.552370768186004,3.4695318262203328e-06,3.017484515174228e-08,0.7068658977084845,0.7073475826245114
0.42036463824537024,8.663647443829044e-05,0.552959968186004,3.4695318262203328e-06,3.017484515174228e-08,0.7068658977084845,0.7073475826245114
0.4206657382453703,8.663647443829044e-05,0.553546768186004,3.4695318262203328e-06,3.017484515174228e-08,0.7068658977084845,0.7073475826245114
0.42096703824537024,8.663647443829044e-05,0.554131168186004,3.4695318262203328e-06,3.017484515174228e-08,0.7068658977084845,0.7073475826245114
0.4212685382453703,8.663647443829044e-05,0.5547131681860041,3.4695318262203328e-06,3.017484515174228e-08,0.7068658977084845,0.7073475826245114
0.42157023824537027,8.663647443829044e-05,0.555292768186004,3.4695318262203328e-06,3.017484515174228e-08,0.7068658977084845,0.7073475826245114
0.4218721382453703,8.663647443829044e-05,0.5558699681860041,3.4695318262203328e-06,3.017484515174228e-08,0.7068658977084845,0.7073475826245114
0.42217423824537026,8.663647443829044e-05,0.5564447681860041,3.4695318262203328e-06,3.017484515174228e-08,0.7068658977084845,0.7073475826245114
0.4224765382453703,8.663647443829044e-05,0.557017168186004,3.4695318262203328e-06,3.017484515174228e-08,0.7068658977084845,0.7073475826245114
0.4227790382453703,8.663647443829044e-05,0.5575871681860041,3.4695318262203328e-06,3.017484515174228e-08,0.7068658977084845,0.7073475826245114
0.42308173824537026,8.663647443829044e-05,0.558154768186004,3.4695318262203328e-06,3.017484515174228e-08,0.7068658977084845,0.7073475826245114
0.42338463824537026,8.663647443829044e-05,0.5587199681860041,3.4695318262203328e-06,3.017484515174228e-08,0.7068658977084845,0.7073475826245114
0.42368773824537026,8.663647443829044e-05,0.5592827681860041,3.4695318262203328e-06,3.017484515174228e-08,0.7068658977084845,0.7073475826245114
0.42399103824537027,8.663647443829044e-05,0.5598431681860041,3.4695318262203328e-06,3.017484515174228e-08,0.7068658977084845,0.7073475826245114
0.4242945382453703,8.663647443829044e-05,0.5604011681860042,3.4695318262203328e-06,3.017484515174228e-08,0.7068658977084845,0.7073475826245114
0.42459823824537024,8.663647443829044e-05,0.560956768186004,3.4695318262203328e-06,3.017484515174228e-08,0.7068658977084845,0.7073475826245114
0.42490213824537026,8.663647443829044e-05,0.5615099681860041,3.4695318262203328e-06,3.017484515174228e-08,0.7068658977084845,0.7073475826245114
0.42520623824537024,8.663647443829044e-05,0.562060768186004,3.4695318262203328e-06,3.017484515174228e-08,0.7068658977084845,0.7073475826245114
0.4255105382453703,8.663647443829044e-05,0.562609168186004,3.4695318262203328e-06,3.017484515174228e-08,0.7068658977084845,0.7073475826245114
0.42581503824537026,8.663647443829044e-05,0.5631551681860041,3.4695318262203328e-06,3.017484515174228e-08,0.7068658977084845,0.7073475826245114
0.4261197382453703,8.663647443829044e-05,0.563698768186004,3.4695318262203328e-06,3.017484515174228e-08,0.7068658977084845,0.7073475826245114
0.42642463824537025,8.663647443829044e-05,0.5642399681860041,3.4695318262203328e-06,3.017484515174228e-08,0.7068658977084845,0.7073475826245114
0.4267297382453703,8.663647443829044e-05,0.564778768186004,3.4695318262203328e-06,3.017484515174228e-08,0.7068658977084845,0.7073475826245114
0.42703503824537026,8.663647443829044e-05,0.565315168186004,3.4695318262203328e-06,3.017484515174228e-08,0.7068658977084845,0.7073475826245114
0.42734053824537027,8.663647443829044e-05,0.5658491681860042,3.4695318262203328e-06,3.017484515174228e-08,0.7068658977084845,0.7073475826245114
0.4276462382453703,8.663647443829044e-05,0.566380768186004,3.4695318262203328e-06,3.017484515174228e-08,0.7068658977084845,0.7073475826245114
0.4279521382453703,8.663647443829044e-05,0.5669099681860041,3.4695318262203328e-06,3.017484515174228e-08,0.7068658977084845,0.7073475826245114
0.4282582382453703,8.663647443829044e-05,0.567436768186004,3.4695318262203328e-06,3.017484515174228e-08,0.7068658977084845,0.7073475826245114
0.4285645382453703,8.663647443829044e-05,0.5679611681860041,3.4695318262203328e-06,3.017484515174228e-08,0.7068658977084845,0.7073475826245114
0.42887103824537026,8.663647443829044e-05,0.5684831681860041,3.4695318262203328e-06,3.017484515174228e-08,0.7068658977084845,0.7073475826245114
0.4291777382453703,8.663647443829044e-05,0.569002768186004,3.4695318262203328e-06,3.017484515174228e-08,0.7068658977084845,0.7073475826245114
0.42948463824537025,8.663647443829044e-05,0.5695199681860041,3.4695318262203328e-06,3.017484515174228e-08,0.7068658977084845,0.7073475826245114
0.4297917382453703,8.663647443829044e-05,0.570034768186004,3.4695318262203328e-06,3.017484515174228e-08,0.7068658977084845,0.7073475826245114
0.43009903824537027,8.663647443829044e-05,0.570547168186004,3.4695318262203328e-06,3.017484515174228e-08,0.7068658977084845,0.7073475826245114
0.43040653824537023,8.663647443829044e-05,0.571057168186004,3.4695318262203328e-06,3.017484515174228e-08,0.7068658977084845,0.7073475826245114
0.43071423824537025,8.663647443829044e-05,0.571564768186004,3.4695318262203328e-06,3.017484515174228e-08,0.7068658977084845,0.7073475826245114
0.4310221382453703,8.663647443829044e-05,0.5720699681860041,3.4695318262203328e-06,3.017484515174228e-08,0.7068658977084845,0.7073475826245114
0.43133023824537026,8.663647443829044e-05,0.572572768186004,3.4695318262203328e-06,3.017484515174228e-08,0.7068658977084845,0.7073475826245114
0.43163853824537024,8.663647443829044e-05,0.5730731681860041,3.4695318262203328e-06,3.017484515174228e-08,0.7068658977084845,0.7073475826245114
0.4319470382453703,8.663647443829044e-05,0.5735711681860041,3.4695318262203328e-06,3.017484515174228e-08,0.7068658977084845,0.7073475826245114
0.4322557382453703,8.663647443829044e-05,0.5740667681860041,3.4695318262203328e-06,3.017484515174228e-08,0.7068658977084845,0.7073475826245114
0.4325646382453703,8.663647443829044e-05,0.5745599681860041,3.4695318262203328e-06,3.017484515174228e-08,0.7068658977084845,0.7073475826245114
0.43287373824537023,8.663647443829044e-05,0.575050768186004,3.4695318262203328e-06,3.017484515174228e-08,0.7068658977084845,0.7073475826245114
0.4331830382453703,8.663647443829044e-05,0.575539168186004,3.4695318262203328e-06,3.017484515174228e-08,0.7068658977084845,0.7073475826245114
0.4334925382453703,8.663647443829044e-05,0.576025168186004,3.4695318262203328e-06,3.017484515174228e-08,0.7068658977084845,0.7073475826245114
0.4338022382453703,8.663647443829044e-05,0.576508768186004,3.4695318262203328e-06,3.017484515174228e-08,0.7068658977084845,0.7073475826245114
0.43411213824537026,8.663647443829044e-05,0.576989968186004,3.4695318262203328e-06,3.017484515174228e-08,0.7068658977084845,0.7073475826245114
0.4344222382453703,8.663647443829044e-05,0.577468768186004,3.4695318262203328e-06,3.017484515174228e-08,0.7068658977084845,0.7073475826245114
0.4347325382453703,8.663647443829044e-05,0.577945168186004,3.4695318262203328e-06,3.017484515174228e-08,0.7068658977084845,0.7073475826245114
0.4350430382453703,8.663647443829044e-05,0.578419168186004,3.4695318262203328e-06,3.017484515174228e-08,0.7068658977084845,0.7073475826245114
0.43535373824537027,8.663647443829044e-05,0.578890768186004,3.4695318262203328e-06,3.017484515174228e-08,0.7068658977084845,0.7073475826245114
0.4356646382453703,8.663647443829044e-05,0.5793599681860041,3.4695318262203328e-06,3.017484515174228e-08,0.7068658977084845,0.7073475826245114
0.4359757382453703,8.663647443829044e-05,0.579826768186004,3.4695318262203328e-06,3.017484515174228e-08,0.7068658977084845,0.7073475826245114
0.4362870382453703,8.663647443829044e-05,0.5802911681860041,3.4695318262203328e-06,3.017484515174228e-08,0.7068658977084845,0.7073475826245114
0.43659853824537026,8.663647443829044e-05,0.5807531681860041,3.4695318262203328e-06,3.017484515174228e-08,0.7068658977084845,0.7073475826245114
0.4369102382453703,8.663647443829044e-05,0.5812127681860041,3.4695318262203328e-06,3.017484515174228e-08,0.7068658977084845,0.7073475826245114
0.4372221382453703,8.663647443829044e-05,0.581669968186004,3.4695318262203328e-06,3.017484515174228e-08,0.7068658977084845,0.7073475826245114
0.4375342382453703,8.663647443829044e-05,0.582124768186004,3.4695318262203328e-06,3.017484515174228e-08,0.7068658977084845,0.7073475826245114
0.43784653824537023,8.663647443829044e-05,0.5825771681860041,3.4695318262203328e-06,3.017484515174228e-08,0.7068658977084845,0.7073475826245114
0.4381590382453703,8.663647443829044e-05,0.583027168186004,3.4695318262203328e-06,3.017484515174228e-08,0.7068658977084845,0.7073475826245114
0.43847173824537033,8.663647443829044e-05,0.5834747681860041,3.4695318262203328e-06,3.017484515174228e-08,0.7068658977084845,0.7073475826245114
0.4387846382453703,8.663647443829044e-05,0.583919968186004,3.4695318262203328e-06,3.017484515174228e-08,0.7068658977084845,0.7073475826245114
0.43909773824537024,8.663647443829044e-05,0.584362768186004,3.4695318262203328e-06,3.017484515174228e-08,0.7068658977084845,0.7073475826245114
0.4394110382453703,8.663647443829044e-05,0.5848031681860041,3.4695318262203328e-06,3.017484515174228e-08,0.7068658977084845,0.7073475826245114
0.43972453824537033,8.663647443829044e-05,0.5852411681860041,3.4695318262203328e-06,3.017484515174228e-08,0.7068658977084845,0.7073475826245114
0.4400382382453703,8.663647443829044e-05,0.5856767681860041,3.4695318262203328e-06,3.017484515174228e-08,0.7068658977084845,0.7073475826245114
0.4403521382453703,8.663647443829044e-05,0.586109968186004,3.4695318262203328e-06,3.017484515174228e-08,0.7068658977084845,0.7073475826245114
0.44066623824537027,8.663647443829044e-05,0.586540768186004,3.4695318262203328e-06,3.017484515174228e-08,0.7068658977084845,0.7073475826245114
0.4409805382453703,8.663647443829044e-05,0.5869691681860041,3.4695318262203328e-06,3.017484515174228e-08,0.7068658977084845,0.7073475826245114
0.4412950382453703,8.663647443829044e-05,0.587395168186004,3.4695318262203328e-06,3.017484515174228e-08,0.7068658977084845,0.7073475826245114
0.44160973824537025,8.663647443829044e-05,0.5878187681860041,3.4695318262203328e-06,3.017484515174228e-08,0.7068658977084845,0.7073475826245114
0.4419246382453703,8.663647443829044e-05,0.588239968186004,3.4695318262203328e-06,3.017484515174228e-08,0.7068658977084845,0.7073475826245114
0.44223973824537033,8.663647443829044e-05,0.588658768186004,3.4695318262203328e-06,3.017484515174228e-08,0.7068658977084845,0.7073475826245114
0.4425550382453703,8.663647443829044e-05,0.5890751681860041,3.4695318262203328e-06,3.017484515174228e-08,0.7068658977084845,0.7073475826245114
0.44287053824537026,8.663647443829044e-05,0.589489168186004,3.4695318262203328e-06,3.017484515174228e-08,0.7068658977084845,0.7073475826245114
0.4431862382453703,8.663647443829044e-05,0.5899007681860041,3.4695318262203328e-06,3.017484515174228e-08,0.7068658977084845,0.7073475826245114
0.4435021382453703,8.663647443829044e-05,0.590309968186004,3.4695318262203328e-06,3.017484515174228e-08,0.7068658977084845,0.7073475826245114
0.4438182382453703,8.663647443829044e-05,0.590716768186004,3.4695318262203328e-06,3.017484515174228e-08,0.7068658977084845,0.7073475826245114
0.44413453824537025,8.663647443829044e-05,0.5911211681860041,3.4695318262203328e-06,3.017484515174228e-08,0.7068658977084845,0.7073475826245114
0.4444510382453703,8.663647443829044e-05,0.591523168186004,3.4695318262203328e-06,3.017484515174228e-08,0.7068658977084845,0.7073475826245114
0.44476773824537025,8.663647443829044e-05,0.5919227681860041,3.4695318262203328e-06,3.017484515174228e-08,0.7068658977084845,0.7073475826245114
0.4450846382453703,8.663647443829044e-05,0.5923199681860041,3.4695318262203328e-06,3.017484515174228e-08,0.7068658977084845,0.7073475826245114
0.44540173824537027,8.663647443829044e-05,0.5927147681860041,3.4695318262203328e-06,3.017484515174228e-08,0.7068658977084845,0.7073475826245114
0.4457190382453703,8.663647443829044e-05,0.5931071681860041,3.4695318262203328e-06,3.017484515174228e-08,0.7068658977084845,0.7073475826245114
0.44603653824537026,8.663647443829044e-05,0.593497168186004,3.4695318262203328e-06,3.017484515174228e-08,0.7068658977084845,0.7073475826245114
0.4463542382453703,8.663647443829044e-05,0.5938847681860041,3.4695318262203328e-06,3.017484515174228e-08,0.7068658977084845,0.7073475826245114
0.4466721382453703,8.663647443829044e-05,0.594269968186004,3.4695318262203328e-06,3.017484515174228e-08,0.7068658977084845,0.7073475826245114
0.4469902382453703,8.663647443829044e-05,0.5946527681860041,3.4695318262203328e-06,3.017484515174228e-08,0.7068658977084845,0.7073475826245114
0.44730853824537026,8.663647443829044e-05,0.595033168186004,3.4695318262203328e-06,3.017484515174228e-08,0.7068658977084845,0.7073475826245114
0.4476270382453703,8.663647443829044e-05,0.595411168186004,3.4695318262203328e-06,3.017484515174228e-08,0.7068658977084845,0.7073475826245114
0.44794573824537026,8.663647443829044e-05,0.5957867681860041,3.4695318262203328e-06,3.017484515174228e-08,0.7068658977084845,0.7073475826245114
0.44826463824537033,8.663647443829044e-05,0.596159968186004,3.4695318262203328e-06,3.017484515174228e-08,0.7068658977084845,0.7073475826245114
0.4485837382453703,8.663647443829044e-05,0.596530768186004,3.4695318262203328e-06,3.017484515174228e-08,0.7068658977084845,0.7073475826245114
0.4489030382453703,8.663647443829044e-05,0.5968991681860041,3.4695318262203328e-06,3.017484515174228e-08,0.7068658977084845,0.7073475826245114
0.4492225382453703,8.663647443829044e-05,0.597265168186004,3.4695318262203328e-06,3.017484515174228e-08,0.7068658977084845,0.7073475826245114
0.4495422382453703,8.663647443829044e-05,0.5976287681860041,3.4695318262203328e-06,3.017484515174228e-08,0.7068658977084845,0.7073475826245114
0.4498621382453703,8.663647443829044e-05,0.5979899681860039,3.4695318262203328e-06,3.017484515174228e-08,0.7068658977084845,0.7073475826245114
0.4501822382453703,8.663647443829044e-05,0.598348768186004,3.4695318262203328e-06,3.017484515174228e-08,0.7068658977084845,0.7073475826245114
0.4505025382453703,8.663647443829044e-05,0.598705168186004,3.4695318262203328e-06,3.017484515174228e-08,0.7068658977084845,0.7073475826245114
0.4508230382453703,8.663647443829044e-05,0.599059168186004,3.4695318262203328e-06,3.017484515174228e-08,0.7068658977084845,0.7073475826245114
0.4511437382453703,8.663647443829044e-05,0.5994107681860041,3.4695318262203328e-06,3.017484515174228e-08,0.7068658977084845,0.7073475826245114
0.4514646382453703,8.663647443829044e-05,0.5997599681860041,3.4695318262203328e-06,3.017484515174228e-08,0.7068658977084845,0.7073475826245114
0.45178573824537027,8.663647443829044e-05,0.6001067681860041,3.4695318262203328e-06,3.017484515174228e-08,0.7068658977084845,0.7073475826245114
0.4521070382453703,8.663647443829044e-05,0.6004511681860041,3.4695318262203328e-06,3.017484515174228e-08,0.7068658977084845,0.7073475826245114
0.45242853824537027,8.663647443829044e-05,0.600793168186004,3.4695318262203328e-06,3.017484515174228e-08,0.7068658977084845,0.7073475826245114
0.4527502382453703,8.663647443829044e-05,0.601132768186004,3.4695318262203328e-06,3.017484515174228e-08,0.7068658977084845,0.7073475826245114
0.4530721382453703,8.663647443829044e-05,0.601469968186004,3.4695318262203328e-06,3.017484515174228e-08,0.7068658977084845,0.7073475826245114
0.4533942382453703,8.663647443829044e-05,0.6018047681860041,3.4695318262203328e-06,3.017484515174228e-08,0.7068658977084845,0.7073475826245114
0.4537165382453703,8.663647443829044e-05,0.602137168186004,3.4695318262203328e-06,3.017484515174228e-08,0.7068658977084845,0.7073475826245114
0.45403903824537034,8.663647443829044e-05,0.6024671681860041,3.4695318262203328e-06,3.017484515174228e-08,0.7068658977084845,0.7073475826245114
0.4543617382453703,8.663647443829044e-05,0.6027947681860041,3.4695318262203328e-06,3.017484515174228e-08,0.7068658977084845,0.7073475826245114
0.45468463824537025,8.663647443829044e-05,0.603119968186004,3.4695318262203328e-06,3.017484515174228e-08,0.7068658977084845,0.7073475826245114
0.4550077382453703,8.663647443829044e-05,0.6034427681860041,3.4695318262203328e-06,3.017484515174228e-08,0.7068658977084845,0.7073475826245114
0.4553310382453703,8.663647443829044e-05,0.603763168186004,3.4695318262203328e-06,3.017484515174228e-08,0.7068658977084845,0.7073475826245114
0.4556545382453703,8.663647443829044e-05,0.6040811681860041,3.4695318262203328e-06,3.017484515174228e-08,0.7068658977084845,0.7073475826245114
0.4559782382453702,8.663647443829044e-05,0.6043967681860041,3.4695318262203328e-06,3.017484515174228e-08,0.7068658977084845,0.7073475826245114
0.45630213824537025,8.663647443829044e-05,0.604709968186004,3.4695318262203328e-06,3.017484515174228e-08,0.7068658977084845,0.7073475826245114
0.45662623824537024,8.663647443829044e-05,0.6050207681860041,3.4695318262203328e-06,3.017484515174228e-08,0.7068658977084845,0.7073475826245114
0.45695053824537024,8.663647443829044e-05,0.605329168186004,3.4695318262203328e-06,3.017484515174228e-08,0.7068658977084845,0.7073475826245114
0.4572750382453702,8.663647443829044e-05,0.605635168186004,3.4695318262203328e-06,3.017484515174228e-08,0.7068658977084845,0.7073475826245114
0.45759973824537026,8.663647443829044e-05,0.6059387681860041,3.4695318262203328e-06,3.017484515174228e-08,0.7068658977084845,0.7073475826245114
0.4579246382453703,8.663647443829044e-05,0.606239968186004,3.4695318262203328e-06,3.017484515174228e-08,0.7068658977084845,0.7073475826245114
0.45824973824537024,8.663647443829044e-05,0.606538768186004,3.4695318262203328e-06,3.017484515174228e-08,0.7068658977084845,0.7073475826245114
0.4585750382453702,8.663647443829044e-05,0.606835168186004,3.4695318262203328e-06,3.017484515174228e-08,0.7068658977084845,0.7073475826245114
0.45890053824537025,8.663647443829044e-05,0.607129168186004,3.4695318262203328e-06,3.017484515174228e-08,0.7068658977084845,0.7073475826245114
0.4592262382453703,8.663647443829044e-05,0.607420768186004,3.4695318262203328e-06,3.017484515174228e-08,0.7068658977084845,0.7073475826245114
0.4595521382453702,8.663647443829044e-05,0.607709968186004,3.4695318262203328e-06,3.017484515174228e-08,0.7068658977084845,0.7073475826245114
0.4598782382453702,8.663647443829044e-05,0.6079967681860041,3.4695318262203328e-06,3.017484515174228e-08,0.7068658977084845,0.7073475826245114
0.4602045382453702,8.663647443829044e-05,0.6082811681860041,3.4695318262203328e-06,3.017484515174228e-08,0.7068658977084845,0.7073475826245114
0.4605310382453703,8.663647443829044e-05,0.6085631681860041,3.4695318262203328e-06,3.017484515174228e-08,0.7068658977084845,0.7073475826245114
0.46085773824537024,8.663647443829044e-05,0.608842768186004,3.4695318262203328e-06,3.017484515174228e-08,0.7068658977084845,0.7073475826245114
0.4611846382453702,8.663647443829044e-05,0.609119968186004,3.4695318262203328e-06,3.017484515174228e-08,0.7068658977084845,0.7073475826245114
0.46151173824537023,8.663647443829044e-05,0.609394768186004,3.4695318262203328e-06,3.017484515174228e-08,0.7068658977084845,0.7073475826245114
0.46183903824537026,8.663647443829044e-05,0.609667168186004,3.4695318262203328e-06,3.017484515174228e-08,0.7068658977084845,0.7073475826245114
0.46216653824537024,8.663647443829044e-05,0.6099371681860041,3.4695318262203328e-06,3.017484515174228e-08,0.7068658977084845,0.7073475826245114
0.4624942382453702,8.663647443829044e-05,0.610204768186004,3.4695318262203328e-06,3.017484515174228e-08,0.7068658977084845,0.7073475826245114
0.4628221382453703,8.663647443829044e-05,0.6104699681860041,3.4695318262203328e-06,3.017484515174228e-08,0.7068658977084845,0.7073475826245114
0.46315023824537027,8.663647443829044e-05,0.6107327681860041,3.4695318262203328e-06,3.017484515174228e-08,0.7068658977084845,0.7073475826245114
0.4634785382453703,8.663647443829044e-05,0.610993168186004,3.4695318262203328e-06,3.017484515174228e-08,0.7068658977084845,0.7073475826245114
0.46380703824537023,8.663647443829044e-05,0.611251168186004,3.4695318262203328e-06,3.017484515174228e-08,0.7068658977084845,0.7073475826245114
0.46413573824537024,8.663647443829044e-05,0.611506768186004,3.4695318262203328e-06,3.017484515174228e-08,0.7068658977084845,0.7073475826245114
0.4644646382453702,8.663647443829044e-05,0.611759968186004,3.4695318262203328e-06,3.017484515174228e-08,0.7068658977084845,0.7073475826245114
0.46479373824537024,8.663647443829044e-05,0.6120107681860041,3.4695318262203328e-06,3.017484515174228e-08,0.7068658977084845,0.7073475826245114
0.4651230382453702,8.663647443829044e-05,0.612259168186004,3.4695318262203328e-06,3.017484515174228e-08,0.7068658977084845,0.7073475826245114
0.46545253824537025,8.663647443829044e-05,0.6125051681860041,3.4695318262203328e-06,3.017484515174228e-08,0.7068658977084845,0.7073475826245114
0.46578223824537024,8.663647443829044e-05,0.612748768186004,3.4695318262203328e-06,3.017484515174228e-08,0.7068658977084845,0.7073475826245114
0.46611213824537023,8.663647443829044e-05,0.612989968186004,3.4695318262203328e-06,3.017484515174228e-08,0.7068658977084845,0.7073475826245114
0.46644223824537023,8.663647443829044e-05,0.613228768186004,3.4695318262203328e-06,3.017484515174228e-08,0.7068658977084845,0.7073475826245114
0.46677253824537024,8.663647443829044e-05,0.613465168186004,3.4695318262203328e-06,3.017484515174228e-08,0.7068658977084845,0.7073475826245114
0.46710303824537025,8.663647443829044e-05,0.613699168186004,3.4695318262203328e-06,3.017484515174228e-08,0.7068658977084845,0.7073475826245114
0.46743373824537027,8.663647443829044e-05,0.613930768186004,3.4695318262203328e-06,3.017484515174228e-08,0.7068658977084845,0.7073475826245114
0.46776463824537023,8.663647443829044e-05,0.614159968186004,3.4695318262203328e-06,3.017484515174228e-08,0.7068658977084845,0.7073475826245114
0.46809573824537026,8.663647443829044e-05,0.6143867681860041,3.4695318262203328e-06,3.017484515174228e-08,0.7068658977084845,0.7073475826245114
0.46842703824537024,8.663647443829044e-05,0.614611168186004,3.4695318262203328e-06,3.017484515174228e-08,0.7068658977084845,0.7073475826245114
0.4687585382453703,8.663647443829044e-05,0.6148331681860041,3.4695318262203328e-06,3.017484515174228e-08,0.7068658977084845,0.7073475826245114
0.4690902382453702,8.663647443829044e-05,0.615052768186004,3.4695318262203328e-06,3.017484515174228e-08,0.7068658977084845,0.7073475826245114
0.4694221382453702,8.663647443829044e-05,0.6152699681860041,3.4695318262203328e-06,3.017484515174228e-08,0.7068658977084845,0.7073475826245114
0.4697542382453702,8.663647443829044e-05,0.6154847681860041,3.4695318262203328e-06,3.017484515174228e-08,0.7068658977084845,0.7073475826245114
0.4700865382453703,8.663647443829044e-05,0.6156971681860041,3.4695318262203328e-06,3.017484515174228e-08,0.7068658977084845,0.7073475826245114
0.47041903824537024,8.663647443829044e-05,0.6159071681860041,3.4695318262203328e-06,3.017484515174228e-08,0.7068658977084845,0.7073475826245114
0.4707517382453702,8.663647443829044e-05,0.616114768186004,3.4695318262203328e-06,3.017484515174228e-08,0.7068658977084845,0.7073475826245114
0.4710846382453702,8.663647443829044e-05,0.616319968186004,3.4695318262203328e-06,3.017484515174228e-08,0.7068658977084845,0.7073475826245114
0.47141773824537025,8.663647443829044e-05,0.616522768186004,3.4695318262203328e-06,3.017484515174228e-08,0.7068658977084845,0.7073475826245114
0.47175103824537024,8.663647443829044e-05,0.616723168186004,3.4695318262203328e-06,3.017484515174228e-08,0.7068658977084845,0.7073475826245114
0.4720845382453702,8.663647443829044e-05,0.6169211681860041,3.4695318262203328e-06,3.017484515174228e-08,0.7068658977084845,0.7073475826245114
0.47241823824537027,8.663647443829044e-05,0.617116768186004,3.4695318262203328e-06,3.017484515174228e-08,0.7068658977084845,0.7073475826245114
0.47275213824537027,8.663647443829044e-05,0.617309968186004,3.4695318262203328e-06,3.017484515174228e-08,0.7068658977084845,0.7073475826245114
0.47308623824537027,8.663647443829044e-05,0.6175007681860041,3.4695318262203328e-06,3.017484515174228e-08,0.7068658977084845,0.7073475826245114
0.4734205382453702,8.663647443829044e-05,0.6176891681860041,3.4695318262203328e-06,3.017484515174228e-08,0.7068658977084845,0.7073475826245114
0.47375503824537024,8.663647443829044e-05,0.6178751681860041,3.4695318262203328e-06,3.017484515174228e-08,0.7068658977084845,0.7073475826245114
0.47408973824537026,8.663647443829044e-05,0.618058768186004,3.4695318262203328e-06,3.017484515174228e-08,0.7068658977084845,0.7073475826245114
0.47442463824537023,8.663647443829044e-05,0.618239968186004,3.4695318262203328e-06,3.017484515174228e-08,0.7068658977084845,0.7073475826245114
0.4747597382453702,8.663647443829044e-05,0.618418768186004,3.4695318262203328e-06,3.017484515174228e-08,0.7068658977084845,0.7073475826245114
0.47509503824537025,8.663647443829044e-05,0.6185951681860041,3.4695318262203328e-06,3.017484515174228e-08,0.7068658977084845,0.7073475826245114
0.4754305382453703,8.663647443829044e-05,0.6187691681860041,3.4695318262203328e-06,3.017484515174228e-08,0.7068658977084845,0.7073475826245114
0.47576623824537023,8.663647443829044e-05,0.618940768186004,3.4695318262203328e-06,3.017484515174228e-08,0.7068658977084845,0.7073475826245114
0.47610213824537023,8.663647443829044e-05,0.619109968186004,3.4695318262203328e-06,3.017484515174228e-08,0.7068658977084845,0.7073475826245114
0.47643823824537024,8.663647443829044e-05,0.6192767681860041,3.4695318262203328e-06,3.017484515174228e-08,0.7068658977084845,0.7073475826245114
0.4767745382453703,8.663647443829044e-05,0.619441168186004,3.4695318262203328e-06,3.017484515174228e-08,0.7068658977084845,0.7073475826245114
0.47711103824537027,8.663647443829044e-05,0.619603168186004,3.4695318262203328e-06,3.017484515174228e-08,0.7068658977084845,0.7073475826245114
0.47744773824537023,8.663647443829044e-05,0.6197627681860041,3.4695318262203328e-06,3.017484515174228e-08,0.7068658977084845,0.7073475826245114
0.47778463824537026,8.663647443829044e-05,0.619919968186004,3.4695318262203328e-06,3.017484515174228e-08,0.7068658977084845,0.7073475826245114
0.4781217382453703,8.663647443829044e-05,0.620074768186004,3.4695318262203328e-06,3.017484515174228e-08,0.7068658977084845,0.7073475826245114
0.4784590382453703,8.663647443829044e-05,0.6202271681860041,3.4695318262203328e-06,3.017484515174228e-08,0.7068658977084845,0.7073475826245114
0.4787965382453702,8.663647443829044e-05,0.620377168186004,3.4695318262203328e-06,3.017484515174228e-08,0.7068658977084845,0.7073475826245114
0.47913423824537027,8.663647443829044e-05,0.620524768186004,3.4695318262203328e-06,3.017484515174228e-08,0.7068658977084845,0.7073475826245114
0.47947213824537027,8.663647443829044e-05,0.6206699681860041,3.4695318262203328e-06,3.017484515174228e-08,0.7068658977084845,0.7073475826245114
0.4798102382453703,8.663647443829044e-05,0.6208127681860041,3.4695318262203328e-06,3.017484515174228e-08,0.7068658977084845,0.7073475826245114
0.48014853824537024,8.663647443829044e-05,0.6209531681860041,3.4695318262203328e-06,3.017484515174228e-08,0.7068658977084845,0.7073475826245114
0.48048703824537026,8.663647443829044e-05,0.6210911681860041,3.4695318262203328e-06,3.017484515174228e-08,0.7068658977084845,0.7073475826245114
0.4808257382453703,8.663647443829044e-05,0.6212267681860041,3.4695318262203328e-06,3.017484515174228e-08,0.7068658977084845,0.7073475826245114
0.48116463824537026,8.663647443829044e-05,0.621359968186004,3.4695318262203328e-06,3.017484515174228e-08,0.7068658977084845,0.7073475826245114
0.48150373824537024,8.663647443829044e-05,0.621490768186004,3.4695318262203328e-06,3.017484515174228e-08,0.7068658977084845,0.7073475826245114
0.4818430382453703,8.663647443829044e-05,0.621619168186004,3.4695318262203328e-06,3.017484515174228e-08,0.7068658977084845,0.7073475826245114
0.4821825382453703,8.663647443829044e-05,0.621745168186004,3.4695318262203328e-06,3.017484515174228e-08,0.7068658977084845,0.7073475826245114
0.48252223824537027,8.663647443829044e-05,0.621868768186004,3.4695318262203328e-06,3.017484515174228e-08,0.7068658977084845,0.7073475826245114
0.4828621382453702,8.663647443829044e-05,0.6219899681860039,3.4695318262203328e-06,3.017484515174228e-08,0.7068658977084845,0.7073475826245114
0.4832022382453703,8.663647443829044e-05,0.622108768186004,3.4695318262203328e-06,3.017484515174228e-08,0.7068658977084845,0.7073475826245114
0.4835425382453703,8.663647443829044e-05,0.622225168186004,3.4695318262203328e-06,3.017484515174228e-08,0.7068658977084845,0.7073475826245114
0.48388303824537027,8.663647443829044e-05,0.622339168186004,3.4695318262203328e-06,3.017484515174228e-08,0.7068658977084845,0.7073475826245114
0.48422373824537024,8.663647443829044e-05,0.6224507681860041,3.4695318262203328e-06,3.017484515174228e-08,0.7068658977084845,0.7073475826245114
0.48456463824537027,8.663647443829044e-05,0.622559968186004,3.4695318262203328e-06,3.017484515174228e-08,0.7068658977084845,0.7073475826245114
0.4849057382453703,8.663647443829044e-05,0.6226667681860041,3.4695318262203328e-06,3.017484515174228e-08,0.7068658977084845,0.7073475826245114
0.48524703824537024,8.663647443829044e-05,0.622771168186004,3.4695318262203328e-06,3.017484515174228e-08,0.7068658977084845,0.7073475826245114
0.48558853824537024,8.663647443829044e-05,0.622873168186004,3.4695318262203328e-06,3.017484515174228e-08,0.7068658977084845,0.7073475826245114
0.4859302382453703,8.663647443829044e-05,0.622972768186004,3.4695318262203328e-06,3.017484515174228e-08,0.7068658977084845,0.7073475826245114
0.4862721382453703,8.663647443829044e-05,0.6230699681860041,3.4695318262203328e-06,3.017484515174228e-08,0.7068658977084845,0.7073475826245114
0.48661423824537026,8.663647443829044e-05,0.6231647681860041,3.4695318262203328e-06,3.017484515174228e-08,0.7068658977084845,0.7073475826245114
0.4869565382453703,8.663647443829044e-05,0.6232571681860041,3.4695318262203328e-06,3.017484515174228e-08,0.7068658977084845,0.7073475826245114
0.4872990382453703,8.663647443829044e-05,0.6233471681860041,3.4695318262203328e-06,3.017484515174228e-08,0.7068658977084845,0.7073475826245114
0.48764173824537027,8.663647443829044e-05,0.6234347681860041,3.4695318262203328e-06,3.017484515174228e-08,0.7068658977084845,0.7073475826245114
0.48798463824537025,8.663647443829044e-05,0.6235199681860041,3.4695318262203328e-06,3.017484515174228e-08,0.7068658977084845,0.7073475826245114
0.48832773824537024,8.663647443829044e-05,0.6236027681860041,3.4695318262203328e-06,3.017484515174228e-08,0.7068658977084845,0.7073475826245114
0.4886710382453703,8.663647443829044e-05,0.623683168186004,3.4695318262203328e-06,3.017484515174228e-08,0.7068658977084845,0.7073475826245114
0.4890145382453702,8.663647443829044e-05,0.623761168186004,3.4695318262203328e-06,3.017484515174228e-08,0.7068658977084845,0.7073475826245114
0.4893582382453703,8.663647443829044e-05,0.623836768186004,3.4695318262203328e-06,3.017484515174228e-08,0.7068658977084845,0.7073475826245114
0.48970213824537023,8.663647443829044e-05,0.623909968186004,3.4695318262203328e-06,3.017484515174228e-08,0.7068658977084845,0.7073475826245114
0.4900462382453703,8.663647443829044e-05,0.623980768186004,3.4695318262203328e-06,3.017484515174228e-08,0.7068658977084845,0.7073475826245114
0.49039053824537027,8.663647443829044e-05,0.6240491681860041,3.4695318262203328e-06,3.017484515174228e-08,0.7068658977084845,0.7073475826245114
0.4907350382453703,8.663647443829044e-05,0.624115168186004,3.4695318262203328e-06,3.017484515174228e-08,0.7068658977084845,0.7073475826245114
0.49107973824537027,8.663647443829044e-05,0.624178768186004,3.4695318262203328e-06,3.017484515174228e-08,0.7068658977084845,0.7073475826245114
0.4914246382453703,8.663647443829044e-05,0.624239968186004,3.4695318262203328e-06,3.017484515174228e-08,0.7068658977084845,0.7073475826245114
0.49176973824537024,8.663647443829044e-05,0.624298768186004,3.4695318262203328e-06,3.017484515174228e-08,0.7068658977084845,0.7073475826245114
0.4921150382453703,8.663647443829044e-05,0.624355168186004,3.4695318262203328e-06,3.017484515174228e-08,0.7068658977084845,0.7073475826245114
0.4924605382453703,8.663647443829044e-05,0.624409168186004,3.4695318262203328e-06,3.017484515174228e-08,0.7068658977084845,0.7073475826245114
0.49280623824537023,8.663647443829044e-05,0.6244607681860042,3.4695318262203328e-06,3.017484515174228e-08,0.7068658977084845,0.7073475826245114
0.49315213824537024,8.663647443829044e-05,0.624509968186004,3.4695318262203328e-06,3.017484515174228e-08,0.7068658977084845,0.7073475826245114
0.4934982382453703,8.663647443829044e-05,0.624556768186004,3.4695318262203328e-06,3.017484515174228e-08,0.7068658977084845,0.7073475826245114
0.4938445382453703,8.663647443829044e-05,0.6246011681860041,3.4695318262203328e-06,3.017484515174228e-08,0.7068658977084845,0.7073475826245114
0.49419103824537025,8.663647443829044e-05,0.6246431681860041,3.4695318262203328e-06,3.017484515174228e-08,0.7068658977084845,0.7073475826245114
0.4945377382453703,8.663647443829044e-05,0.6246827681860041,3.4695318262203328e-06,3.017484515174228e-08,0.7068658977084845,0.7073475826245114
0.4948846382453703,8.663647443829044e-05,0.6247199681860041,3.4695318262203328e-06,3.017484515174228e-08,0.7068658977084845,0.7073475826245114
0.49523173824537026,8.663647443829044e-05,0.624754768186004,3.4695318262203328e-06,3.017484515174228e-08,0.7068658977084845,0.7073475826245114
0.49557903824537025,8.663647443829044e-05,0.624787168186004,3.4695318262203328e-06,3.017484515174228e-08,0.7068658977084845,0.7073475826245114
0.49592653824537025,8.663647443829044e-05,0.624817168186004,3.4695318262203328e-06,3.017484515174228e-08,0.7068658977084845,0.7073475826245114
0.4962742382453703,8.663647443829044e-05,0.6248447681860041,3.4695318262203328e-06,3.017484515174228e-08,0.7068658977084845,0.7073475826245114
0.49662213824537027,8.663647443829044e-05,0.6248699681860039,3.4695318262203328e-06,3.017484515174228e-08,0.7068658977084845,0.7073475826245114
0.49697023824537023,8.663647443829044e-05,0.624892768186004,3.4695318262203328e-06,3.017484515174228e-08,0.7068658977084845,0.7073475826245114
0.49731853824537026,8.663647443829044e-05,0.6249131681860041,3.4695318262203328e-06,3.017484515174228e-08,0.7068658977084845,0.7073475826245114
0.49766703824537023,8.663647443829044e-05,0.624931168186004,3.4695318262203328e-06,3.017484515174228e-08,0.7068658977084845,0.7073475826245114
0.49801573824537027,8.663647443829044e-05,0.624946768186004,3.4695318262203328e-06,3.017484515174228e-08,0.7068658977084845,0.7073475826245114
0.49836463824537025,8.663647443829044e-05,0.6249599681860041,3.4695318262203328e-06,3.017484515174228e-08,0.7068658977084845,0.7073475826245114
0.4987137382453703,8.663647443829044e-05,0.6249707681860039,3.4695318262203328e-06,3.017484515174228e-08,0.7068658977084845,0.7073475826245114
0.49906303824537024,8.663647443829044e-05,0.6249791681860041,3.4695318262203328e-06,3.017484515174228e-08,0.7068658977084845,0.7073475826245114
0.4994125382453703,8.663647443829044e-05,0.6249851681860041,3.4695318262203328e-06,3.017484515174228e-08,0.7068658977084845,0.7073475826245114
0.49976223824537025,8.663647443829044e-05,0.624988768186004,3.4695318262203328e-06,3.017484515174228e-08,0.7068658977084845,0.7073475826245114
0.5001121382453703,8.663647443829044e-05,0.624989968186004,3.4695318262203328e-06,3.017484515174228e-08,0.7068658977084845,0.7073475826245114
0.5004622382453702,8.663647443829044e-05,0.624988768186004,3.4695318262203328e-06,3.017484515174228e-08,0.7068658977084845,0.7073475826245114
0.5008125382453703,8.663647443829044e-05,0.624985168186004,3.4695318262203328e-06,3.017484515174228e-08,0.7068658977084845,0.7073475826245114
0.5011630382453702,8.663647443829044e-05,0.6249791681860041,3.4695318262203328e-06,3.017484515174228e-08,0.7068658977084845,0.7073475826245114
0.5015137382453703,8.663647443829044e-05,0.624970768186004,3.4695318262203328e-06,3.017484515174228e-08,0.7068658977084845,0.7073475826245114
0.5018646382453703,8.663647443829044e-05,0.6249599681860041,3.4695318262203328e-06,3.017484515174228e-08,0.7068658977084845,0.7073475826245114
0.5022157382453702,8.663647443829044e-05,0.624946768186004,3.4695318262203328e-06,3.017484515174228e-08,0.7068658977084845,0.7073475826245114
0.5025670382453703,8.663647443829044e-05,0.624931168186004,3.4695318262203328e-06,3.017484515174228e-08,0.7068658977084845,0.7073475826245114
0.5029185382453703,8.663647443829044e-05,0.6249131681860041,3.4695318262203328e-06,3.017484515174228e-08,0.7068658977084845,0.7073475826245114
0.5032702382453702,8.663647443829044e-05,0.624892768186004,3.4695318262203328e-06,3.017484515174228e-08,0.7068658977084845,0.7073475826245114
0.5036221382453703,8.663647443829044e-05,0.624869968186004,3.4695318262203328e-06,3.017484515174228e-08,0.7068658977084845,0.7073475826245114
0.5039742382453702,8.663647443829044e-05,0.6248447681860041,3.4695318262203328e-06,3.017484515174228e-08,0.7068658977084845,0.7073475826245114
0.5043265382453702,8.663647443829044e-05,0.6248171681860041,3.4695318262203328e-06,3.017484515174228e-08,0.7068658977084845,0.7073475826245114
0.5046790382453702,8.663647443829044e-05,0.6247871681860041,3.4695318262203328e-06,3.017484515174228e-08,0.7068658977084845,0.7073475826245114
0.5050317382453703,8.663647443829044e-05,0.6247547681860041,3.4695318262203328e-06,3.017484515174228e-08,0.7068658977084845,0.7073475826245114
0.5053846382453703,8.663647443829044e-05,0.6247199681860041,3.4695318262203328e-06,3.017484515174228e-08,0.7068658977084845,0.7073475826245114
0.5057377382453703,8.663647443829044e-05,0.6246827681860041,3.4695318262203328e-06,3.017484515174228e-08,0.7068658977084845,0.7073475826245114
0.5060910382453703,8.663647443829044e-05,0.6246431681860041,3.4695318262203328e-06,3.017484515174228e-08,0.7068658977084845,0.7073475826245114
0.5064445382453703,8.663647443829044e-05,0.6246011681860041,3.4695318262203328e-06,3.017484515174228e-08,0.7068658977084845,0.7073475826245114
0.5067982382453703,8.663647443829044e-05,0.624556768186004,3.4695318262203328e-06,3.017484515174228e-08,0.7068658977084845,0.7073475826245114
0.5071521382453703,8.663647443829044e-05,0.624509968186004,3.4695318262203328e-06,3.017484515174228e-08,0.7068658977084845,0.7073475826245114
0.5075062382453702,8.663647443829044e-05,0.624460768186004,3.4695318262203328e-06,3.017484515174228e-08,0.7068658977084845,0.7073475826245114
0.5078605382453703,8.663647443829044e-05,0.624409168186004,3.4695318262203328e-06,3.017484515174228e-08,0.7068658977084845,0.7073475826245114
0.5082150382453703,8.663647443829044e-05,0.624355168186004,3.4695318262203328e-06,3.017484515174228e-08,0.7068658977084845,0.7073475826245114
0.5085697382453702,8.663647443829044e-05,0.624298768186004,3.4695318262203328e-06,3.017484515174228e-08,0.7068658977084845,0.7073475826245114
0.5089246382453703,8.663647443829044e-05,0.624239968186004,3.4695318262203328e-06,3.017484515174228e-08,0.7068658977084845,0.7073475826245114
0.5092797382453702,8.663647443829044e-05,0.624178768186004,3.4695318262203328e-06,3.017484515174228e-08,0.7068658977084845,0.7073475826245114
0.5096350382453704,8.663647443829044e-05,0.6241151681860041,3.4695318262203328e-06,3.017484515174228e-08,0.7068658977084845,0.7073475826245114
0.5099905382453703,8.663647443829044e-05,0.6240491681860041,3.4695318262203328e-06,3.017484515174228e-08,0.7068658977084845,0.7073475826245114
0.5103462382453703,8.663647443829044e-05,0.623980768186004,3.4695318262203328e-06,3.017484515174228e-08,0.7068658977084845,0.7073475826245114
0.5107021382453703,8.663647443829044e-05,0.6239099681860041,3.4695318262203328e-06,3.017484515174228e-08,0.7068658977084845,0.7073475826245114
0.5110582382453703,8.663647443829044e-05,0.6238367681860041,3.4695318262203328e-06,3.017484515174228e-08,0.7068658977084845,0.7073475826245114
0.5114145382453702,8.663647443829044e-05,0.623761168186004,3.4695318262203328e-06,3.017484515174228e-08,0.7068658977084845,0.7073475826245114
0.5117710382453702,8.663647443829044e-05,0.623683168186004,3.4695318262203328e-06,3.017484515174228e-08,0.7068658977084845,0.7073475826245114
0.5121277382453703,8.663647443829044e-05,0.623602768186004,3.4695318262203328e-06,3.017484515174228e-08,0.7068658977084845,0.7073475826245114
0.5124846382453703,8.663647443829044e-05,0.6235199681860041,3.4695318262203328e-06,3.017484515174228e-08,0.7068658977084845,0.7073475826245114
0.5128417382453703,8.663647443829044e-05,0.6234347681860041,3.4695318262203328e-06,3.017484515174228e-08,0.7068658977084845,0.7073475826245114
0.5131990382453703,8.663647443829044e-05,0.623347168186004,3.4695318262203328e-06,3.017484515174228e-08,0.7068658977084845,0.7073475826245114
0.5135565382453703,8.663647443829044e-05,0.6232571681860041,3.4695318262203328e-06,3.017484515174228e-08,0.7068658977084845,0.7073475826245114
0.5139142382453702,8.663647443829044e-05,0.6231647681860041,3.4695318262203328e-06,3.017484515174228e-08,0.7068658977084845,0.7073475826245114
0.5142721382453703,8.663647443829044e-05,0.623069968186004,3.4695318262203328e-06,3.017484515174228e-08,0.7068658977084845,0.7073475826245114
0.5146302382453702,8.663647443829044e-05,0.622972768186004,3.4695318262203328e-06,3.017484515174228e-08,0.7068658977084845,0.7073475826245114
0.5149885382453703,8.663647443829044e-05,0.622873168186004,3.4695318262203328e-06,3.017484515174228e-08,0.7068658977084845,0.7073475826245114
0.5153470382453703,8.663647443829044e-05,0.6227711681860041,3.4695318262203328e-06,3.017484515174228e-08,0.7068658977084845,0.7073475826245114
0.5157057382453702,8.663647443829044e-05,0.6226667681860041,3.4695318262203328e-06,3.017484515174228e-08,0.7068658977084845,0.7073475826245114
0.5160646382453703,8.663647443829044e-05,0.622559968186004,3.4695318262203328e-06,3.017484515174228e-08,0.7068658977084845,0.7073475826245114
0.5164237382453702,8.663647443829044e-05,0.6224507681860041,3.4695318262203328e-06,3.017484515174228e-08,0.7068658977084845,0.7073475826245114
0.5167830382453702,8.663647443829044e-05,0.6223391681860041,3.4695318262203328e-06,3.017484515174228e-08,0.7068658977084845,0.7073475826245114
0.5171425382453703,8.663647443829044e-05,0.622225168186004,3.4695318262203328e-06,3.017484515174228e-08,0.7068658977084845,0.7073475826245114
0.5175022382453702,8.663647443829044e-05,0.622108768186004,3.4695318262203328e-06,3.017484515174228e-08,0.7068658977084845,0.7073475826245114
0.5178621382453702,8.663647443829044e-05,0.621989968186004,3.4695318262203328e-06,3.017484515174228e-08,0.7068658977084845,0.7073475826245114
0.5182222382453703,8.663647443829044e-05,0.621868768186004,3.4695318262203328e-06,3.017484515174228e-08,0.7068658977084845,0.7073475826245114
0.5185825382453703,8.663647443829044e-05,0.621745168186004,3.4695318262203328e-06,3.017484515174228e-08,0.7068658977084845,0.7073475826245114
0.5189430382453702,8.663647443829044e-05,0.621619168186004,3.4695318262203328e-06,3.017484515174228e-08,0.7068658977084845,0.7073475826245114
0.5193037382453702,8.663647443829044e-05,0.621490768186004,3.4695318262203328e-06,3.017484515174228e-08,0.7068658977084845,0.7073475826245114
0.5196646382453702,8.663647443829044e-05,0.621359968186004,3.4695318262203328e-06,3.017484515174228e-08,0.7068658977084845,0.7073475826245114
0.5200257382453704,8.663647443829044e-05,0.6212267681860041,3.4695318262203328e-06,3.017484515174228e-08,0.7068658977084845,0.7073475826245114
0.5203870382453702,8.663647443829044e-05,0.6210911681860041,3.4695318262203328e-06,3.017484515174228e-08,0.7068658977084845,0.7073475826245114
0.5207485382453703,8.663647443829044e-05,0.6209531681860041,3.4695318262203328e-06,3.017484515174228e-08,0.7068658977084845,0.7073475826245114
0.5211102382453702,8.663647443829044e-05,0.6208127681860041,3.4695318262203328e-06,3.017484515174228e-08,0.7068658977084845,0.7073475826245114
0.5214721382453703,8.663647443829044e-05,0.6206699681860041,3.4695318262203328e-06,3.017484515174228e-08,0.7068658977084845,0.7073475826245114
0.5218342382453702,8.663647443829044e-05,0.620524768186004,3.4695318262203328e-06,3.017484515174228e-08,0.7068658977084845,0.7073475826245114
0.5221965382453703,8.663647443829044e-05,0.6203771681860041,3.4695318262203328e-06,3.017484515174228e-08,0.7068658977084845,0.7073475826245114
0.5225590382453703,8.663647443829044e-05,0.6202271681860041,3.4695318262203328e-06,3.017484515174228e-08,0.7068658977084845,0.7073475826245114
0.5229217382453702,8.663647443829044e-05,0.620074768186004,3.4695318262203328e-06,3.017484515174228e-08,0.7068658977084845,0.7073475826245114
0.5232846382453703,8.663647443829044e-05,0.619919968186004,3.4695318262203328e-06,3.017484515174228e-08,0.7068658977084845,0.7073475826245114
0.5236477382453703,8.663647443829044e-05,0.6197627681860041,3.4695318262203328e-06,3.017484515174228e-08,0.7068658977084845,0.7073475826245114
0.5240110382453702,8.663647443829044e-05,0.619603168186004,3.4695318262203328e-06,3.017484515174228e-08,0.7068658977084845,0.7073475826245114
0.5243745382453702,8.663647443829044e-05,0.619441168186004,3.4695318262203328e-06,3.017484515174228e-08,0.7068658977084845,0.7073475826245114
0.5247382382453702,8.663647443829044e-05,0.6192767681860041,3.4695318262203328e-06,3.017484515174228e-08,0.7068658977084845,0.7073475826245114
0.5251021382453702,8.663647443829044e-05,0.6191099681860041,3.4695318262203328e-06,3.017484515174228e-08,0.7068658977084845,0.7073475826245114
0.5254662382453703,8.663647443829044e-05,0.6189407681860041,3.4695318262203328e-06,3.017484515174228e-08,0.7068658977084845,0.7073475826245114
0.5258305382453703,8.663647443829044e-05,0.618769168186004,3.4695318262203328e-06,3.017484515174228e-08,0.7068658977084845,0.7073475826245114
0.5261950382453702,8.663647443829044e-05,0.618595168186004,3.4695318262203328e-06,3.017484515174228e-08,0.7068658977084845,0.7073475826245114
0.5265597382453703,8.663647443829044e-05,0.618418768186004,3.4695318262203328e-06,3.017484515174228e-08,0.7068658977084845,0.7073475826245114
0.5269246382453703,8.663647443829044e-05,0.618239968186004,3.4695318262203328e-06,3.017484515174228e-08,0.7068658977084845,0.7073475826245114
0.5272897382453702,8.663647443829044e-05,0.618058768186004,3.4695318262203328e-06,3.017484515174228e-08,0.7068658977084845,0.7073475826245114
0.5276550382453703,8.663647443829044e-05,0.6178751681860041,3.4695318262203328e-06,3.017484515174228e-08,0.7068658977084845,0.7073475826245114
0.5280205382453702,8.663647443829044e-05,0.6176891681860041,3.4695318262203328e-06,3.017484515174228e-08,0.7068658977084845,0.7073475826245114
0.5283862382453702,8.663647443829044e-05,0.6175007681860041,3.4695318262203328e-06,3.017484515174228e-08,0.7068658977084845,0.7073475826245114
0.5287521382453703,8.663647443829044e-05,0.617309968186004,3.4695318262203328e-06,3.017484515174228e-08,0.7068658977084845,0.7073475826245114
0.5291182382453703,8.663647443829044e-05,0.617116768186004,3.4695318262203328e-06,3.017484515174228e-08,0.7068658977084845,0.7073475826245114
0.5294845382453703,8.663647443829044e-05,0.6169211681860041,3.4695318262203328e-06,3.017484515174228e-08,0.7068658977084845,0.7073475826245114
0.5298510382453703,8.663647443829044e-05,0.616723168186004,3.4695318262203328e-06,3.017484515174228e-08,0.7068658977084845,0.7073475826245114
0.5302177382453702,8.663647443829044e-05,0.616522768186004,3.4695318262203328e-06,3.017484515174228e-08,0.7068658977084845,0.7073475826245114
0.5305846382453703,8.663647443829044e-05,0.6163199681860041,3.4695318262203328e-06,3.017484515174228e-08,0.7068658977084845,0.7073475826245114
0.5309517382453702,8.663647443829044e-05,0.6161147681860041,3.4695318262203328e-06,3.017484515174228e-08,0.7068658977084845,0.7073475826245114
0.5313190382453702,8.663647443829044e-05,0.6159071681860041,3.4695318262203328e-06,3.017484515174228e-08,0.7068658977084845,0.7073475826245114
0.5316865382453703,8.663647443829044e-05,0.6156971681860041,3.4695318262203328e-06,3.017484515174228e-08,0.7068658977084845,0.7073475826245114
0.5320542382453702,8.663647443829044e-05,0.6154847681860041,3.4695318262203328e-06,3.017484515174228e-08,0.7068658977084845,0.7073475826245114
0.5324221382453702,8.663647443829044e-05,0.6152699681860041,3.4695318262203328e-06,3.017484515174228e-08,0.7068658977084845,0.7073475826245114
0.5327902382453703,8.663647443829044e-05,0.6150527681860041,3.4695318262203328e-06,3.017484515174228e-08,0.7068658977084845,0.7073475826245114
0.5331585382453703,8.663647443829044e-05,0.6148331681860041,3.4695318262203328e-06,3.017484515174228e-08,0.7068658977084845,0.7073475826245114
0.5335270382453703,8.663647443829044e-05,0.614611168186004,3.4695318262203328e-06,3.017484515174228e-08,0.7068658977084845,0.7073475826245114
0.5338957382453703,8.663647443829044e-05,0.614386768186004,3.4695318262203328e-06,3.017484515174228e-08,0.7068658977084845,0.7073475826245114
0.5342646382453703,8.663647443829044e-05,0.614159968186004,3.4695318262203328e-06,3.017484515174228e-08,0.7068658977084845,0.7073475826245114
0.5346337382453702,8.663647443829044e-05,0.613930768186004,3.4695318262203328e-06,3.017484515174228e-08,0.7068658977084845,0.7073475826245114
0.5350030382453703,8.663647443829044e-05,0.613699168186004,3.4695318262203328e-06,3.017484515174228e-08,0.7068658977084845,0.7073475826245114
0.5353725382453702,8.663647443829044e-05,0.613465168186004,3.4695318262203328e-06,3.017484515174228e-08,0.7068658977084845,0.7073475826245114
0.5357422382453703,8.663647443829044e-05,0.613228768186004,3.4695318262203328e-06,3.017484515174228e-08,0.7068658977084845,0.7073475826245114
0.5361121382453703,8.663647443829044e-05,0.612989968186004,3.4695318262203328e-06,3.017484515174228e-08,0.7068658977084845,0.7073475826245114
0.5364822382453702,8.663647443829044e-05,0.6127487681860041,3.4695318262203328e-06,3.017484515174228e-08,0.7068658977084845,0.7073475826245114
0.5368525382453703,8.663647443829044e-05,0.6125051681860041,3.4695318262203328e-06,3.017484515174228e-08,0.7068658977084845,0.7073475826245114
0.5372230382453703,8.663647443829044e-05,0.612259168186004,3.4695318262203328e-06,3.017484515174228e-08,0.7068658977084845,0.7073475826245114
0.5375937382453703,8.663647443829044e-05,0.6120107681860041,3.4695318262203328e-06,3.017484515174228e-08,0.7068658977084845,0.7073475826245114
0.5379646382453702,8.663647443829044e-05,0.6117599681860041,3.4695318262203328e-06,3.017484515174228e-08,0.7068658977084845,0.7073475826245114
0.5383357382453703,8.663647443829044e-05,0.611506768186004,3.4695318262203328e-06,3.017484515174228e-08,0.7068658977084845,0.7073475826245114
0.5387070382453703,8.663647443829044e-05,0.611251168186004,3.4695318262203328e-06,3.017484515174228e-08,0.7068658977084845,0.7073475826245114
0.5390785382453702,8.663647443829044e-05,0.610993168186004,3.4695318262203328e-06,3.017484515174228e-08,0.7068658977084845,0.7073475826245114
0.5394502382453703,8.663647443829044e-05,0.6107327681860041,3.4695318262203328e-06,3.017484515174228e-08,0.7068658977084845,0.7073475826245114
0.5398221382453703,8.663647443829044e-05,0.6104699681860041,3.4695318262203328e-06,3.017484515174228e-08,0.7068658977084845,0.7073475826245114
0.5401942382453703,8.663647443829044e-05,0.610204768186004,3.4695318262203328e-06,3.017484515174228e-08,0.7068658977084845,0.7073475826245114
0.5405665382453703,8.663647443829044e-05,0.6099371681860041,3.4695318262203328e-06,3.017484515174228e-08,0.7068658977084845,0.7073475826245114
0.5409390382453703,8.663647443829044e-05,0.6096671681860041,3.4695318262203328e-06,3.017484515174228e-08,0.7068658977084845,0.7073475826245114
0.5413117382453703,8.663647443829044e-05,0.609394768186004,3.4695318262203328e-06,3.017484515174228e-08,0.7068658977084845,0.7073475826245114
0.5416846382453703,8.663647443829044e-05,0.609119968186004,3.4695318262203328e-06,3.017484515174228e-08,0.7068658977084845,0.7073475826245114
0.5420577382453703,8.663647443829044e-05,0.608842768186004,3.4695318262203328e-06,3.017484515174228e-08,0.7068658977084845,0.7073475826245114
0.5424310382453703,8.663647443829044e-05,0.6085631681860041,3.4695318262203328e-06,3.017484515174228e-08,0.7068658977084845,0.7073475826245114
0.5428045382453702,8.663647443829044e-05,0.6082811681860041,3.4695318262203328e-06,3.017484515174228e-08,0.7068658977084845,0.7073475826245114
0.5431782382453703,8.663647443829044e-05,0.607996768186004,3.4695318262203328e-06,3.017484515174228e-08,0.7068658977084845,0.7073475826245114
0.5435521382453703,8.663647443829044e-05,0.6077099681860041,3.4695318262203328e-06,3.017484515174228e-08,0.7068658977084845,0.7073475826245114
0.5439262382453702,8.663647443829044e-05,0.6074207681860041,3.4695318262203328e-06,3.017484515174228e-08,0.7068658977084845,0.7073475826245114
0.5443005382453703,8.663647443829044e-05,0.607129168186004,3.4695318262203328e-06,3.017484515174228e-08,0.7068658977084845,0.7073475826245114
0.5446750382453703,8.663647443829044e-05,0.606835168186004,3.4695318262203328e-06,3.017484515174228e-08,0.7068658977084845,0.7073475826245114
0.5450497382453703,8.663647443829044e-05,0.606538768186004,3.4695318262203328e-06,3.017484515174228e-08,0.7068658977084845,0.7073475826245114
0.5454246382453702,8.663647443829044e-05,0.606239968186004,3.4695318262203328e-06,3.017484515174228e-08,0.7068658977084845,0.7073475826245114
0.5457997382453703,8.663647443829044e-05,0.6059387681860041,3.4695318262203328e-06,3.017484515174228e-08,0.7068658977084845,0.7073475826245114
0.5461750382453703,8.663647443829044e-05,0.605635168186004,3.4695318262203328e-06,3.017484515174228e-08,0.7068658977084845,0.7073475826245114
0.5465505382453704,8.663647443829044e-05,0.605329168186004,3.4695318262203328e-06,3.017484515174228e-08,0.7068658977084845,0.7073475826245114
0.5469262382453703,8.663647443829044e-05,0.605020768186004,3.4695318262203328e-06,3.017484515174228e-08,0.7068658977084845,0.7073475826245114
0.5473021382453702,8.663647443829044e-05,0.6047099681860041,3.4695318262203328e-06,3.017484515174228e-08,0.7068658977084845,0.7073475826245114
0.5476782382453703,8.663647443829044e-05,0.6043967681860041,3.4695318262203328e-06,3.017484515174228e-08,0.7068658977084845,0.7073475826245114
0.5480545382453703,8.663647443829044e-05,0.6040811681860041,3.4695318262203328e-06,3.017484515174228e-08,0.7068658977084845,0.7073475826245114
0.5484310382453702,8.663647443829044e-05,0.6037631681860041,3.4695318262203328e-06,3.017484515174228e-08,0.7068658977084845,0.7073475826245114
0.5488077382453702,8.663647443829044e-05,0.6034427681860041,3.4695318262203328e-06,3.017484515174228e-08,0.7068658977084845,0.7073475826245114
0.5491846382453703,8.663647443829044e-05,0.603119968186004,3.4695318262203328e-06,3.017484515174228e-08,0.7068658977084845,0.7073475826245114
0.5495617382453702,8.663647443829044e-05,0.6027947681860041,3.4695318262203328e-06,3.017484515174228e-08,0.7068658977084845,0.7073475826245114
0.5499390382453703,8.663647443829044e-05,0.6024671681860041,3.4695318262203328e-06,3.017484515174228e-08,0.7068658977084845,0.7073475826245114
0.5503165382453703,8.663647443829044e-05,0.602137168186004,3.4695318262203328e-06,3.017484515174228e-08,0.7068658977084845,0.7073475826245114
0.5506942382453702,8.663647443829044e-05,0.601804768186004,3.4695318262203328e-06,3.017484515174228e-08,0.7068658977084845,0.7073475826245114
0.5510721382453703,8.663647443829044e-05,0.6014699681860041,3.4695318262203328e-06,3.017484515174228e-08,0.7068658977084845,0.7073475826245114
0.5514502382453703,8.663647443829044e-05,0.601132768186004,3.4695318262203328e-06,3.017484515174228e-08,0.7068658977084845,0.7073475826245114
0.5518285382453703,8.663647443829044e-05,0.600793168186004,3.4695318262203328e-06,3.017484515174228e-08,0.7068658977084845,0.7073475826245114
0.5522070382453703,8.663647443829044e-05,0.6004511681860041,3.4695318262203328e-06,3.017484515174228e-08,0.7068658977084845,0.7073475826245114
0.5525857382453703,8.663647443829044e-05,0.6001067681860041,3.4695318262203328e-06,3.017484515174228e-08,0.7068658977084845,0.7073475826245114
0.5529646382453702,8.663647443829044e-05,0.5997599681860041,3.4695318262203328e-06,3.017484515174228e-08,0.7068658977084845,0.7073475826245114
0.5533437382453703,8.663647443829044e-05,0.599410768186004,3.4695318262203328e-06,3.017484515174228e-08,0.7068658977084845,0.7073475826245114
0.5537230382453703,8.663647443829044e-05,0.599059168186004,3.4695318262203328e-06,3.017484515174228e-08,0.7068658977084845,0.7073475826245114
0.5541025382453703,8.663647443829044e-05,0.598705168186004,3.4695318262203328e-06,3.017484515174228e-08,0.7068658977084845,0.7073475826245114
0.5544822382453704,8.663647443829044e-05,0.598348768186004,3.4695318262203328e-06,3.017484515174228e-08,0.7068658977084845,0.7073475826245114
0.5548621382453702,8.663647443829044e-05,0.597989968186004,3.4695318262203328e-06,3.017484515174228e-08,0.7068658977084845,0.7073475826245114
0.5552422382453702,8.663647443829044e-05,0.5976287681860041,3.4695318262203328e-06,3.017484515174228e-08,0.7068658977084845,0.7073475826245114
0.5556225382453703,8.663647443829044e-05,0.5972651681860041,3.4695318262203328e-06,3.017484515174228e-08,0.7068658977084845,0.7073475826245114
0.5560030382453702,8.663647443829044e-05,0.5968991681860041,3.4695318262203328e-06,3.017484515174228e-08,0.7068658977084845,0.7073475826245114
0.5563837382453702,8.663647443829044e-05,0.596530768186004,3.4695318262203328e-06,3.017484515174228e-08,0.7068658977084845,0.7073475826245114
0.5567646382453703,8.663647443829044e-05,0.596159968186004,3.4695318262203328e-06,3.017484515174228e-08,0.7068658977084845,0.7073475826245114
0.5571457382453703,8.663647443829044e-05,0.5957867681860041,3.4695318262203328e-06,3.017484515174228e-08,0.7068658977084845,0.7073475826245114
0.5575270382453703,8.663647443829044e-05,0.595411168186004,3.4695318262203328e-06,3.017484515174228e-08,0.7068658977084845,0.7073475826245114
0.5579085382453703,8.663647443829044e-05,0.595033168186004,3.4695318262203328e-06,3.017484515174228e-08,0.7068658977084845,0.7073475826245114
0.5582902382453703,8.663647443829044e-05,0.5946527681860041,3.4695318262203328e-06,3.017484515174228e-08,0.7068658977084845,0.7073475826245114
0.5586721382453703,8.663647443829044e-05,0.5942699681860041,3.4695318262203328e-06,3.017484515174228e-08,0.7068658977084845,0.7073475826245114
0.5590542382453703,8.663647443829044e-05,0.593884768186004,3.4695318262203328e-06,3.017484515174228e-08,0.7068658977084845,0.7073475826245114
0.5594365382453702,8.663647443829044e-05,0.5934971681860041,3.4695318262203328e-06,3.017484515174228e-08,0.7068658977084845,0.7073475826245114
0.5598190382453702,8.663647443829044e-05,0.5931071681860041,3.4695318262203328e-06,3.017484515174228e-08,0.7068658977084845,0.7073475826245114
0.5602017382453702,8.663647443829044e-05,0.592714768186004,3.4695318262203328e-06,3.017484515174228e-08,0.7068658977084845,0.7073475826245114
0.5605846382453702,8.663647443829044e-05,0.5923199681860041,3.4695318262203328e-06,3.017484515174228e-08,0.7068658977084845,0.7073475826245114
0.5609677382453703,8.663647443829044e-05,0.5919227681860041,3.4695318262203328e-06,3.017484515174228e-08,0.7068658977084845,0.7073475826245114
0.5613510382453702,8.663647443829044e-05,0.591523168186004,3.4695318262203328e-06,3.017484515174228e-08,0.7068658977084845,0.7073475826245114
0.5617345382453702,8.663647443829044e-05,0.591121168186004,3.4695318262203328e-06,3.017484515174228e-08,0.7068658977084845,0.7073475826245114
0.5621182382453703,8.663647443829044e-05,0.590716768186004,3.4695318262203328e-06,3.017484515174228e-08,0.7068658977084845,0.7073475826245114
0.5625021382453703,8.663647443829044e-05,0.590309968186004,3.4695318262203328e-06,3.017484515174228e-08,0.7068658977084845,0.7073475826245114
0.5628862382453702,8.663647443829044e-05,0.589900768186004,3.4695318262203328e-06,3.017484515174228e-08,0.7068658977084845,0.7073475826245114
0.5632705382453703,8.663647443829044e-05,0.589489168186004,3.4695318262203328e-06,3.017484515174228e-08,0.7068658977084845,0.7073475826245114
0.5636550382453702,8.663647443829044e-05,0.589075168186004,3.4695318262203328e-06,3.017484515174228e-08,0.7068658977084845,0.7073475826245114
0.5640397382453702,8.663647443829044e-05,0.588658768186004,3.4695318262203328e-06,3.017484515174228e-08,0.7068658977084845,0.7073475826245114
0.5644246382453703,8.663647443829044e-05,0.5882399681860041,3.4695318262203328e-06,3.017484515174228e-08,0.7068658977084845,0.7073475826245114
0.5648097382453703,8.663647443829044e-05,0.5878187681860041,3.4695318262203328e-06,3.017484515174228e-08,0.7068658977084845,0.7073475826245114
0.5651950382453703,8.663647443829044e-05,0.587395168186004,3.4695318262203328e-06,3.017484515174228e-08,0.7068658977084845,0.7073475826245114
0.5655805382453702,8.663647443829044e-05,0.5869691681860041,3.4695318262203328e-06,3.017484515174228e-08,0.7068658977084845,0.7073475826245114
0.5659662382453703,8.663647443829044e-05,0.5865407681860041,3.4695318262203328e-06,3.017484515174228e-08,0.7068658977084845,0.7073475826245114
0.5663521382453702,8.663647443829044e-05,0.586109968186004,3.4695318262203328e-06,3.017484515174228e-08,0.7068658977084845,0.7073475826245114
0.5667382382453703,8.663647443829044e-05,0.585676768186004,3.4695318262203328e-06,3.017484515174228e-08,0.7068658977084845,0.7073475826245114
0.5671245382453702,8.663647443829044e-05,0.585241168186004,3.4695318262203328e-06,3.017484515174228e-08,0.7068658977084845,0.7073475826245114
0.5675110382453703,8.663647443829044e-05,0.5848031681860041,3.4695318262203328e-06,3.017484515174228e-08,0.7068658977084845,0.7073475826245114
0.5678977382453703,8.663647443829044e-05,0.5843627681860041,3.4695318262203328e-06,3.017484515174228e-08,0.7068658977084845,0.7073475826245114
0.5682846382453702,8.663647443829044e-05,0.583919968186004,3.4695318262203328e-06,3.017484515174228e-08,0.7068658977084845,0.7073475826245114
0.5686717382453703,8.663647443829044e-05,0.5834747681860041,3.4695318262203328e-06,3.017484515174228e-08,0.7068658977084845,0.7073475826245114
0.5690590382453703,8.663647443829044e-05,0.5830271681860041,3.4695318262203328e-06,3.017484515174228e-08,0.7068658977084845,0.7073475826245114
0.5694465382453703,8.663647443829044e-05,0.582577168186004,3.4695318262203328e-06,3.017484515174228e-08,0.7068658977084845,0.7073475826245114
0.5698342382453703,8.663647443829044e-05,0.582124768186004,3.4695318262203328e-06,3.017484515174228e-08,0.7068658977084845,0.7073475826245114
0.5702221382453703,8.663647443829044e-05,0.581669968186004,3.4695318262203328e-06,3.017484515174228e-08,0.7068658977084845,0.7073475826245114
0.5706102382453703,8.663647443829044e-05,0.5812127681860041,3.4695318262203328e-06,3.017484515174228e-08,0.7068658977084845,0.7073475826245114
0.5709985382453703,8.663647443829044e-05,0.5807531681860041,3.4695318262203328e-06,3.017484515174228e-08,0.7068658977084845,0.7073475826245114
0.5713870382453703,8.663647443829044e-05,0.5802911681860041,3.4695318262203328e-06,3.017484515174228e-08,0.7068658977084845,0.7073475826245114
0.5717757382453702,8.663647443829044e-05,0.5798267681860041,3.4695318262203328e-06,3.017484515174228e-08,0.7068658977084845,0.7073475826245114
0.5721646382453703,8.663647443829044e-05,0.5793599681860041,3.4695318262203328e-06,3.017484515174228e-08,0.7068658977084845,0.7073475826245114
0.5725537382453703,8.663647443829044e-05,0.578890768186004,3.4695318262203328e-06,3.017484515174228e-08,0.7068658977084845,0.7073475826245114
0.5729430382453702,8.663647443829044e-05,0.578419168186004,3.4695318262203328e-06,3.017484515174228e-08,0.7068658977084845,0.7073475826245114
0.5733325382453703,8.663647443829044e-05,0.577945168186004,3.4695318262203328e-06,3.017484515174228e-08,0.7068658977084845,0.7073475826245114
0.5737222382453703,8.663647443829044e-05,0.577468768186004,3.4695318262203328e-06,3.017484515174228e-08,0.7068658977084845,0.7073475826245114
0.5741121382453702,8.663647443829044e-05,0.576989968186004,3.4695318262203328e-06,3.017484515174228e-08,0.7068658977084845,0.7073475826245114
0.5745022382453703,8.663647443829044e-05,0.576508768186004,3.4695318262203328e-06,3.017484515174228e-08,0.7068658977084845,0.7073475826245114
0.5748925382453702,8.663647443829044e-05,0.576025168186004,3.4695318262203328e-06,3.017484515174228e-08,0.7068658977084845,0.7073475826245114
0.5752830382453702,8.663647443829044e-05,0.575539168186004,3.4695318262203328e-06,3.017484515174228e-08,0.7068658977084845,0.7073475826245114
0.5756737382453703,8.663647443829044e-05,0.5750507681860041,3.4695318262203328e-06,3.017484515174228e-08,0.7068658977084845,0.7073475826245114
0.5760646382453702,8.663647443829044e-05,0.5745599681860041,3.4695318262203328e-06,3.017484515174228e-08,0.7068658977084845,0.7073475826245114
0.5764557382453703,8.663647443829044e-05,0.574066768186004,3.4695318262203328e-06,3.017484515174228e-08,0.7068658977084845,0.7073475826245114
0.5768470382453703,8.663647443829044e-05,0.5735711681860041,3.4695318262203328e-06,3.017484515174228e-08,0.7068658977084845,0.7073475826245114
0.5772385382453703,8.663647443829044e-05,0.5730731681860041,3.4695318262203328e-06,3.017484515174228e-08,0.7068658977084845,0.7073475826245114
0.5776302382453702,8.663647443829044e-05,0.5725727681860041,3.4695318262203328e-06,3.017484515174228e-08,0.7068658977084845,0.7073475826245114
0.5780221382453703,8.663647443829044e-05,0.5720699681860041,3.4695318262203328e-06,3.017484515174228e-08,0.7068658977084845,0.7073475826245114
0.5784142382453703,8.663647443829044e-05,0.5715647681860041,3.4695318262203328e-06,3.017484515174228e-08,0.7068658977084845,0.7073475826245114
0.5788065382453703,8.663647443829044e-05,0.571057168186004,3.4695318262203328e-06,3.017484515174228e-08,0.7068658977084845,0.7073475826245114
0.5791990382453703,8.663647443829044e-05,0.570547168186004,3.4695318262203328e-06,3.017484515174228e-08,0.7068658977084845,0.7073475826245114
0.5795917382453702,8.663647443829044e-05,0.5700347681860041,3.4695318262203328e-06,3.017484515174228e-08,0.7068658977084845,0.7073475826245114
0.5799846382453703,8.663647443829044e-05,0.569519968186004,3.4695318262203328e-06,3.017484515174228e-08,0.7068658977084845,0.7073475826245114
0.5803777382453703,8.663647443829044e-05,0.569002768186004,3.4695318262203328e-06,3.017484515174228e-08,0.7068658977084845,0.7073475826245114
0.5807710382453702,8.663647443829044e-05,0.5684831681860041,3.4695318262203328e-06,3.017484515174228e-08,0.7068658977084845,0.7073475826245114
0.5811645382453702,8.663647443829044e-05,0.5679611681860041,3.4695318262203328e-06,3.017484515174228e-08,0.7068658977084845,0.7073475826245114
0.5815582382453702,8.663647443829044e-05,0.5674367681860041,3.4695318262203328e-06,3.017484515174228e-08,0.7068658977084845,0.7073475826245114
0.5819521382453703,8.663647443829044e-05,0.566909968186004,3.4695318262203328e-06,3.017484515174228e-08,0.7068658977084845,0.7073475826245114
0.5823462382453704,8.663647443829044e-05,0.566380768186004,3.4695318262203328e-06,3.017484515174228e-08,0.7068658977084845,0.7073475826245114
0.5827405382453703,8.663647443829044e-05,0.5658491681860041,3.4695318262203328e-06,3.017484515174228e-08,0.7068658977084845,0.7073475826245114
0.5831350382453704,8.663647443829044e-05,0.565315168186004,3.4695318262203328e-06,3.017484515174228e-08,0.7068658977084845,0.7073475826245114
0.5835297382453704,8.663647443829044e-05,0.564778768186004,3.4695318262203328e-06,3.017484515174228e-08,0.7068658977084845,0.7073475826245114
0.5839246382453702,8.663647443829044e-05,0.5642399681860041,3.4695318262203328e-06,3.017484515174228e-08,0.7068658977084845,0.7073475826245114
0.5843197382453702,8.663647443829044e-05,0.5636987681860041,3.4695318262203328e-06,3.017484515174228e-08,0.7068658977084845,0.7073475826245114
0.5847150382453703,8.663647443829044e-05,0.5631551681860041,3.4695318262203328e-06,3.017484515174228e-08,0.7068658977084845,0.7073475826245114
0.5851105382453703,8.663647443829044e-05,0.562609168186004,3.4695318262203328e-06,3.017484515174228e-08,0.7068658977084845,0.7073475826245114
0.5855062382453703,8.663647443829044e-05,0.562060768186004,3.4695318262203328e-06,3.017484515174228e-08,0.7068658977084845,0.7073475826245114
0.5859021382453703,8.663647443829044e-05,0.5615099681860041,3.4695318262203328e-06,3.017484515174228e-08,0.7068658977084845,0.7073475826245114
0.5862982382453703,8.663647443829044e-05,0.560956768186004,3.4695318262203328e-06,3.017484515174228e-08,0.7068658977084845,0.7073475826245114
0.5866945382453703,8.663647443829044e-05,0.560401168186004,3.4695318262203328e-06,3.017484515174228e-08,0.7068658977084845,0.7073475826245114
0.5870910382453703,8.663647443829044e-05,0.5598431681860041,3.4695318262203328e-06,3.017484515174228e-08,0.7068658977084845,0.7073475826245114
0.5874877382453703,8.663647443829044e-05,0.5592827681860041,3.4695318262203328e-06,3.017484515174228e-08,0.7068658977084845,0.7073475826245114
0.5878846382453703,8.663647443829044e-05,0.558719968186004,3.4695318262203328e-06,3.017484515174228e-08,0.7068658977084845,0.7073475826245114
0.5882817382453703,8.663647443829044e-05,0.5581547681860041,3.4695318262203328e-06,3.017484515174228e-08,0.7068658977084845,0.7073475826245114
0.5886790382453703,8.663647443829044e-05,0.5575871681860041,3.4695318262203328e-06,3.017484515174228e-08,0.7068658977084845,0.7073475826245114
0.5890765382453703,8.663647443829044e-05,0.5570171681860041,3.4695318262203328e-06,3.017484515174228e-08,0.7068658977084845,0.7073475826245114
0.5894742382453703,8.663647443829044e-05,0.5564447681860041,3.4695318262203328e-06,3.017484515174228e-08,0.7068658977084845,0.7073475826245114
0.5898721382453702,8.663647443829044e-05,0.5558699681860041,3.4695318262203328e-06,3.017484515174228e-08,0.7068658977084845,0.7073475826245114
0.5902702382453703,8.663647443829044e-05,0.555292768186004,3.4695318262203328e-06,3.017484515174228e-08,0.7068658977084845,0.7073475826245114
0.5906685382453702,8.663647443829044e-05,0.554713168186004,3.4695318262203328e-06,3.017484515174228e-08,0.7068658977084845,0.7073475826245114
0.5910670382453702,8.663647443829044e-05,0.554131168186004,3.4695318262203328e-06,3.017484515174228e-08,0.7068658977084845,0.7073475826245114
0.5914657382453703,8.663647443829044e-05,0.553546768186004,3.4695318262203328e-06,3.017484515174228e-08,0.7068658977084845,0.7073475826245114
0.5918646382453703,8.663647443829044e-05,0.552959968186004,3.4695318262203328e-06,3.017484515174228e-08,0.7068658977084845,0.7073475826245114
0.5922637382453703,8.663647443829044e-05,0.5523707681860041,3.4695318262203328e-06,3.017484515174228e-08,0.7068658977084845,0.7073475826245114
0.5926630382453704,8.663647443829044e-05,0.551779168186004,3.4695318262203328e-06,3.017484515174228e-08,0.7068658977084845,0.7073475826245114
0.5930625382453703,8.663647443829044e-05,0.551185168186004,3.4695318262203328e-06,3.017484515174228e-08,0.7068658977084845,0.7073475826245114
0.5934622382453703,8.663647443829044e-05,0.5505887681860041,3.4695318262203328e-06,3.017484515174228e-08,0.7068658977084845,0.7073475826245114
0.5938621382453703,8.663647443829044e-05,0.5499899681860041,3.4695318262203328e-06,3.017484515174228e-08,0.7068658977084845,0.7073475826245114
0.5942622382453703,8.663647443829044e-05,0.5493887681860041,3.4695318262203328e-06,3.017484515174228e-08,0.7068658977084845,0.7073475826245114
0.5946625382453702,8.663647443829044e-05,0.5487851681860041,3.4695318262203328e-06,3.017484515174228e-08,0.7068658977084845,0.7073475826245114
0.5950630382453703,8.663647443829044e-05,0.5481791681860041,3.4695318262203328e-06,3.017484515174228e-08,0.7068658977084845,0.7073475826245114
0.5954637382453702,8.663647443829044e-05,0.547570768186004,3.4695318262203328e-06,3.017484515174228e-08,0.7068658977084845,0.7073475826245114
0.5958646382453703,8.663647443829044e-05,0.5469599681860041,3.4695318262203328e-06,3.017484515174228e-08,0.7068658977084845,0.7073475826245114
0.5962657382453703,8.663647443829044e-05,0.546346768186004,3.4695318262203328e-06,3.017484515174228e-08,0.7068658977084845,0.7073475826245114
0.5966670382453703,8.663647443829044e-05,0.5457311681860041,3.4695318262203328e-06,3.017484515174228e-08,0.7068658977084845,0.7073475826245114
0.5970685382453702,8.663647443829044e-05,0.5451131681860041,3.4695318262203328e-06,3.017484515174228e-08,0.7068658977084845,0.7073475826245114
0.5974702382453703,8.663647443829044e-05,0.5444927681860041,3.4695318262203328e-06,3.017484515174228e-08,0.7068658977084845,0.7073475826245114
0.5978721382453702,8.663647443829044e-05,0.5438699681860041,3.4695318262203328e-06,3.017484515174228e-08,0.7068658977084845,0.7073475826245114
0.5982742382453703,8.663647443829044e-05,0.5432447681860041,3.4695318262203328e-06,3.017484515174228e-08,0.7068658977084845,0.7073475826245114
0.5986765382453703,8.663647443829044e-05,0.542617168186004,3.4695318262203328e-06,3.017484515174228e-08,0.7068658977084845,0.7073475826245114
0.5990790382453702,8.663647443829044e-05,0.5419871681860041,3.4695318262203328e-06,3.017484515174228e-08,0.7068658977084845,0.7073475826245114
0.5994817382453703,8.663647443829044e-05,0.541354768186004,3.4695318262203328e-06,3.017484515174228e-08,0.7068658977084845,0.7073475826245114
0.5998846382453703,8.663647443829044e-05,0.5407199681860041,3.4695318262203328e-06,3.017484515174228e-08,0.7068658977084845,0.7073475826245114
0.6002877382453703,8.663647443829044e-05,0.5400827681860041,3.4695318262203328e-06,3.017484515174228e-08,0.7068658977084845,0.7073475826245114
0.6006910382453703,8.663647443829044e-05,0.5394431681860041,3.4695318262203328e-06,3.017484515174228e-08,0.7068658977084845,0.7073475826245114
0.6010945382453703,8.663647443829044e-05,0.5388011681860041,3.4695318262203328e-06,3.017484515174228e-08,0.7068658977084845,0.7073475826245114
0.6014982382453703,8.663647443829044e-05,0.538156768186004,3.4695318262203328e-06,3.017484515174228e-08,0.7068658977084845,0.7073475826245114
0.6019021382453703,8.663647443829044e-05,0.537509968186004,3.4695318262203328e-06,3.017484515174228e-08,0.7068658977084845,0.7073475826245114
0.6023062382453703,8.663647443829044e-05,0.536860768186004,3.4695318262203328e-06,3.017484515174228e-08,0.7068658977084845,0.7073475826245114
0.6027105382453702,8.663647443829044e-05,0.5362091681860041,3.4695318262203328e-06,3.017484515174228e-08,0.7068658977084845,0.7073475826245114
0.6031150382453703,8.663647443829044e-05,0.535555168186004,3.4695318262203328e-06,3.017484515174228e-08,0.7068658977084845,0.7073475826245114
0.6035197382453703,8.663647443829044e-05,0.534898768186004,3.4695318262203328e-06,3.017484515174228e-08,0.7068658977084845,0.7073475826245114
0.6039246382453702,8.663647443829044e-05,0.534239968186004,3.4695318262203328e-06,3.017484515174228e-08,0.7068658977084845,0.7073475826245114
0.6043297382453703,8.663647443829044e-05,0.5335787681860041,3.4695318262203328e-06,3.017484515174228e-08,0.7068658977084845,0.7073475826245114
0.6047350382453702,8.663647443829044e-05,0.532915168186004,3.4695318262203328e-06,3.017484515174228e-08,0.7068658977084845,0.7073475826245114
0.6051405382453704,8.663647443829044e-05,0.5322491681860041,3.4695318262203328e-06,3.017484515174228e-08,0.7068658977084845,0.7073475826245114
0.6055462382453703,8.663647443829044e-05,0.5315807681860041,3.4695318262203328e-06,3.017484515174228e-08,0.7068658977084845,0.7073475826245114
0.6059521382453703,8.663647443829044e-05,0.5309099681860041,3.4695318262203328e-06,3.017484515174228e-08,0.7068658977084845,0.7073475826245114
0.6063582382453704,8.663647443829044e-05,0.5302367681860041,3.4695318262203328e-06,3.017484515174228e-08,0.7068658977084845,0.7073475826245114
0.6067645382453704,8.663647443829044e-05,0.5295611681860041,3.4695318262203328e-06,3.017484515174228e-08,0.7068658977084845,0.7073475826245114
0.6071710382453702,8.663647443829044e-05,0.5288831681860041,3.4695318262203328e-06,3.017484515174228e-08,0.7068658977084845,0.7073475826245114
0.6075777382453703,8.663647443829044e-05,0.5282027681860041,3.4695318262203328e-06,3.017484515174228e-08,0.7068658977084845,0.7073475826245114
0.6079846382453703,8.663647443829044e-05,0.5275199681860041,3.4695318262203328e-06,3.017484515174228e-08,0.7068658977084845,0.7073475826245114
0.6083917382453703,8.663647443829044e-05,0.526834768186004,3.4695318262203328e-06,3.017484515174228e-08,0.7068658977084845,0.7073475826245114
0.6087990382453703,8.663647443829044e-05,0.526147168186004,3.4695318262203328e-06,3.017484515174228e-08,0.7068658977084845,0.7073475826245114
0.6092065382453703,8.663647443829044e-05,0.5254571681860041,3.4695318262203328e-06,3.017484515174228e-08,0.7068658977084845,0.7073475826245114
0.6096142382453703,8.663647443829044e-05,0.524764768186004,3.4695318262203328e-06,3.017484515174228e-08,0.7068658977084845,0.7073475826245114
0.6100221382453703,8.663647443829044e-05,0.524069968186004,3.4695318262203328e-06,3.017484515174228e-08,0.7068658977084845,0.7073475826245114
0.6104302382453702,8.663647443829044e-05,0.5233727681860041,3.4695318262203328e-06,3.017484515174228e-08,0.7068658977084845,0.7073475826245114
0.6108385382453703,8.663647443829044e-05,0.5226731681860041,3.4695318262203328e-06,3.017484515174228e-08,0.7068658977084845,0.7073475826245114
0.6112470382453703,8.663647443829044e-05,0.5219711681860041,3.4695318262203328e-06,3.017484515174228e-08,0.7068658977084845,0.7073475826245114
0.6116557382453703,8.663647443829044e-05,0.521266768186004,3.4695318262203328e-06,3.017484515174228e-08,0.7068658977084845,0.7073475826245114
0.6120646382453703,8.663647443829044e-05,0.520559968186004,3.4695318262203328e-06,3.017484515174228e-08,0.7068658977084845,0.7073475826245114
0.6124737382453703,8.663647443829044e-05,0.5198507681860041,3.4695318262203328e-06,3.017484515174228e-08,0.7068658977084845,0.7073475826245114
0.6128830382453703,8.663647443829044e-05,0.5191391681860041,3.4695318262203328e-06,3.017484515174228e-08,0.7068658977084845,0.7073475826245114
0.6132925382453702,8.663647443829044e-05,0.518425168186004,3.4695318262203328e-06,3.017484515174228e-08,0.7068658977084845,0.7073475826245114
0.6137022382453703,8.663647443829044e-05,0.5177087681860041,3.4695318262203328e-06,3.017484515174228e-08,0.7068658977084845,0.7073475826245114
0.6141121382453703,8.663647443829044e-05,0.5169899681860041,3.4695318262203328e-06,3.017484515174228e-08,0.7068658977084845,0.7073475826245114
0.6145222382453702,8.663647443829044e-05,0.5162687681860041,3.4695318262203328e-06,3.017484515174228e-08,0.7068658977084845,0.7073475826245114
0.6149325382453703,8.663647443829044e-05,0.5155451681860042,3.4695318262203328e-06,3.017484515174228e-08,0.7068658977084845,0.7073475826245114
0.6153430382453703,8.663647443829044e-05,0.5148191681860042,3.4695318262203328e-06,3.017484515174228e-08,0.7068658977084845,0.7073475826245114
0.6157537382453704,8.663647443829044e-05,0.5140907681860041,3.4695318262203328e-06,3.017484515174228e-08,0.7068658977084845,0.7073475826245114
0.6161646382453703,8.663647443829044e-05,0.513359968186004,3.4695318262203328e-06,3.017484515174228e-08,0.7068658977084845,0.7073475826245114
0.6165757382453703,8.663647443829044e-05,0.5126267681860041,3.4695318262203328e-06,3.017484515174228e-08,0.7068658977084845,0.7073475826245114
0.6169870382453704,8.663647443829044e-05,0.5118911681860041,3.4695318262203328e-06,3.017484515174228e-08,0.7068658977084845,0.7073475826245114
0.6173985382453703,8.663647443829044e-05,0.5111531681860041,3.4695318262203328e-06,3.017484515174228e-08,0.7068658977084845,0.7073475826245114
0.6178102382453703,8.663647443829044e-05,0.5104127681860041,3.4695318262203328e-06,3.017484515174228e-08,0.7068658977084845,0.7073475826245114
0.6182221382453702,8.663647443829044e-05,0.5096699681860041,3.4695318262203328e-06,3.017484515174228e-08,0.7068658977084845,0.7073475826245114
0.6186342382453703,8.663647443829044e-05,0.5089247681860041,3.4695318262203328e-06,3.017484515174228e-08,0.7068658977084845,0.7073475826245114
0.6190465382453704,8.663647443829044e-05,0.508177168186004,3.4695318262203328e-06,3.017484515174228e-08,0.7068658977084845,0.7073475826245114
0.6194590382453703,8.663647443829044e-05,0.5074271681860041,3.4695318262203328e-06,3.017484515174228e-08,0.7068658977084845,0.7073475826245114
0.6198717382453703,8.663647443829044e-05,0.506674768186004,3.4695318262203328e-06,3.017484515174228e-08,0.7068658977084845,0.7073475826245114
0.6202846382453703,8.663647443829044e-05,0.505919968186004,3.4695318262203328e-06,3.017484515174228e-08,0.7068658977084845,0.7073475826245114
0.6206977382453703,8.663647443829044e-05,0.505162768186004,3.4695318262203328e-06,3.017484515174228e-08,0.7068658977084845,0.7073475826245114
0.6211110382453703,8.663647443829044e-05,0.5044031681860041,3.4695318262203328e-06,3.017484515174228e-08,0.7068658977084845,0.7073475826245114
0.6215245382453702,8.663647443829044e-05,0.5036411681860041,3.4695318262203328e-06,3.017484515174228e-08,0.7068658977084845,0.7073475826245114
0.6219382382453702,8.663647443829044e-05,0.5028767681860041,3.4695318262203328e-06,3.017484515174228e-08,0.7068658977084845,0.7073475826245114
0.6223521382453703,8.663647443829044e-05,0.5021099681860042,3.4695318262203328e-06,3.017484515174228e-08,0.7068658977084845,0.7073475826245114
0.6227662382453704,8.663647443829044e-05,0.501340768186004,3.4695318262203328e-06,3.017484515174228e-08,0.7068658977084845,0.7073475826245114
0.6231805382453703,8.663647443829044e-05,0.500569168186004,3.4695318262203328e-06,3.017484515174228e-08,0.7068658977084845,0.7073475826245114
0.6235950382453703,8.663647443829044e-05,0.499795168186004,3.4695318262203328e-06,3.017484515174228e-08,0.7068658977084845,0.7073475826245114
0.6240097382453703,8.663647443829044e-05,0.4990187681860041,3.4695318262203328e-06,3.017484515174228e-08,0.7068658977084845,0.7073475826245114
0.6244246382453703,8.663647443829044e-05,0.4982399681860041,3.4695318262203328e-06,3.017484515174228e-08,0.7068658977084845,0.7073475826245114
0.6248397382453703,8.663647443829044e-05,0.4974587681860041,3.4695318262203328e-06,3.017484515174228e-08,0.7068658977084845,0.7073475826245114
0.6252550382453702,8.663647443829044e-05,0.4966751681860041,3.4695318262203328e-06,3.017484515174228e-08,0.7068658977084845,0.7073475826245114
0.6256705382453703,8.663647443829044e-05,0.49588916818600415,3.4695318262203328e-06,3.017484515174228e-08,0.7068658977084845,0.7073475826245114
0.6260862382453702,8.663647443829044e-05,0.495100768186004,3.4695318262203328e-06,3.017484515174228e-08,0.7068658977084845,0.7073475826245114
0.6265021382453704,8.663647443829044e-05,0.49430996818600403,3.4695318262203328e-06,3.017484515174228e-08,0.7068658977084845,0.7073475826245114
0.6269182382453703,8.663647443829044e-05,0.49351676818600404,3.4695318262203328e-06,3.017484515174228e-08,0.7068658977084845,0.7073475826245114
0.6273345382453702,8.663647443829044e-05,0.4927211681860041,3.4695318262203328e-06,3.017484515174228e-08,0.7068658977084845,0.7073475826245114
0.6277510382453704,8.663647443829044e-05,0.49192316818600407,3.4695318262203328e-06,3.017484515174228e-08,0.7068658977084845,0.7073475826245114
0.6281677382453703,8.663647443829044e-05,0.4911227681860041,3.4695318262203328e-06,3.017484515174228e-08,0.7068658977084845,0.7073475826245114
0.6285846382453703,8.663647443829044e-05,0.4903199681860041,3.4695318262203328e-06,3.017484515174228e-08,0.7068658977084845,0.7073475826245114
0.6290017382453702,8.663647443829044e-05,0.48951476818600415,3.4695318262203328e-06,3.017484515174228e-08,0.7068658977084845,0.7073475826245114
0.6294190382453703,8.663647443829044e-05,0.488707168186004,3.4695318262203328e-06,3.017484515174228e-08,0.7068658977084845,0.7073475826245114
0.6298365382453702,8.663647443829044e-05,0.48789716818600404,3.4695318262203328e-06,3.017484515174228e-08,0.7068658977084845,0.7073475826245114
0.6302542382453703,8.663647443829044e-05,0.48708476818600405,3.4695318262203328e-06,3.017484515174228e-08,0.7068658977084845,0.7073475826245114
0.6306721382453703,8.663647443829044e-05,0.4862699681860041,3.4695318262203328e-06,3.017484515174228e-08,0.7068658977084845,0.7073475826245114
0.6310902382453702,8.663647443829044e-05,0.4854527681860041,3.4695318262203328e-06,3.017484515174228e-08,0.7068658977084845,0.7073475826245114
0.6315085382453703,8.663647443829044e-05,0.4846331681860041,3.4695318262203328e-06,3.017484515174228e-08,0.7068658977084845,0.7073475826245114
0.6319270382453703,8.663647443829044e-05,0.4838111681860041,3.4695318262203328e-06,3.017484515174228e-08,0.7068658977084845,0.7073475826245114
0.6323457382453702,8.663647443829044e-05,0.48298676818600417,3.4695318262203328e-06,3.017484515174228e-08,0.7068658977084845,0.7073475826245114
0.6327646382453703,8.663647443829044e-05,0.48215996818600415,3.4695318262203328e-06,3.017484515174228e-08,0.7068658977084845,0.7073475826245114
0.6331837382453703,8.663647443829044e-05,0.481330768186004,3.4695318262203328e-06,3.017484515174228e-08,0.7068658977084845,0.7073475826245114
0.6336030382453703,8.663647443829044e-05,0.480499168186004,3.4695318262203328e-06,3.017484515174228e-08,0.7068658977084845,0.7073475826245114
0.6340225382453704,8.663647443829044e-05,0.479665168186004,3.4695318262203328e-06,3.017484515174228e-08,0.7068658977084845,0.7073475826245114
0.6344422382453703,8.663647443829044e-05,0.47882876818600406,3.4695318262203328e-06,3.017484515174228e-08,0.7068658977084845,0.7073475826245114
0.6348621382453703,8.663647443829044e-05,0.4779899681860041,3.4695318262203328e-06,3.017484515174228e-08,0.7068658977084845,0.7073475826245114
0.6352822382453703,8.663647443829044e-05,0.4771487681860041,3.4695318262203328e-06,3.017484515174228e-08,0.7068658977084845,0.7073475826245114
0.6357025382453703,8.663647443829044e-05,0.4763051681860041,3.4695318262203328e-06,3.017484515174228e-08,0.7068658977084845,0.7073475826245114
0.6361230382453702,8.663647443829044e-05,0.47545916818600414,3.4695318262203328e-06,3.017484515174228e-08,0.7068658977084845,0.7073475826245114
0.6365437382453704,8.663647443829044e-05,0.474610768186004,3.4695318262203328e-06,3.017484515174228e-08,0.7068658977084845,0.7073475826245114
0.6369646382453703,8.663647443829044e-05,0.4737599681860041,3.4695318262203328e-06,3.017484515174228e-08,0.7068658977084845,0.7073475826245114
0.6373857382453704,8.663647443829044e-05,0.4729067681860041,3.4695318262203328e-06,3.017484515174228e-08,0.7068658977084845,0.7073475826245114
0.6378070382453703,8.663647443829044e-05,0.47205116818600407,3.4695318262203328e-06,3.017484515174228e-08,0.7068658977084845,0.7073475826245114
0.6382285382453703,8.663647443829044e-05,0.4711931681860041,3.4695318262203328e-06,3.017484515174228e-08,0.7068658977084845,0.7073475826245114
0.6386502382453703,8.663647443829044e-05,0.4703327681860041,3.4695318262203328e-06,3.017484515174228e-08,0.7068658977084845,0.7073475826245114
0.6390721382453703,8.663647443829044e-05,0.4694699681860041,3.4695318262203328e-06,3.017484515174228e-08,0.7068658977084845,0.7073475826245114
0.6394942382453702,8.663647443829044e-05,0.46860476818600416,3.4695318262203328e-06,3.017484515174228e-08,0.7068658977084845,0.7073475826245114
0.6399165382453703,8.663647443829044e-05,0.46773716818600397,3.4695318262203328e-06,3.017484515174228e-08,0.7068658977084845,0.7073475826245114
0.6403390382453703,8.663647443829044e-05,0.46686716818600404,3.4695318262203328e-06,3.017484515174228e-08,0.7068658977084845,0.7073475826245114
0.6407617382453704,8.663647443829044e-05,0.46599476818600405,3.4695318262203328e-06,3.017484515174228e-08,0.7068658977084845,0.7073475826245114
0.6411846382453703,8.663647443829044e-05,0.4651199681860041,3.4695318262203328e-06,3.017484515174228e-08,0.7068658977084845,0.7073475826245114
0.6416077382453703,8.663647443829044e-05,0.4642427681860041,3.4695318262203328e-06,3.017484515174228e-08,0.7068658977084845,0.7073475826245114
0.6420310382453702,8.663647443829044e-05,0.4633631681860041,3.4695318262203328e-06,3.017484515174228e-08,0.7068658977084845,0.7073475826245114
0.6424545382453702,8.663647443829044e-05,0.46248116818600415,3.4695318262203328e-06,3.017484515174228e-08,0.7068658977084845,0.7073475826245114
0.6428782382453703,8.663647443829044e-05,0.46159676818600415,3.4695318262203328e-06,3.017484515174228e-08,0.7068658977084845,0.7073475826245114
0.6433021382453704,8.663647443829044e-05,0.46070996818600396,3.4695318262203328e-06,3.017484515174228e-08,0.7068658977084845,0.7073475826245114
0.6437262382453703,8.663647443829044e-05,0.45982076818600404,3.4695318262203328e-06,3.017484515174228e-08,0.7068658977084845,0.7073475826245114
0.6441505382453703,8.663647443829044e-05,0.45892916818600404,3.4695318262203328e-06,3.017484515174228e-08,0.7068658977084845,0.7073475826245114
0.6445750382453703,8.663647443829044e-05,0.45803516818600404,3.4695318262203328e-06,3.017484515174228e-08,0.7068658977084845,0.7073475826245114
0.6449997382453704,8.663647443829044e-05,0.4571387681860041,3.4695318262203328e-06,3.017484515174228e-08,0.7068658977084845,0.7073475826245114
0.6454246382453703,8.663647443829044e-05,0.4562399681860041,3.4695318262203328e-06,3.017484515174228e-08,0.7068658977084845,0.7073475826245114
0.6458497382453703,8.663647443829044e-05,0.4553387681860041,3.4695318262203328e-06,3.017484515174228e-08,0.7068658977084845,0.7073475826245114
0.6462750382453704,8.663647443829044e-05,0.45443516818600416,3.4695318262203328e-06,3.017484515174228e-08,0.7068658977084845,0.7073475826245114
0.6467005382453703,8.663647443829044e-05,0.45352916818600414,3.4695318262203328e-06,3.017484515174228e-08,0.7068658977084845,0.7073475826245114
0.6471262382453704,8.663647443829044e-05,0.452620768186004,3.4695318262203328e-06,3.017484515174228e-08,0.7068658977084845,0.7073475826245114
0.6475521382453703,8.663647443829044e-05,0.45170996818600406,3.4695318262203328e-06,3.017484515174228e-08,0.7068658977084845,0.7073475826245114
0.6479782382453703,8.663647443829044e-05,0.45079676818600406,3.4695318262203328e-06,3.017484515174228e-08,0.7068658977084845,0.7073475826245114
0.6484045382453704,8.663647443829044e-05,0.4498811681860041,3.4695318262203328e-06,3.017484515174228e-08,0.7068658977084845,0.7073475826245114
0.6488310382453704,8.663647443829044e-05,0.4489631681860041,3.4695318262203328e-06,3.017484515174228e-08,0.7068658977084845,0.7073475826245114
0.6492577382453703,8.663647443829044e-05,0.4480427681860041,3.4695318262203328e-06,3.017484515174228e-08,0.7068658977084845,0.7073475826245114
0.6496846382453704,8.663647443829044e-05,0.44711996818600414,3.4695318262203328e-06,3.017484515174228e-08,0.7068658977084845,0.7073475826245114
0.6501117382453703,8.663647443829044e-05,0.4461947681860041,3.4695318262203328e-06,3.017484515174228e-08,0.7068658977084845,0.7073475826245114
0.6505390382453703,8.663647443829044e-05,0.445267168186004,3.4695318262203328e-06,3.017484515174228e-08,0.7068658977084845,0.7073475826245114
0.6509665382453703,8.663647443829044e-05,0.444337168186004,3.4695318262203328e-06,3.017484515174228e-08,0.7068658977084845,0.7073475826245114
0.6513942382453703,8.663647443829044e-05,0.44340476818600405,3.4695318262203328e-06,3.017484515174228e-08,0.7068658977084845,0.7073475826245114
0.6518221382453703,8.663647443829044e-05,0.44246996818600404,3.4695318262203328e-06,3.017484515174228e-08,0.7068658977084845,0.7073475826245114
0.6522502382453703,8.663647443829044e-05,0.44153276818600407,3.4695318262203328e-06,3.017484515174228e-08,0.7068658977084845,0.7073475826245114
0.6526785382453703,8.663647443829044e-05,0.44059316818600414,3.4695318262203328e-06,3.017484515174228e-08,0.7068658977084845,0.7073475826245114
0.6531070382453703,8.663647443829044e-05,0.43965116818600414,3.4695318262203328e-06,3.017484515174228e-08,0.7068658977084845,0.7073475826245114
0.6535357382453704,8.663647443829044e-05,0.4387067681860042,3.4695318262203328e-06,3.017484515174228e-08,0.7068658977084845,0.7073475826245114
0.6539646382453703,8.663647443829044e-05,0.43775996818600404,3.4695318262203328e-06,3.017484515174228e-08,0.7068658977084845,0.7073475826245114
0.6543937382453704,8.663647443829044e-05,0.43681076818600406,3.4695318262203328e-06,3.017484515174228e-08,0.7068658977084845,0.7073475826245114
0.6548230382453704,8.663647443829044e-05,0.435859168186004,3.4695318262203328e-06,3.017484515174228e-08,0.7068658977084845,0.7073475826245114
0.6552525382453703,8.663647443829044e-05,0.43490516818600405,3.4695318262203328e-06,3.017484515174228e-08,0.7068658977084845,0.7073475826245114
0.6556822382453703,8.663647443829044e-05,0.4339487681860041,3.4695318262203328e-06,3.017484515174228e-08,0.7068658977084845,0.7073475826245114
0.6561121382453703,8.663647443829044e-05,0.4329899681860041,3.4695318262203328e-06,3.017484515174228e-08,0.7068658977084845,0.7073475826245114
0.6565422382453703,8.663647443829044e-05,0.4320287681860041,3.4695318262203328e-06,3.017484515174228e-08,0.7068658977084845,0.7073475826245114
0.6569725382453703,8.663647443829044e-05,0.43106516818600416,3.4695318262203328e-06,3.017484515174228e-08,0.7068658977084845,0.7073475826245114
0.6574030382453704,8.663647443829044e-05,0.43009916818600413,3.4695318262203328e-06,3.017484515174228e-08,0.7068658977084845,0.7073475826245114
0.6578337382453704,8.663647443829044e-05,0.42913076818600404,3.4695318262203328e-06,3.017484515174228e-08,0.7068658977084845,0.7073475826245114
0.6582646382453704,8.663647443829044e-05,0.428159968186004,3.4695318262203328e-06,3.017484515174228e-08,0.7068658977084845,0.7073475826245114
0.6586957382453703,8.663647443829044e-05,0.4271867681860041,3.4695318262203328e-06,3.017484515174228e-08,0.7068658977084845,0.7073475826245114
0.6591270382453703,8.663647443829044e-05,0.4262111681860041,3.4695318262203328e-06,3.017484515174228e-08,0.7068658977084845,0.7073475826245114
0.6595585382453703,8.663647443829044e-05,0.4252331681860041,3.4695318262203328e-06,3.017484515174228e-08,0.7068658977084845,0.7073475826245114
0.6599902382453703,8.663647443829044e-05,0.4242527681860041,3.4695318262203328e-06,3.017484515174228e-08,0.7068658977084845,0.7073475826245114
0.6604221382453703,8.663647443829044e-05,0.42326996818600415,3.4695318262203328e-06,3.017484515174228e-08,0.7068658977084845,0.7073475826245114
0.6608542382453703,8.663647443829044e-05,0.42228476818600413,3.4695318262203328e-06,3.017484515174228e-08,0.7068658977084845,0.7073475826245114
0.6612865382453703,8.663647443829044e-05,0.421297168186004,3.4695318262203328e-06,3.017484515174228e-08,0.7068658977084845,0.7073475826245114
0.6617190382453704,8.663647443829044e-05,0.420307168186004,3.4695318262203328e-06,3.017484515174228e-08,0.7068658977084845,0.7073475826245114
0.6621517382453703,8.663647443829044e-05,0.41931476818600405,3.4695318262203328e-06,3.017484515174228e-08,0.7068658977084845,0.7073475826245114
0.6625846382453703,8.663647443829044e-05,0.41831996818600403,3.4695318262203328e-06,3.017484515174228e-08,0.7068658977084845,0.7073475826245114
0.6630177382453702,8.663647443829044e-05,0.4173227681860041,3.4695318262203328e-06,3.017484515174228e-08,0.7068658977084845,0.7073475826245114
0.6634510382453702,8.663647443829044e-05,0.4163231681860041,3.4695318262203328e-06,3.017484515174228e-08,0.7068658977084845,0.7073475826245114
0.6638845382453703,8.663647443829044e-05,0.4153211681860042,3.4695318262203328e-06,3.017484515174228e-08,0.7068658977084845,0.7073475826245114
0.6643182382453703,8.663647443829044e-05,0.41431676818600416,3.4695318262203328e-06,3.017484515174228e-08,0.7068658977084845,0.7073475826245114
0.6647521382453704,8.663647443829044e-05,0.413309968186004,3.4695318262203328e-06,3.017484515174228e-08,0.7068658977084845,0.7073475826245114
0.6651862382453703,8.663647443829044e-05,0.41230076818600403,3.4695318262203328e-06,3.017484515174228e-08,0.7068658977084845,0.7073475826245114
0.6656205382453704,8.663647443829044e-05,0.41128916818600403,3.4695318262203328e-06,3.017484515174228e-08,0.7068658977084845,0.7073475826245114
0.6660550382453704,8.663647443829044e-05,0.41027516818600407,3.4695318262203328e-06,3.017484515174228e-08,0.7068658977084845,0.7073475826245114
0.6664897382453703,8.663647443829044e-05,0.40925876818600404,3.4695318262203328e-06,3.017484515174228e-08,0.7068658977084845,0.7073475826245114
0.6669246382453704,8.663647443829044e-05,0.4082399681860041,3.4695318262203328e-06,3.017484515174228e-08,0.7068658977084845,0.7073475826245114
0.6673597382453703,8.663647443829044e-05,0.4072187681860041,3.4695318262203328e-06,3.017484515174228e-08,0.7068658977084845,0.7073475826245114
0.6677950382453703,8.663647443829044e-05,0.40619516818600415,3.4695318262203328e-06,3.017484515174228e-08,0.7068658977084845,0.7073475826245114
0.6682305382453703,8.663647443829044e-05,0.4051691681860042,3.4695318262203328e-06,3.017484515174228e-08,0.7068658977084845,0.7073475826245114
0.6686662382453703,8.663647443829044e-05,0.40414076818600403,3.4695318262203328e-06,3.017484515174228e-08,0.7068658977084845,0.7073475826245114
0.6691021382453703,8.663647443829044e-05,0.4031099681860041,3.4695318262203328e-06,3.017484515174228e-08,0.7068658977084845,0.7073475826245114
0.6695382382453704,8.663647443829044e-05,0.4020767681860041,3.4695318262203328e-06,3.017484515174228e-08,0.7068658977084845,0.7073475826245114
0.6699745382453703,8.663647443829044e-05,0.4010411681860041,3.4695318262203328e-06,3.017484515174228e-08,0.7068658977084845,0.7073475826245114
0.6704110382453703,8.663647443829044e-05,0.4000031681860041,3.4695318262203328e-06,3.017484515174228e-08,0.7068658977084845,0.7073475826245114
0.6708477382453704,8.663647443829044e-05,0.3989627681860041,3.4695318262203328e-06,3.017484515174228e-08,0.7068658977084845,0.7073475826245114
0.6712846382453703,8.663647443829044e-05,0.39791996818600417,3.4695318262203328e-06,3.017484515174228e-08,0.7068658977084845,0.7073475826245114
0.6717217382453703,8.663647443829044e-05,0.3968747681860042,3.4695318262203328e-06,3.017484515174228e-08,0.7068658977084845,0.7073475826245114
0.6721590382453704,8.663647443829044e-05,0.395827168186004,3.4695318262203328e-06,3.017484515174228e-08,0.7068658977084845,0.7073475826245114
0.6725965382453704,8.663647443829044e-05,0.39477716818600406,3.4695318262203328e-06,3.017484515174228e-08,0.7068658977084845,0.7073475826245114
0.6730342382453703,8.663647443829044e-05,0.39372476818600405,3.4695318262203328e-06,3.017484515174228e-08,0.7068658977084845,0.7073475826245114
0.6734721382453703,8.663647443829044e-05,0.3926699681860041,3.4695318262203328e-06,3.017484515174228e-08,0.7068658977084845,0.7073475826245114
0.6739102382453703,8.663647443829044e-05,0.3916127681860041,3.4695318262203328e-06,3.017484515174228e-08,0.7068658977084845,0.7073475826245114
0.6743485382453703,8.663647443829044e-05,0.3905531681860041,3.4695318262203328e-06,3.017484515174228e-08,0.7068658977084845,0.7073475826245114
0.6747870382453703,8.663647443829044e-05,0.38949116818600416,3.4695318262203328e-06,3.017484515174228e-08,0.7068658977084845,0.7073475826245114
0.6752257382453704,8.663647443829044e-05,0.3884267681860042,3.4695318262203328e-06,3.017484515174228e-08,0.7068658977084845,0.7073475826245114
0.6756646382453704,8.663647443829044e-05,0.38735996818600404,3.4695318262203328e-06,3.017484515174228e-08,0.7068658977084845,0.7073475826245114
0.6761037382453704,8.663647443829044e-05,0.38629076818600405,3.4695318262203328e-06,3.017484515174228e-08,0.7068658977084845,0.7073475826245114
0.6765430382453703,8.663647443829044e-05,0.38521916818600405,3.4695318262203328e-06,3.017484515174228e-08,0.7068658977084845,0.7073475826245114
0.6769825382453702,8.663647443829044e-05,0.3841451681860041,3.4695318262203328e-06,3.017484515174228e-08,0.7068658977084845,0.7073475826245114
0.6774222382453704,8.663647443829044e-05,0.3830687681860041,3.4695318262203328e-06,3.017484515174228e-08,0.7068658977084845,0.7073475826245114
0.6778621382453703,8.663647443829044e-05,0.3819899681860041,3.4695318262203328e-06,3.017484515174228e-08,0.7068658977084845,0.7073475826245114
0.6783022382453703,8.663647443829044e-05,0.3809087681860041,3.4695318262203328e-06,3.017484515174228e-08,0.7068658977084845,0.7073475826245114
0.6787425382453703,8.663647443829044e-05,0.3798251681860042,3.4695318262203328e-06,3.017484515174228e-08,0.7068658977084845,0.7073475826245114
0.6791830382453703,8.663647443829044e-05,0.37873916818600417,3.4695318262203328e-06,3.017484515174228e-08,0.7068658977084845,0.7073475826245114
0.6796237382453704,8.663647443829044e-05,0.37765076818600396,3.4695318262203328e-06,3.017484515174228e-08,0.7068658977084845,0.7073475826245114
0.6800646382453703,8.663647443829044e-05,0.376559968186004,3.4695318262203328e-06,3.017484515174228e-08,0.7068658977084845,0.7073475826245114
0.6805057382453703,8.663647443829044e-05,0.37546676818600405,3.4695318262203328e-06,3.017484515174228e-08,0.7068658977084845,0.7073475826245114
0.6809470382453703,8.663647443829044e-05,0.3743711681860041,3.4695318262203328e-06,3.017484515174228e-08,0.7068658977084845,0.7073475826245114
0.6813885382453704,8.663647443829044e-05,0.3732731681860041,3.4695318262203328e-06,3.017484515174228e-08,0.7068658977084845,0.7073475826245114
0.6818302382453703,8.663647443829044e-05,0.37217276818600414,3.4695318262203328e-06,3.017484515174228e-08,0.7068658977084845,0.7073475826245114
0.6822721382453703,8.663647443829044e-05,0.3710699681860042,3.4695318262203328e-06,3.017484515174228e-08,0.7068658977084845,0.7073475826245114
0.6827142382453704,8.663647443829044e-05,0.36996476818600416,3.4695318262203328e-06,3.017484515174228e-08,0.7068658977084845,0.7073475826245114
0.6831565382453704,8.663647443829044e-05,0.368857168186004,3.4695318262203328e-06,3.017484515174228e-08,0.7068658977084845,0.7073475826245114
0.6835990382453704,8.663647443829044e-05,0.367747168186004,3.4695318262203328e-06,3.017484515174228e-08,0.7068658977084845,0.7073475826245114
0.6840417382453703,8.663647443829044e-05,0.36663476818600405,3.4695318262203328e-06,3.017484515174228e-08,0.7068658977084845,0.7073475826245114
0.6844846382453704,8.663647443829044e-05,0.3655199681860041,3.4695318262203328e-06,3.017484515174228e-08,0.7068658977084845,0.7073475826245114
0.6849277382453703,8.663647443829044e-05,0.3644027681860041,3.4695318262203328e-06,3.017484515174228e-08,0.7068658977084845,0.7073475826245114
0.6853710382453704,8.663647443829044e-05,0.36328316818600415,3.4695318262203328e-06,3.017484515174228e-08,0.7068658977084845,0.7073475826245114
0.6858145382453703,8.663647443829044e-05,0.3621611681860042,3.4695318262203328e-06,3.017484515174228e-08,0.7068658977084845,0.7073475826245114
0.6862582382453702,8.663647443829044e-05,0.36103676818600416,3.4695318262203328e-06,3.017484515174228e-08,0.7068658977084845,0.7073475826245114
0.6867021382453703,8.663647443829044e-05,0.359909968186004,3.4695318262203328e-06,3.017484515174228e-08,0.7068658977084845,0.7073475826245114
0.6871462382453704,8.663647443829044e-05,0.358780768186004,3.4695318262203328e-06,3.017484515174228e-08,0.7068658977084845,0.7073475826245114
0.6875905382453704,8.663647443829044e-05,0.35764916818600406,3.4695318262203328e-06,3.017484515174228e-08,0.7068658977084845,0.7073475826245114
0.6880350382453704,8.663647443829044e-05,0.35651516818600404,3.4695318262203328e-06,3.017484515174228e-08,0.7068658977084845,0.7073475826245114
0.6884797382453703,8.663647443829044e-05,0.3553787681860041,3.4695318262203328e-06,3.017484515174228e-08,0.7068658977084845,0.7073475826245114
0.6889246382453703,8.663647443829044e-05,0.3542399681860041,3.4695318262203328e-06,3.017484515174228e-08,0.7068658977084845,0.7073475826245114
0.6893697382453703,8.663647443829044e-05,0.35309876818600416,3.4695318262203328e-06,3.017484515174228e-08,0.7068658977084845,0.7073475826245114
0.6898150382453703,8.663647443829044e-05,0.35195516818600414,3.4695318262203328e-06,3.017484515174228e-08,0.7068658977084845,0.7073475826245114
0.6902605382453703,8.663647443829044e-05,0.3508091681860042,3.4695318262203328e-06,3.017484515174228e-08,0.7068658977084845,0.7073475826245114
0.6907062382453704,8.663647443829044e-05,0.349660768186004,3.4695318262203328e-06,3.017484515174228e-08,0.7068658977084845,0.7073475826245114
0.6911521382453704,8.663647443829044e-05,0.34850996818600405,3.4695318262203328e-06,3.017484515174228e-08,0.7068658977084845,0.7073475826245114
0.6915982382453704,8.663647443829044e-05,0.34735676818600403,3.4695318262203328e-06,3.017484515174228e-08,0.7068658977084845,0.7073475826245114
0.6920445382453703,8.663647443829044e-05,0.3462011681860041,3.4695318262203328e-06,3.017484515174228e-08,0.7068658977084845,0.7073475826245114
0.6924910382453704,8.663647443829044e-05,0.3450431681860041,3.4695318262203328e-06,3.017484515174228e-08,0.7068658977084845,0.7073475826245114
0.6929377382453703,8.663647443829044e-05,0.34388276818600416,3.4695318262203328e-06,3.017484515174228e-08,0.7068658977084845,0.7073475826245114
0.6933846382453703,8.663647443829044e-05,0.34271996818600414,3.4695318262203328e-06,3.017484515174228e-08,0.7068658977084845,0.7073475826245114
0.6938317382453704,8.663647443829044e-05,0.34155476818600417,3.4695318262203328e-06,3.017484515174228e-08,0.7068658977084845,0.7073475826245114
0.6942790382453703,8.663647443829044e-05,0.340387168186004,3.4695318262203328e-06,3.017484515174228e-08,0.7068658977084845,0.7073475826245114
0.6947265382453703,8.663647443829044e-05,0.33921716818600406,3.4695318262203328e-06,3.017484515174228e-08,0.7068658977084845,0.7073475826245114
0.6951742382453704,8.663647443829044e-05,0.33804476818600404,3.4695318262203328e-06,3.017484515174228e-08,0.7068658977084845,0.7073475826245114
0.6956221382453703,8.663647443829044e-05,0.33686996818600407,3.4695318262203328e-06,3.017484515174228e-08,0.7068658977084845,0.7073475826245114
0.6960702382453703,8.663647443829044e-05,0.33569276818600413,3.4695318262203328e-06,3.017484515174228e-08,0.7068658977084845,0.7073475826245114
0.6965185382453704,8.663647443829044e-05,0.33451316818600413,3.4695318262203328e-06,3.017484515174228e-08,0.7068658977084845,0.7073475826245114
0.6969670382453703,8.663647443829044e-05,0.33333116818600417,3.4695318262203328e-06,3.017484515174228e-08,0.7068658977084845,0.7073475826245114
0.6974157382453703,8.663647443829044e-05,0.3321467681860042,3.4695318262203328e-06,3.017484515174228e-08,0.7068658977084845,0.7073475826245114
0.6978646382453704,8.663647443829044e-05,0.330959968186004,3.4695318262203328e-06,3.017484515174228e-08,0.7068658977084845,0.7073475826245114
0.6983137382453704,8.663647443829044e-05,0.32977076818600404,3.4695318262203328e-06,3.017484515174228e-08,0.7068658977084845,0.7073475826245114
0.6987630382453703,8.663647443829044e-05,0.328579168186004,3.4695318262203328e-06,3.017484515174228e-08,0.7068658977084845,0.7073475826245114
0.6992125382453703,8.663647443829044e-05,0.3273851681860041,3.4695318262203328e-06,3.017484515174228e-08,0.7068658977084845,0.7073475826245114
0.6996622382453703,8.663647443829044e-05,0.3261887681860041,3.4695318262203328e-06,3.017484515174228e-08,0.7068658977084845,0.7073475826245114
