Left_Arm_Joint_1,Left_Arm_Joint_2,Left_Arm_Joint_3,Left_Arm_Joint_4,Left_Arm_Joint_5,Left_Arm_Joint_6,Left_Arm_Joint_7,Right_Arm_Joint_1,Right_Arm_Joint_2,Right_Arm_Joint_3,Right_Arm_Joint_4,Right_Arm_Joint_5,Right_Arm_Joint_6,Right_Arm_Joint_7
1.4539709981566027,-0.20867528607951433,-0.8958883034990363,-2.571992532484915,-1.2001169863879868,1.1039408520947624,1.7914429656127682,1.6038637224270944,0.2297064253853906,-2.170340915683615,-2.577663104583212,1.232187527971063,1.0732853521912324,-0.22566980218833135
1.4539804105817966,-0.20870507069601935,-0.8958568162329787,-2.571964963320733,-1.200120667565509,1.1039158910904272,1.7914157102258115,1.6038580544368137,0.2297278560654513,-2.170363843409918,-2.5776383392026307,1.2321801758656856,1.0732565437834745,-0.22565150706142395
1.4539863125927208,-0.20873217480765047,-0.8958373384730909,-2.5719365931493403,-1.200122542730938,1.1038854380273775,1.7913884052204623,1.6038522784444715,0.22974868716062988,-2.170383980947432,-2.57761049337651,1.2321701334719408,1.0732273310812501,-0.22562406501607848
1.4539912406153013,-0.20876068584382723,-0.8958162552191004,-2.57190795082291,-1.2001241338640816,1.1038531453206655,1.7913611328003152,1.603845210055553,0.2297697581542914,-2.170402625926039,-2.5775825671561043,1.2321607599880808,1.073198176371712,-0.22559546717286705
1.453997261332851,-0.2087876577809234,-0.8957964238634802,-2.5718795814129636,-1.2001253974860124,1.103822352124311,1.7913338537353611,1.6038405658410608,0.2297902964722794,-2.17042428356565,-2.577555317922274,1.2321508442188456,1.0731696115615597,-0.22556792989804686
1.454002710264878,-0.20881090230535204,-0.8957779140308955,-2.5718504648540503,-1.2001270131170474,1.1037963541268119,1.7913073667790271,1.6038339266656638,0.22981130579665954,-2.1704445433584794,-2.5775298983771036,1.2321409269585506,1.0731396779132785,-0.22553955243124105
1.454008002156064,-0.20883746080154098,-0.8957580549917138,-2.5718222518281144,-1.2001287006001737,1.1037662455789659,1.7912802474583271,1.603827496536198,0.22983218466650654,-2.1704637645379665,-2.577502350561266,1.2321312217822906,1.0731105138410502,-0.22551243670353854
1.4540112072896094,-0.20886298377089665,-0.8957495533550736,-2.571794065088836,-1.2001270937397608,1.1037275429980375,1.7912527424387676,1.6038219829892733,0.22985255806227392,-2.170481060602278,-2.57747149940638,1.2321195973948103,1.073082702974523,-0.22547904098982638
1.4540209109961308,-0.20889247600884087,-0.8957196247160047,-2.5717668941994805,-1.2001311862993926,1.1037033413758164,1.7912258559208463,1.6038159919601873,0.2298735907747129,-2.17050284533981,-2.577446767752739,1.2321123986581084,1.0730543332946811,-0.22546112821192393
1.4540266617879583,-0.20891894498841088,-0.8957003125037144,-2.571738767519109,-1.2001327734253924,1.1036733185331316,1.7911989441193983,1.6038105448138147,0.22989409445072498,-2.1705227812015,-2.577419554955336,1.2321027675334462,1.0730259509131383,-0.22543408089324152
1.454031093176857,-0.20894689018672566,-0.8956796219266493,-2.5717104711327363,-1.2001346736612801,1.1036420256020953,1.79117185342464,1.6038041862553905,0.22991451544336008,-2.1705411584654724,-2.5773917576425047,1.2320934228842226,1.0729975178416489,-0.22540556438279166
1.454033367340489,-0.20897200871144,-0.895673140805684,-2.5716817411551123,-1.2001326777196033,1.1036024183446975,1.7911455082033174,1.603798070816944,0.22993489105081782,-2.1705579796126773,-2.577361881124428,1.2320818310291535,1.072969275649365,-0.22537108855613067
1.454038798309064,-0.20899826407185593,-0.8956539843909904,-2.5716537974155598,-1.200134235129061,1.1035727001095326,1.7911186963957404,1.6037931730293575,0.22995498187457172,-2.1705782606469617,-2.577334873371874,1.2320722334572278,1.0729412767254705,-0.2253440952607142
1.45404780655348,-0.2090239489959808,-0.8956173608932131,-2.5716258497050473,-1.2001381561915971,1.1035535397044132,1.7910923541547286,1.6037867192189283,0.22997635736692815,-2.1706020035505014,-2.5773163680159668,1.232065155078965,1.0729119947930892,-0.22532988594291628
1.4540538284488598,-0.20904964785581395,-0.8956040503327158,-2.571598831975811,-1.2001403517801588,1.103525264566887,1.791065048961107,1.6037823335373296,0.22999576996117638,-2.170619927350594,-2.577284652208629,1.2320557776636054,1.0728851933248773,-0.22529981452449294
1.4540568680743202,-0.20906561525350748,-0.8955920589604018,-2.5715790220450163,-1.2001400703522875,1.1035031846615788,1.791046218260879,1.6037761845292837,0.23001142781716843,-2.1706327043936606,-2.5772663348244187,1.2320510818763357,1.0728685960054385,-0.2252811468790265
1.4520938547353834,-0.21124159808565093,-0.8914494338019289,-2.569235264973861,-1.2002484327493719,1.1010114390430084,1.7884046205291175,1.6042644193268676,0.23179863573361317,-2.1740125032776008,-2.5755841990543153,1.2313491896048632,1.0703400945521682,-0.222870601102342
1.4520902476232882,-0.2112493096365239,-0.8914502211858334,-2.569211739646752,-1.2002576355164443,1.101005269101899,1.7883808616257697,1.6042707106077425,0.23180660306366097,-2.174007926463767,-2.5755598877284225,1.2313454264616273,1.0703349422179145,-0.22284675326637027
1.4501358313879171,-0.21343976313672158,-0.8879190378539228,-2.5669532682248155,-1.200286815336693,1.0983980225981584,1.7853843909899363,1.6047812919696058,0.2336156665914049,-2.1766723255329503,-2.573547797645553,1.2304828522396145,1.067542695769898,-0.22017202809289593
1.4501383283661218,-0.21344648771348393,-0.887912752934197,-2.5669442321126104,-1.2002890097370775,1.0983900933389228,1.7853750776071058,1.60478128345055,0.2336224450591243,-2.176674363830964,-2.573539235407374,1.2304788597085483,1.067534485614528,-0.22016277178087787
1.4481941020423739,-0.21565619043979617,-0.8848016988967297,-2.564631699613282,-1.2005933388871417,1.09570454984714,1.7823664611199692,1.60528845325371,0.23544934255628155,-2.179067685377866,-2.5712663016306845,1.2300205859524012,1.0646408660684843,-0.21736493165662077
1.4482062111448808,-0.21567344272132402,-0.8847802827308507,-2.5646313251133015,-1.200575107161409,1.095689067578674,1.7823671527383222,1.605278204960803,0.23545372521234914,-2.1790907360099987,-2.5712780679089158,1.2300214524398811,1.0646230380406938,-0.21736568239039888
1.4465045109225185,-0.217792935727553,-0.8822696232604055,-2.5624879498229105,-1.2021511667172469,1.0935221416508616,1.7797038918350492,1.6057232479164718,0.23711108552885182,-2.180974970504965,-2.569971191123942,1.2307370993456377,1.0623973983349684,-0.21521965468884205
1.4449261886308087,-0.21960935844169463,-0.8804045667731688,-2.560157801676185,-1.202949927560035,1.091247160660531,1.7772006183256122,1.6062512352031781,0.2386278925201594,-2.1826146003240097,-2.5675768096832075,1.2312019338624978,1.0599897730412995,-0.2128917827163991
1.4449438889323811,-0.21962909320780868,-0.8803785028481224,-2.560177609826598,-1.2029344826633146,1.0912235953437925,1.777205699630522,1.6062361853182108,0.23863599493371718,-2.1826400224358897,-2.5675988775662324,1.2311889493296562,1.0599582777300514,-0.21289665063530097
1.4430535443514154,-0.22201436562943658,-0.8778488291580708,-2.5574715397632666,-1.2050905962498346,1.0891618615601013,1.7739576225271732,1.6066922588680577,0.24047682843214913,-2.1844951333372253,-2.5661795884201584,1.2331582731739412,1.057455776081201,-0.21054870353540114
1.4430571179590763,-0.22202966552354372,-0.8778421287592248,-2.55745936354566,-1.2050838829515476,1.0891477872776825,1.7739434775188616,1.6066875327916719,0.2404822375354973,-2.184503206442218,-2.566175982002313,1.233158365671357,1.0574396683516067,-0.21053446358654554
1.4411342853509443,-0.22452896317410406,-0.8756782593965489,-2.5549691562500416,-1.2073635184422864,1.087031946757292,1.7707236309175587,1.6076304383555617,0.24285429487266658,-2.186633650304555,-2.5652400420937695,1.2352819999517328,1.0549465867563423,-0.20831481390355752
1.4411365572615054,-0.22454246934098415,-0.8756686097241295,-2.5549645014919617,-1.2073682781337283,1.0870178343633101,1.7707069314080448,1.6076280293786227,0.24286472175970927,-2.1866422815747657,-2.565228156227311,1.2352678404339812,1.0549286137436638,-0.20829793597965227
1.439247719379448,-0.22706647731964866,-0.8735230907108253,-2.5524666114281107,-1.2095622549403788,1.084804194105403,1.7673464338309648,1.6087231625945595,0.2453235811805425,-2.1888145680431483,-2.5643785990667047,1.2375447035580391,1.0524176118499828,-0.2059441870498828
1.4392524022333801,-0.22709033604933726,-0.8735050233004322,-2.5524614964255274,-1.209563179579782,1.0847906016457622,1.7673294205151773,1.6087163217636518,0.24533270763092632,-2.188832611588101,-2.564366986896843,1.2375280662921553,1.0523900033812665,-0.20592702716289854
1.4373729772880284,-0.2294586707206495,-0.8714603626701458,-2.549697974504789,-1.2105155311329814,1.081836917451548,1.7645144815431897,1.6090697243847023,0.24698887436759737,-2.190305691759648,-2.561871006942929,1.2384707392446022,1.0495541648585502,-0.2034512734738712
1.4358614104127845,-0.23151590739537345,-0.86976453630743,-2.548075117950634,-1.2125235130455485,1.080459574371782,1.761774760290261,1.6098282739440142,0.24851949274427623,-2.191553496274888,-2.5615999692154015,1.2406367653667418,1.0475712924742542,-0.20182887618988346
1.4358574003090616,-0.2315154227956961,-0.869773121988262,-2.5480797020705284,-1.2125304913812847,1.0804703419866497,1.7617700144219597,1.6098337899728956,0.24851244250205598,-2.191544458555342,-2.561599557616148,1.2406309828898618,1.0475710589284346,-0.20182374953902107
1.4339897622683562,-0.23407040865887244,-0.8677760943958297,-2.5456431395418253,-1.21481998237117,1.078371207118313,1.7582402123781444,1.610778097742676,0.2503737232155751,-2.1930934301655,-2.5609336433289585,1.2431504990106976,1.045017502943811,-0.199564615017706
1.4339911075692804,-0.23408895787182646,-0.8677659617404458,-2.545636270511716,-1.214824993388296,1.0783627242627263,1.7582238708291729,1.6107749660794766,0.25037988082063195,-2.1931038951766677,-2.5609196348397565,1.243136487840655,1.044996114281222,-0.19954806004120518
1.4321259511512001,-0.23669988150466836,-0.8657898837012552,-2.5432142677772487,-1.2170437488022783,1.0761234046627248,1.7547678742659316,1.6116772505407548,0.25225065066212504,-2.1946462480593927,-2.560166674079315,1.2455293920399493,1.0424637170190933,-0.19725162843845534
1.4321268623396097,-0.236714648288533,-0.8657876787871628,-2.5432091128268186,-1.217052136270726,1.0761106410454522,1.7547507165409182,1.6116761370968213,0.25225781640835365,-2.1946490506505048,-2.560154438542321,1.2455154921173506,1.0424418208404673,-0.19723397282051872
1.4302716513038576,-0.23934792611275027,-0.8638066358320826,-2.5408079635762544,-1.2191498148346689,1.073809041388823,1.751272153923659,1.6125547694402067,0.25414978637110464,-2.196205556813364,-2.559399478610357,1.2478502238014135,1.0399008865624086,-0.1949236066614599
1.4302696294537935,-0.2393608875535403,-0.863800746399336,-2.5408031473193518,-1.2191570948698602,1.073809788440167,1.7512553628970173,1.612556077864594,0.25415171310435075,-2.1962116822212834,-2.5593855499076965,1.2478359184152075,1.039888257977538,-0.1949066036077581
1.4284086187773786,-0.24199107926368385,-0.8618551714551501,-2.538367876978484,-1.2211756659502302,1.0714654126339305,1.7477971436787967,1.6133526661152322,0.2560534140471098,-2.1976874435711813,-2.5585784034165306,1.250133477601482,1.0373275941981575,-0.19263061167217413
1.4284115050087376,-0.24200447275531706,-0.8618482710966958,-2.5383605317463314,-1.2211744947440097,1.0714543932813165,1.7477809616771696,1.6133502490305993,0.25605958028988096,-2.1976947433385945,-2.558572791656921,1.2501257952281604,1.0373128460586443,-0.19261423753925327
1.5363670020311015,-0.2720903371769374,-0.9646008727097326,-2.533382451846613,-1.2352148834691627,1.0390259437523623,1.7551632372441524,1.6154085371518256,0.2575531350639808,-2.200419803474334,-2.557792050329295,1.2521946321479236,1.0351879911210866,-0.19026101735867026
1.4395929185930163,-0.25771245668840836,-0.8727554942291562,-2.5327674298272225,-1.2307111112401996,1.053998149528512,1.7476456339475386,1.6150631442471157,0.25886305894862166,-2.2011243816500494,-2.5571507088450343,1.253437208953253,1.0330160321027966,-0.18906046237313337
1.4395848829718727,-0.2577069653296113,-0.8727780074795936,-2.5327689078761617,-1.2307354661180714,1.054032090395447,1.7476431390088039,1.615086249281788,0.25884305250338413,-2.20108741777026,-2.557139706025686,1.2534321399126698,1.0330175097421839,-0.18905705310162219
1.44671678567144,-0.2603744505842165,-0.8793106718881051,-2.531012019963213,-1.2321627202303247,1.0525298364619662,1.7434523475660302,1.6172805382900237,0.2615834542580688,-2.2045538300266716,-2.5564585474397443,1.255627857743863,1.0299601512060068,-0.18706947242076294
1.446706456144078,-0.260395549905103,-0.8793170052890391,-2.5310165732005725,-1.2321947760308742,1.0525474395703003,1.7434395317671887,1.617286555069146,0.2615755301457211,-2.20455320282301,-2.556427652596508,1.2555966434057422,1.0299325132071586,-0.18705545714078792
1.4448843763295245,-0.2631349853735493,-0.877081057984474,-2.528676046082899,-1.2340433888163338,1.050205276882619,1.7397646851241844,1.6184964111036773,0.26350517119922495,-2.206713089679728,-2.555669478908295,1.2573279732705829,1.0268272284604874,-0.1853634127495626
1.4448910791157517,-0.2631634643001913,-0.8770637758261745,-2.5286638448232326,-1.2340458160001797,1.0501916329356449,1.7397528521494354,1.6185006649864841,0.2635142061816125,-2.206734804666058,-2.555684245779831,1.2573019554202742,1.0268322522308302,-0.1853522213601823
1.4430118341887137,-0.2658713608097042,-0.8749274840791577,-2.5263992833184017,-1.235798862254044,1.0483450867735598,1.736062215160015,1.6194239902535634,0.2654166446152511,-2.208465322813261,-2.555005077348372,1.2598012251697752,1.024220658623016,-0.1834246723085389
1.4430054351416577,-0.2658766253982766,-0.8749224860717028,-2.526375560354473,-1.2358028589567955,1.0483530740347782,1.7360482689338104,1.6194396429845308,0.26541755075755474,-2.208465352293259,-2.5550161113745475,1.2597901128527764,1.024254245410458,-0.18341202155227082
1.441130245811944,-0.26863757303650604,-0.8728405810141906,-2.5239737010395094,-1.2375856093184834,1.0462598880578178,1.7323551674187745,1.6204384932022113,0.2673174004169602,-2.2102175300337983,-2.5544864947685397,1.262156153907472,1.0216606574677136,-0.18137378407800067
1.441135482540916,-0.2686466592571613,-0.8728272042163223,-2.5239626462793123,-1.237578263164233,1.0462393907078231,1.7323385336732973,1.6204346236841147,0.2673308400328484,-2.2102287467145,-2.5544831788760827,1.2621527570825097,1.021652023761494,-0.181357357950264
1.4392305175503144,-0.27115613336256117,-0.8710937037337002,-2.521004341463173,-1.2380746907755207,1.043174745352633,1.728938635998514,1.6209678871754711,0.2692967950960527,-2.2119200892932165,-2.5518272962951474,1.2632449541083741,1.0186364944805741,-0.1787364785633773
1.4375988177782977,-0.2733465128250205,-0.869396202775708,-2.5192211642802755,-1.2400542235234435,1.04189423104897,1.7255624173840522,1.62206287288856,0.2713488284405102,-2.2137538883307166,-2.551713282781849,1.2657221862682104,1.0167985180815613,-0.1768779839390157
1.4375954140481104,-0.27334297196198404,-0.8694029091623903,-2.5192256886189837,-1.2400575749483989,1.041906534184838,1.7255607308738143,1.6220689173882004,0.2713411369404456,-2.2137429910408417,-2.5517162168862852,1.2657207628315459,1.0168019269869861,-0.1768762084765161
1.4357007744393389,-0.2761053974857821,-0.8673852528249003,-2.516780090668237,-1.2421373334090597,1.0396889251337595,1.7216067013680671,1.6233158541183839,0.27324719517539503,-2.2157085548240674,-2.5512863733110662,1.2680728967663557,1.014073886797285,-0.17449666618690712
1.4356886611348276,-0.2761057139615391,-0.8673775014405068,-2.5167588240443037,-1.2421361013759693,1.039700327049525,1.7215928456676506,1.623328732073497,0.2732430279477089,-2.2157079075050565,-2.55130414068473,1.2680651546947534,1.014098958670776,-0.17448405019470112
1.433797131772324,-0.278889838934504,-0.8653616172294177,-2.5141762576954587,-1.2441949123637523,1.0374313094351801,1.717732087022086,1.6243519576463699,0.2751639518681222,-2.217582892618248,-2.5508294634548605,1.2705062937827014,1.0114451157794018,-0.17221309082478106
1.4338049828845971,-0.27890644017113253,-0.8653478011693628,-2.5141685050332674,-1.2441912763776488,1.0374078466119379,1.7177155640360386,1.6243458794435404,0.2751773655218736,-2.217595577284092,-2.5508252351940985,1.2704968331718391,1.011424478141036,-0.17219638542600413
1.431797694051929,-0.28135126048713394,-0.8635181464965898,-2.5111588488230927,-1.244734812597261,1.0340529108345944,1.714220771878919,1.6248947597047454,0.27717367226759726,-2.2194535251105814,-2.5481743940261685,1.2717347134235932,1.0082124291751229,-0.16936425031232483
1.4317345893315077,-0.2813173273737052,-0.863493963011627,-2.511109364992259,-1.244750289983746,1.0341251773687676,1.7142081840462815,1.6249387751184121,0.2771572135596592,-2.2194319619143146,-2.5482045870983727,1.2717201983127036,1.0083065118457903,-0.1693561633514892
1.4298395302923042,-0.28402262070131584,-0.8617837363732019,-2.508523518312855,-1.2472655941144999,1.0320865922117026,1.7101309357955716,1.6258545862094536,0.27931588595026385,-2.221490237282964,-2.5477051039116927,1.2742217321977944,1.0059937465472046,-0.16672762442746475
1.429802904872969,-0.284009194929481,-0.8617761243565546,-2.5084969835610935,-1.2472774895487544,1.0321302431658939,1.7101162471435576,1.6258802248495918,0.2793018897038193,-2.221471451922333,-2.5477147303780363,1.2742114487822958,1.0060312800724895,-0.16671517505092662
1.4278318272768535,-0.2861153001773916,-0.8599241298129594,-2.5057389280296665,-1.247807151764561,1.0292950905783165,1.7069613755189295,1.626386821893479,0.2810822545912824,-2.223161698549008,-2.5451601227176415,1.275036145628739,1.0029625650418799,-0.1642863588469832
1.4266919221269239,-0.28777708895944704,-0.8592524437503242,-2.5037225067576223,-1.2487108066174923,1.0273131903883048,1.704649683385877,1.6268430785035806,0.2825756025371186,-2.224942015390861,-2.5434682204189687,1.2761865991210604,1.0009561343224376,-0.16201867029672926
1.4264543320183947,-0.2876224094902801,-0.8591895341484248,-2.5037933229922205,-1.2485892847436366,1.0276591637341939,1.7045958375642152,1.6272328972344636,0.2823879390912877,-2.225215692168789,-2.5433968651807843,1.276251316498363,1.0012681909916594,-0.16194663183661398
1.4243626195182508,-0.290259528133101,-0.8562769146747854,-2.500822768993612,-1.250879362100246,1.0252994613842945,1.700682078021516,1.6280405606341348,0.28392812615677726,-2.2268383444342743,-2.542747818924348,1.2783183922171473,0.9984436717867591,-0.15992941179788206
1.4243458641277844,-0.29026670672136007,-0.8562681012081388,-2.5008198108145328,-1.2508796420376982,1.0253175255911169,1.7006640029777775,1.6280679333187962,0.28391374141814263,-2.226859357352384,-2.542725995524231,1.2783125353055405,0.9984456599046287,-0.1599096667657838
1.4221672670372896,-0.2925611101512998,-0.8550670743646998,-2.4977583504487857,-1.2520564125972629,1.0223901798764983,1.6969741940359753,1.6290813905579553,0.28573998391555633,-2.229439649500074,-2.540180227334975,1.2798812720822943,0.9956512444705937,-0.15688255518455502
1.4221189327288535,-0.2925506780125241,-0.8549753196436451,-2.497777247322764,-1.252059989338933,1.0224341615660173,1.6969784541200135,1.629119840295192,0.2857312168325073,-2.2294932363971114,-2.5402118082063048,1.2798224357518686,0.9956754379536962,-0.15688972786716382
1.4195641203892773,-0.29544140085206516,-0.8521943464113612,-2.4963828219023685,-1.255684838778783,1.021636661953948,1.692625648084368,1.6303543676777101,0.28798027216605315,-2.231564470933504,-2.5400602575655444,1.2835842655649148,0.9939347262747582,-0.15412123613280848
1.4195497553734628,-0.29542779139543096,-0.8522974868471763,-2.496352560724312,-1.2557180906336576,1.0216786320235112,1.692600926411865,1.630382100859775,0.28794734278592254,-2.2314848890997814,-2.539999225659609,1.2836224009680086,0.9939555406170849,-0.15409335978338673
1.4171992058576826,-0.29806239049281014,-0.8503323856803091,-2.49343931308852,-1.258686921037833,1.0194152631560218,1.6890668973995804,1.6315678516977858,0.2896415708354276,-2.233615870670805,-2.5395486555837485,1.2860055749670527,0.9919389486416542,-0.15154091632831546
1.4150448160157618,-0.2997670953597383,-0.8483391440404634,-2.492094944185318,-1.260029011740697,1.0181107382202153,1.6859758437384804,1.6326692132004563,0.29076272678066883,-2.235141059218532,-2.5392623072621325,1.2866490619365176,0.9894991043764884,-0.14993765970022555
1.4150338273310605,-0.29976660764985325,-0.8482743536730281,-2.4921174975063023,-1.2599685319382588,1.0180999270367959,1.685954737024037,1.6327032715018646,0.29077103626621037,-2.2352337336853063,-2.5392901345476817,1.2866476616384523,0.9895186772060417,-0.1499143986291631
1.4125955136286372,-0.3022333196348921,-0.8462400795774677,-2.489585252973057,-1.2624529704413863,1.0164132889305164,1.6817352157675516,1.6344795745724716,0.2924111990927249,-2.2378982012140063,-2.538827248564761,1.289046541927144,0.9870890771707471,-0.14715025964692366
1.4125645285991444,-0.3022297693417176,-0.8462121416269702,-2.4895823661335035,-1.2624257409691149,1.016434377542978,1.6817053443759225,1.6345284036362273,0.2923928499975562,-2.237954245925147,-2.5388121417792213,1.2890488534219,0.9871187925574629,-0.14711776173285712
1.4101808511867084,-0.3043555296521925,-0.8448829715691075,-2.486428733670825,-1.263404534104058,1.0134185326054639,1.6779259731107636,1.635797009968112,0.29413811371969073,-2.2410789191310747,-2.5362810991394054,1.2902132872107561,0.9844231900604304,-0.14389583909496367
1.410192378098406,-0.3043594790086351,-0.8448663432567346,-2.4864351071960935,-1.2633969798898714,1.0134063011791967,1.6779234059106818,1.6357942738283586,0.2941464707439743,-2.2410862580760895,-2.5362910826701337,1.2902068454044178,0.9844147355942722,-0.14389345861340186
1.4073484419889966,-0.3067494472331803,-0.8422492266935323,-2.4836925001494747,-1.265831907087672,1.0119164114097776,1.6732433599497412,1.6372660731158157,0.29582524011381195,-2.243647714777579,-2.535601717911701,1.2928024845821904,0.9819868420017615,-0.14113377684852707
1.4073354250932004,-0.30673885391124484,-0.8422746629358947,-2.483669539697291,-1.2658395010579164,1.0119408978678281,1.6732304974441625,1.6372848439969805,0.29581111813379785,-2.2436153254515676,-2.5355898065294347,1.2928163716171908,0.982007224902612,-0.1411208034015175
1.4049641312463441,-0.3089625536298215,-0.8394655153976979,-2.4806192895194563,-1.268084684298005,1.0098125480032782,1.669521212525122,1.6385820226397108,0.29714511332630444,-2.2461070096860873,-2.5346747846389146,1.294195733629402,0.979450648855773,-0.13879103840752632
1.404962598515837,-0.308968714578269,-0.8394650034888913,-2.4806129208022734,-1.2680802105778823,1.0098093406510207,1.6695032941160384,1.6385823542438303,0.29714649107936003,-2.2461056060871276,-2.5346748437054094,1.2941923700713076,0.9794468349089297,-0.13877318911922443
1.4025381014030784,-0.31134291811180015,-0.8370505799336211,-2.478287187661026,-1.2699440209366857,1.0076107517118655,1.6655914754701882,1.6398884189352085,0.29889487645895757,-2.249022460150892,-2.532131100540993,1.2960547062107928,0.9768973305823522,-0.13541330162736373
1.4025351760903328,-0.3113546930334509,-0.8370512266526486,-2.4782904781372217,-1.2699553285250198,1.00762222929843,1.6655869495020947,1.6398935586336059,0.29888761641086115,-2.2490223835200602,-2.532121749812742,1.2960412484932242,0.9768835576914482,-0.1354081229574409
1.400079591391879,-0.3137225318047059,-0.8352312778235481,-2.4755527486957023,-1.272718873667462,1.006240868307201,1.66126333572658,1.6416018353370223,0.3005234205094546,-2.2516906983213207,-2.5317286809764594,1.2987603445016012,0.9744631998921353,-0.13291997935814376
1.400077408112257,-0.3137278217618295,-0.8352368276851857,-2.475539579204107,-1.272717130234955,1.0062485933203273,1.6612503011178545,1.6416077406066425,0.3005171601400878,-2.2516800604962985,-2.5317266180604787,1.2987641609975136,0.9744620533968883,-0.13290681007031835
1.3977071437206616,-0.31623354716558555,-0.8334501905945886,-2.472400663695527,-1.2757488143563211,1.0044359376833885,1.6573168767223903,1.6429042857791738,0.30219874128503954,-2.2544138818600796,-2.5311618482256595,1.3014950384266073,0.9725638377161855,-0.13031998705695744
1.3976063713865252,-0.3161720983355141,-0.8334349444813209,-2.472391221501484,-1.2757300553522408,1.0045454014183541,1.6572856333695254,1.643024007490032,0.3021319574522216,-2.2544503982036943,-2.5311475313076803,1.3015013004596778,0.9726840239768305,-0.13028770408687215
1.395218890737191,-0.31844743989986224,-0.8306481874060718,-2.4692913940950527,-1.277833232196528,1.0023170358973004,1.653487966487846,1.6443876791129488,0.30366096158400674,-2.2569062621276763,-2.5304306629888558,1.3030917373143862,0.9699368362131694,-0.12816170219741752
1.3952196898662004,-0.3184478609389308,-0.8306426436024115,-2.4692819279230322,-1.2778308096388857,1.0023030438459488,1.653467761608814,1.6443884895085923,0.3036737533838348,-2.2569073176243633,-2.5304243804134154,1.3030864258831234,0.9699383016692735,-0.12814188490283987
1.392761427910011,-0.32086814305423883,-0.8275435175666518,-2.4661700080776012,-1.2798595483617698,1.000063973355691,1.6490656353737547,1.6458432222404877,0.3048854211113945,-2.2593133612451286,-2.5294430575522457,1.3045985481531708,0.9673023897413825,-0.12564429337311445
1.3927555824800235,-0.3208651808119182,-0.8275548999432372,-2.4661693584356508,-1.279866521338065,1.00007268404793,1.6490525622463827,1.645851157299206,0.3048812032744269,-2.2592992309870983,-2.5294389676100426,1.3045924540420382,0.9673064395360664,-0.12563101376458213
1.3898898836632474,-0.3233672975798875,-0.8253004483622037,-2.4634164570923907,-1.2821940897707111,0.9984124199150501,1.6441460249965896,1.6479672386164075,0.30708122608524174,-2.262719052387125,-2.529028809734396,1.307495678348437,0.9649957955838983,-0.12242001650411354
1.3889043175595297,-0.3225367199040217,-0.8246772049852523,-2.463058416211227,-1.2820445743191757,0.9992673764800066,1.6440507984705635,1.648408492186976,0.3068442697183277,-2.2625804611490734,-2.5293009304065603,1.3074713958675879,0.9656654590381711,-0.12242979188715794
1.3862844790219788,-0.3250351929286034,-0.8225568270953056,-2.4602152460540063,-1.2844751256502898,0.9974982996857341,1.6395123772615672,1.6504186995182712,0.30901973419177675,-2.2659208138897484,-2.528961683291274,1.3103920954886705,0.9635796933635603,-0.1194106108324678
1.386257907794403,-0.3250335528769521,-0.8225644623406211,-2.4602139116391415,-1.2844738403668692,0.9975316751046805,1.6394918365647786,1.6504538067480177,0.30899495161291785,-2.2659240869119315,-2.5289453236001336,1.3103870502147585,0.9635951945064615,-0.11938966067411011
1.3828142411945343,-0.32642331200000385,-0.82046304201062,-2.456614724870432,-1.2849599552837736,0.9950039109243753,1.63594866675737,1.6523416517156368,0.31051746971977906,-2.2701068195991216,-2.525851827361704,1.3118207349631275,0.9612668414833694,-0.11609865127071997
1.3828209198983747,-0.3264366161533748,-0.8203914728493571,-2.4566529482031094,-1.284931417647221,0.9949887349372833,1.6359591262575044,1.6523533562431738,0.31051963503739,-2.2701872770072913,-2.525872309964134,1.3117952685484155,0.9612463602313073,-0.11610748131663708
1.3783775374074263,-0.3279107167658184,-0.8168235204102539,-2.453325183739982,-1.287211345329636,0.9936608648903439,1.6315177943604606,1.6546808933100725,0.3119832891605514,-2.2743762163811905,-2.523183943281392,1.3140374127876262,0.9596506627292194,-0.1124888092169864
1.378333876916885,-0.32788859369583434,-0.816836315073611,-2.453322029674827,-1.2872073228001548,0.9937308070612667,1.63150867075575,1.6547350422471718,0.3119434625673575,-2.274366977527282,-2.5231619878750005,1.3140469632638698,0.9596987733610237,-0.1124809503941996
1.3753824435220003,-0.32945358702241895,-0.8145270152513315,-2.4501883252167067,-1.2896569148797685,0.9925762271480195,1.6277342907331522,1.6564442753660467,0.31289712838475736,-2.276614962357475,-2.5229877844006894,1.3158282364560132,0.9578127002284781,-0.11052362190716165
1.3754213228999503,-0.3294997597022187,-0.8144874813464679,-2.4502285539917565,-1.289658843594363,0.992528555758226,1.627742974204104,1.656414828671869,0.3129119070848027,-2.2766558446748446,-2.523018163836112,1.3157853136540558,0.9577370771045608,-0.11053011769675722
1.3722416852267298,-0.33079644930021795,-0.8132034324451392,-2.4470051741854455,-1.2928543895183393,0.9923667157215094,1.6235129034554703,1.6584257291891906,0.3141436239752723,-2.279539496857008,-2.5221416629882767,1.3189548407572727,0.9566983700738224,-0.10745056326852095
1.3690319914739804,-0.33204071087055126,-0.810615887425026,-2.4438537369745066,-1.2952924309239615,0.991353487482448,1.620127866136029,1.6602481368463555,0.3152903006501957,-2.2822015374257183,-2.521300285184548,1.3213316499905916,0.954844213356215,-0.10526570280494157
1.3686728330650648,-0.33186482095845554,-0.810531815151683,-2.443914596848905,-1.2951686157791913,0.9916991983894995,1.6200580142261183,1.660677702594773,0.3150890828589661,-2.2824218167636285,-2.521218903099376,1.3213603863100665,0.9551853930576065,-0.10519873321665747
1.3686578813868953,-0.33185540028345106,-0.8105433105381369,-2.4439242356456625,-1.295178920564651,0.991722906779549,1.6200520832989915,1.6606920357385364,0.3150786841472105,-2.2824052418464333,-2.5212131200554797,1.3213493230255005,0.9551958069427678,-0.10519333653427748
1.3648381691096774,-0.33321619592258767,-0.8071353420011206,-2.4404601973949327,-1.297415025383185,0.9908906789599485,1.6154857944275676,1.6631013564168775,0.3156742441805229,-2.2855199968975564,-2.5196428626567315,1.3231208650124218,0.953103893988643,-0.10271448123877219
1.3615819449618876,-0.33460144503570444,-0.8035481139820083,-2.440568966391128,-1.3001301672365717,0.9919167002534399,1.6122765562070664,1.6650806341806537,0.31655094609688483,-2.2875191098626417,-2.519335211030764,1.3261544798099425,0.9524330907499764,-0.10009065176941405
1.3615344990905633,-0.3345407156781152,-0.803661963521132,-2.440495666263576,-1.3001409100423278,0.9919869873331527,1.6122516553279236,1.6651354503905014,0.3165041949426637,-2.2874048642904086,-2.5192996835598342,1.3262290203140998,0.952530162859851,-0.10006554637254955
1.356682467206034,-0.3358442692452036,-0.7996706975165683,-2.4374574434538836,-1.3018333587561866,0.9906211514544947,1.6078046918753846,1.6680157552626298,0.31754817143971875,-2.2908614780620997,-2.518164451322899,1.3272081713214174,0.9502518715634173,-0.09718196013475341
1.3566416384658526,-0.33581780843751863,-0.7997392216225894,-2.4374438848448223,-1.3018717942710796,0.99066542866845,1.607766867224434,1.6680492022422408,0.3175327808558023,-2.29079526407806,-2.5181164603886708,1.3271968724903866,0.9502900848623619,-0.09714453892835666
1.352213800944794,-0.33674027255859434,-0.7943949424513526,-2.4339718200050178,-1.3027912132516108,0.9896775117972985,1.6026864852479406,1.670605203913802,0.31817258588914726,-2.293969307195013,-2.516863528050209,1.328295381981925,0.9480207664291571,-0.0940271067237005
1.3522539899505899,-0.3368050235653186,-0.7942963542967685,-2.4340284228313043,-1.3027881208488943,0.9896041472556023,1.6026871967777823,1.6705553130996484,0.3182216784666988,-2.2940727171675723,-2.516880953043396,1.3282172253218911,0.9479238080323376,-0.0940275679783556
1.3482689184320147,-0.33815417732152786,-0.7900328166875155,-2.432938214837384,-1.3050900214052943,0.9903640235801462,1.5976756520549498,1.6730755654764846,0.31920606226657733,-2.2971946335922806,-2.516374082297758,1.3314892816469874,0.9474514818115043,-0.09003301923475762
1.3482517609564624,-0.33813524301409853,-0.7900727199702223,-2.432884944551549,-1.3050752215160495,0.9903853696976587,1.5976563223304145,1.6730931131015876,0.31918805706941505,-2.2971546141633437,-2.5163643214529983,1.3315368251573194,0.9474950314944557,-0.09001386281876092
1.343619824994348,-0.33902776169675963,-0.7864958349350981,-2.4292930209180725,-1.304801636784054,0.9876402675633007,1.5940231580291186,1.675610335438946,0.320384084333718,-2.301497892547861,-2.5131030065099647,1.3324449724676022,0.9450687128338582,-0.08647149358513877
1.3435932281597682,-0.33903325325564887,-0.7864680934589721,-2.429326637314215,-1.3048142020746234,0.9876559606866869,1.5940104707154432,1.6756388768038373,0.3203826248922998,-2.301533116123419,-2.5130859968542136,1.3323992518223433,0.9450605039415542,-0.0864588141219094
1.339204152670273,-0.34063176371700377,-0.7815976675932504,-2.4285491736413807,-1.3069261491743036,0.988539407892806,1.588619932973898,1.6793323114055885,0.3221877583808779,-2.3054986091480068,-2.513495571458906,1.3357954609406961,0.9438654839286293,-0.08263538151251038
1.335728449847657,-0.34131650434200034,-0.7793265532881173,-2.425023241922819,-1.3065972053431563,0.9856050801042232,1.5858038090781863,1.6811794642156654,0.32303744529352696,-2.3091540484366866,-2.5101893268365862,1.3361638246831444,0.941950500223738,-0.07983808085830177
1.335708705781534,-0.34128705415229527,-0.7793247766198638,-2.425027955002397,-1.3065969228889454,0.9856390826961802,1.585814329867312,1.6812083742720483,0.3230224828982482,-2.3091440188670758,-2.510210481607843,1.3361585901917428,0.9419848704619513,-0.07984866840075121
1.3303147657529295,-0.3426815081319664,-0.7742875611540011,-2.421548237838871,-1.3085984492006277,0.9848177987056322,1.5808342792749863,1.683816941381718,0.32372911078115907,-2.312075358597285,-2.509344836337405,1.338085071736753,0.9402561202285,-0.0767415382818291
1.3303339807220071,-0.34270719315149856,-0.7742064808659759,-2.421590081274618,-1.3085591594957704,0.9847964702122822,1.5808526051046754,1.6838108071972668,0.32373652851575396,-2.312155010318348,-2.509389037910604,1.3380664229040864,0.9402195971092585,-0.07675994143955565
1.3263925835315156,-0.3439169079870495,-0.7702482252506343,-2.419627830789748,-1.312516790599847,0.985939699083868,1.5760775814542067,1.6863886090410731,0.32468190721505025,-2.3153352272672034,-2.508579686705435,1.3419495512706774,0.9397942949945288,-0.07295005940971944
1.3263157192877328,-0.3438395008699079,-0.7704115123637788,-2.4194990757681563,-1.312510802226539,0.9860558586710284,1.576040645565977,1.6864684107588863,0.32459634912403384,-2.3151760653694353,-2.508537484764833,1.3420793660862274,0.9399388806615776,-0.07291324303224682
1.3222705205978873,-0.3448926866458139,-0.7665180950385271,-2.4159296556827683,-1.3117668934058442,0.9824360514973041,1.5742227845885899,1.6891332108143393,0.32568377372780694,-2.319366067278704,-2.5050292161689027,1.3416616675492712,0.9366569512638366,-0.07099035749753671
1.322192507406129,-0.3448288187289195,-0.7664588474875228,-2.415956746367666,-1.311725637520213,0.9824855774228658,1.574207849260161,1.6892146044151444,0.32566437191259884,-2.319422314989915,-2.505060258537407,1.3416420245497211,0.9367446931159075,-0.07097918619529098
1.315898918843538,-0.34650605389297734,-0.7604553554131783,-2.414677471258588,-1.3151606219928567,0.9842929825057702,1.5681907383715152,1.6926506700769284,0.3273513428111879,-2.3234444046199543,-2.5048913485643385,1.3457467720141736,0.9358095416158041,-0.06691097399437318
1.3158811663885261,-0.346494431365894,-0.760482592131693,-2.4146630833819995,-1.315174251260087,0.9843253902667431,1.5681945770593526,1.6926693025469635,0.32733219217896264,-2.323414554457621,-2.504873126738247,1.3457609101224128,0.9358267531721189,-0.06691496870748782
1.3118821639661515,-0.34753811785091693,-0.7560375766045949,-2.411198292375198,-1.3167232587925404,0.9823776046704761,1.5647932018039752,1.69545232805617,0.3276451948061911,-2.32615604527795,-2.503533036270091,1.3467983084958401,0.9342272393826315,-0.06434717662759104
1.3118758071222223,-0.34751001388549924,-0.755950321319141,-2.411208902961939,-1.3166679412879065,0.9823589117134012,1.5647887833624148,1.6954481447252079,0.3276663007844117,-2.326206678627976,-2.5036047483860293,1.3467846203808602,0.9342433199344928,-0.06434432728876968
1.3065804243754915,-0.34938723146360645,-0.7510255510671577,-2.4100009059027454,-1.3202977838184589,0.9838303773508189,1.5590962528406225,1.699152184658078,0.3286103166043347,-2.330174002283465,-2.5030852488928925,1.350650835596892,0.9339468109844321,-0.059910551880967465
1.3064893869521486,-0.3493358430219189,-0.7511278920865003,-2.4099453767641847,-1.3202976077001247,0.983951360757828,1.5590631303722546,1.6992565756427411,0.3285338040066224,-2.330093544312842,-2.5030373029645983,1.3507141314763822,0.9340462376850257,-0.05987713382059637
1.302895800467189,-0.35037711868866844,-0.7468965715440421,-2.4076365842897105,-1.3209526008512336,0.9820780745042023,1.5565664428274737,1.7013154892992775,0.32945311279526523,-2.333766429097411,-2.4995680233070057,1.351878246362284,0.9325342248596212,-0.057109759156488686
1.298919484135073,-0.35133523512892184,-0.7428874128015662,-2.404751786049761,-1.3219968696615665,0.9817553322595085,1.5525177777519907,1.703573870561217,0.3299323598246545,-2.3356546185503664,-2.5005731353273903,1.3533780170047627,0.9310853939796384,-0.0553237022524924
1.2989209667661068,-0.3513438486960737,-0.7428918256945332,-2.4047801988238127,-1.3220104705195321,0.9817508749582164,1.5525094409463118,1.7035693101228155,0.32993360066221805,-2.335656177927921,-2.500576521703752,1.3533482244890997,0.9310649846954273,-0.05531465976768927
1.2947161318945195,-0.35254953686967716,-0.7389268487406054,-2.4011933770370493,-1.3237363310777908,0.9813839183771621,1.5473466598433907,1.7069027876538791,0.3309509908405895,-2.3390283817210062,-2.500520766479192,1.356621053506624,0.9300549971354053,-0.051751003532974085
1.294657179845447,-0.3525296983670162,-0.7389635976997035,-2.401163596345383,-1.3237625577566063,0.9814595728596037,1.5473250165273216,1.7069641451552986,0.3309179361934798,-2.33899053605718,-2.500491272741784,1.3566057196524772,0.9301032976395984,-0.05172851933530204
1.2903098644186834,-0.35348713880942173,-0.73481538746338,-2.398086322546758,-1.3248308491479688,0.9814083195657758,1.5423571082691159,1.7104946469463163,0.3324539684781679,-2.342880885822067,-2.5007670658353676,1.3596642365929732,0.9287735435357278,-0.04857291009363545
1.2903106024480233,-0.35347860999285563,-0.7348010181523218,-2.398070041941208,-1.324793052952169,0.9813890935112713,1.5423369651443026,1.7104865399573275,0.3324629746202726,-2.3428934844216296,-2.5007911928793187,1.3596803533665454,0.9287952198654479,-0.048553837988007185
1.2859661622670777,-0.3544881410956792,-0.7306069748313015,-2.3946322936744404,-1.3259106023116376,0.981341937322772,1.5371360622777064,1.7141237790242854,0.33400122164193513,-2.3467341071677486,-2.5013423778573807,1.3630289466845074,0.9276376283607356,-0.04531629818489399
1.285907695658261,-0.354440282505735,-0.7306819774804174,-2.39458309015692,-1.3259382658234273,0.9814173832271582,1.5371115544673764,1.7141948350277796,0.333966115106386,-2.3466637697593793,-2.5013064656648574,1.363041495036048,0.9277218220067862,-0.0452903337637465
1.2814330605418367,-0.3553443032036233,-0.7254893323876254,-2.3918922122084427,-1.3252802777905723,0.9797687117255884,1.5325881251798714,1.7171424172300906,0.33490758398175646,-2.35068321014017,-2.49922913958926,1.3645711761685342,0.9257699122730592,-0.0415313408424014
1.2814029354805454,-0.35532199925580377,-0.7254660265382422,-2.3918808410851358,-1.325242548470976,0.9797717792934307,1.5325671582134492,1.7171752779948877,0.3349133516376417,-2.350718201390297,-2.499231007989638,1.3645881709779382,0.9258130665702347,-0.04151305753274244
1.277939165699769,-0.3559884747286339,-0.7222913723119373,-2.3894133392713517,-1.3258070004756353,0.980200403889406,1.5283267907459255,1.7212065195537298,0.3352418778703217,-2.353639067152181,-2.5012159892542205,1.3668458938871115,0.9257100852206047,-0.03909186322989608
1.2744281102493449,-0.356736116095108,-0.7189126141990624,-2.3869560604864084,-1.3260674485223694,0.9799422322043362,1.524526377975771,1.724623763520807,0.3356434995397708,-2.3564757120056417,-2.5020770084359216,1.3688844156844804,0.9253213722536269,-0.03671019705247029
1.2743737786993439,-0.356717491581935,-0.7188847447485894,-2.386962368149419,-1.326034877505764,0.9799656106490108,1.5244960251331043,1.72466605523447,0.33563728963669615,-2.35650656078056,-2.5020738824210396,1.3688722300992116,0.9253682844681401,-0.03668830386462258
1.2699417783617042,-0.3574930061281482,-0.7146972290922011,-2.383327225538526,-1.3266201533388413,0.9802354844114909,1.518968966830253,1.7289674641942696,0.3368635468935237,-2.3602729234171256,-2.5032131278890493,1.3720810543647304,0.9250966901493429,-0.03317699684976628
1.2699822593603354,-0.35748778102238127,-0.7147517815797007,-2.3832891902591253,-1.3266062660209335,0.9802097582720635,1.5189533655746654,1.7289956781345714,0.3368595724146588,-2.3602712560240446,-2.503222346237571,1.3721108843089385,0.9251529232216081,-0.03315315610301971
1.2656541965037875,-0.3578497760095006,-0.7090423454105257,-2.379324254431613,-1.3258236707040838,0.979584353270643,1.5145059217685324,1.7328268622767546,0.33680360075292876,-2.36336243693753,-2.504174472966754,1.373318763561723,0.9241398983699289,-0.030717724291460857
1.2656630438227698,-0.35786616017310535,-0.7090131745045738,-2.379330228227981,-1.3258116154889037,0.979546369913629,1.5144817380978817,1.732805313341804,0.33682844653810046,-2.3633934429561885,-2.5041908068269025,1.3732930558067096,0.9241256688238079,-0.03069378745241893
1.261090518599392,-0.35882517426326355,-0.7044664790671405,-2.376236773771984,-1.325656525565383,0.9797278138908176,1.508918387134007,1.7373748249137113,0.3373353282278804,-2.3671369562426356,-2.505412051251618,1.376222408115992,0.9236235442875387,-0.027574720903512064
1.2610777629101535,-0.3588472197950933,-0.7044879122010647,-2.3762469796286663,-1.3256850336759773,0.9797479736897969,1.5088996889290773,1.7373817571052683,0.3373301846469884,-2.3671227854879433,-2.5053866601681976,1.3761852776243566,0.9236002068445357,-0.027556416004779736
1.2565688360529215,-0.3597067023024781,-0.6997018578620687,-2.372948924051583,-1.325439096680837,0.9798558473510818,1.5036834686010132,1.7418529838553456,0.3378653314639651,-2.370910717072807,-2.5067031801803297,1.3792749367929908,0.9232559566339105,-0.024687544522976345
1.25654899670284,-0.35970989867812153,-0.6997092539465767,-2.3729512375001662,-1.3254466910550697,0.9798775456186106,1.5036676701825216,1.7418663811132673,0.33786092887340313,-2.370900503115496,-2.5066875798114583,1.379255325558321,0.9232559291956749,-0.024673057342148544
1.2519005152717646,-0.3601687189217418,-0.6956080131730558,-2.3696656555628803,-1.3255093992511353,0.9802973726456423,1.498877920448996,1.7460057816888668,0.3388437963709258,-2.3746001568864,-2.50765162792754,1.3822860741152607,0.923449727284308,-0.02181281190110433
1.2484125077004462,-0.3602897114497885,-0.691480278139867,-2.3666932480403156,-1.3245561089756666,0.9799770547542185,1.4952872638016723,1.7491137666257193,0.3382334727217208,-2.376994447798452,-2.5081231954929843,1.3827917932289084,0.9229015710756822,-0.02024726869462909
1.248439840079646,-0.36032493051406855,-0.6914304152364702,-2.3667418794762543,-1.3245575893497874,0.9799329326048081,1.4952801535872555,1.74908063346873,0.3382705528436315,-2.3770427880174037,-2.5081463510073916,1.3827340570693474,0.9228516614040823,-0.020240216100081036
1.2435345676073395,-0.36057958256694883,-0.6864548301572551,-2.362303047662143,-1.3236626441427053,0.9795749012928523,1.489939391191473,1.7534360879910016,0.3378128500794154,-2.3803220625556567,-2.5085259191553217,1.384773908597128,0.9226084987646905,-0.017473117103887943
1.2435549137467035,-0.3606091291551583,-0.6864035462142463,-2.3623439012202603,-1.3236594126659966,0.9795439903144856,1.4899481120058247,1.7534112184238375,0.33783745424799505,-2.3803707860896113,-2.5085509821774967,1.3847353150096202,0.9225658012074237,-0.017481981775032702
1.2377477908192718,-0.36096131631936385,-0.6809800802945144,-2.358331201908356,-1.3229293572254124,0.9783767004753154,1.4846610040519506,1.7577833785234036,0.33721451753839665,-2.385128114286981,-2.504261472106013,1.3872735570116745,0.9216825158547729,-0.01292875690698956
1.237731012404244,-0.36094534886499746,-0.6809190097253278,-2.35836076573853,-1.322908327805264,0.9783632501557268,1.4846669190647988,1.7577202514254637,0.33722781778597816,-2.3851198785098777,-2.5042685390422323,1.387289942318117,0.921624657627177,-0.01294964343210885
1.232804683100201,-0.36195478362602607,-0.675421603659531,-2.355843053655951,-1.3249291732741053,0.979445024949609,1.4787980604461672,1.7620180562909873,0.33699923156397527,-2.388384067883913,-2.503981882379758,1.3899576445738195,0.9215187121036034,-0.009588724351103644
1.232902418916641,-0.3619598797268031,-0.6755912844569936,-2.3557764020681877,-1.324918660654701,0.9794779277437424,1.478841309460193,1.7622062880835723,0.33690489027451287,-2.3884000610159513,-2.5040573297135094,1.390000051839687,0.9217055736400575,-0.009592810439060113
1.2279173915029067,-0.36264794097026337,-0.671121989948402,-2.3526894535676917,-1.3273839827050882,0.9813751896740643,1.473342478947066,1.766441688981355,0.3373691118478438,-2.392500638935499,-2.5036716861159602,1.3945020720239345,0.9225668965236362,-0.005380202742416827
1.2278203308198583,-0.3626269431201825,-0.6711613082429798,-2.3526863662076787,-1.3274264307017716,0.9814698219304708,1.4733100735749811,1.7664171283060137,0.33733470454890757,-2.3923870043196143,-2.5035873663818244,1.3945060183263451,0.9225179580227876,-0.005363100251561735
1.2227722466275455,-0.36337072756865785,-0.6663951596796632,-2.348736236231729,-1.328252795130353,0.9810914841824298,1.4693446583254368,1.7709017880640203,0.3376418655149521,-2.39635363902469,-2.503352873235428,1.3974069751813691,0.9222640828486671,-0.0027787117018360672
1.2182000068834566,-0.3638580358816996,-0.6620287021344704,-2.3454459051985275,-1.3281348532430202,0.9809125579550433,1.4644003571359194,1.7749558951713442,0.3378707883575011,-2.399470671507228,-2.5036485385638136,1.398612867773563,0.9210064221195229,-0.0001670848578686013
1.2182293043436885,-0.36382346914885616,-0.6621201085822354,-2.3454239056002852,-1.3281287107604072,0.9809083032369579,1.464396573268251,1.7751094233953413,0.33784183976066284,-2.399524066211943,-2.503672612002407,1.3986060226499495,0.9211605298260623,-0.00014225631895136218
1.2132097430077964,-0.3642615288471911,-0.6568542077081367,-2.3414644987031785,-1.3277697004302125,0.9811817597601203,1.4579669991592645,1.7797059644239046,0.3381473077945933,-2.4033942577396563,-2.503913296573517,1.401658311117493,0.9208503578028032,0.00413792399842343
1.2132260461173001,-0.36428744461739976,-0.6568129704429122,-2.3414796350044775,-1.3277695847626896,0.9811357879023148,1.4579537008163046,1.7796755377457814,0.3381873258877321,-2.403438192296668,-2.503919528672379,1.4016221034638299,0.9208221906347684,0.004150735025804016
1.208102658763782,-0.3649181540862487,-0.6520557866187919,-2.3388506606026898,-1.3290501307860358,0.9827119563826892,1.451564962107339,1.7842769911005336,0.33849163916085134,-2.4073181673213253,-2.5044969247832936,1.4052877712989211,0.9219579025208713,0.009151400555811037
1.2080825753934088,-0.36485656913434245,-0.6521228306031808,-2.338778691431341,-1.329021467148736,0.9827360724751433,1.451530499949666,1.78430738666969,0.33846380963652706,-2.4072423640975136,-2.5044831717949796,1.405361122222168,0.9220418656069068,0.009185745833833673
1.202960631596323,-0.3652524033993021,-0.6468496637942085,-2.335597344598207,-1.328002599574736,0.9814594018859161,1.4463254642966434,1.7878476955321978,0.3388665135140033,-2.4110877965501416,-2.5021247368068242,1.4063365181144867,0.9210101707218533,0.013697581737824066
1.2029561379085052,-0.3652674620845425,-0.6468652791383284,-2.3356279779504954,-1.3280264098212342,0.9814694992896694,1.4463103373701043,1.7878499682722497,0.3388582140937977,-2.4110819517883044,-2.5021211603088034,1.406296584516689,0.9209845205644063,0.01371353137122248
1.1979058032028866,-0.36569863015318627,-0.6417291766206475,-2.3317711034494053,-1.327973749389998,0.9820466306920135,1.4404687988231144,1.7925258154544421,0.3391463097784746,-2.414863573906977,-2.502725894470669,1.409108103131185,0.920630086195965,0.017073304560902357
1.1979287417508528,-0.3657287506151965,-0.6416782120963798,-2.331787738447351,-1.3279481440677607,0.9820027241919937,1.4404631777063581,1.7924947015665789,0.33917056637134885,-2.414916073029999,-2.5027621615590814,1.40908849879283,0.9206006547175968,0.01707891945419617
1.1927957406379264,-0.36617321773972056,-0.6366601707521053,-2.3282574960471054,-1.3280526182191301,0.9825461353518287,1.4352450105175303,1.7971547939146026,0.33945348132289166,-2.418707755583227,-2.5033268435297624,1.4119123640000273,0.9205072454220322,0.02027195818898688
1.1927368700271377,-0.36614745126986825,-0.6366792306921121,-2.3282453493537156,-1.3280642573632546,0.9825924172547912,1.435213934189953,1.7971970216764892,0.3394395100652022,-2.4186774714695036,-2.5032949809511864,1.41190860052694,0.9205458025343674,0.02029217246087619
1.1877205822092716,-0.3660662657614257,-0.6313011935980938,-2.3242273445573547,-1.3271553608958175,0.9822487703181811,1.4302553274753178,1.8018699626300974,0.3390458685473625,-2.422174664862121,-2.5036408135875208,1.4129446452914263,0.9197529425600351,0.02281435560681863
1.1877887947832442,-0.36607807231312994,-0.6313815722255383,-2.3242216699329923,-1.3271753455041466,0.9822044429886465,1.4302288405573185,1.801906496424406,0.33904248472963167,-2.4221771328104373,-2.5036364908292628,1.4129318996658666,0.9197997789251191,0.022844168112841134
1.18266221482868,-0.36627545819416013,-0.6260401407988333,-2.3202454770088874,-1.3261876628805223,0.9808976296992288,1.4247295515176612,1.8058631282247046,0.3375854125880671,-2.426511697513502,-2.500497619082897,1.4146927127848121,0.9189742028548876,0.027402668775856752
1.1826489848400776,-0.36628053176665426,-0.6260588186583778,-2.3202603242831397,-1.32620678866871,0.9809159726091965,1.4247356821447996,1.8058657405927343,0.33757466586290147,-2.4265057805313317,-2.500486488044929,1.4146786493837682,0.9189655363289694,0.02739673197851481
1.1775965473813887,-0.36676592206914627,-0.6210659234026004,-2.317445587765668,-1.3276734186280092,0.9830717374973766,1.418321698156721,1.8105131822194678,0.33792811896907476,-2.4304495027772974,-2.5007642967629655,1.4189529622348034,0.9202215537888093,0.032188172847161446
1.1775795223924703,-0.36676667184375633,-0.6210989209887762,-2.3174495433369815,-1.3276890837727287,0.9831122845267525,1.418316552237272,1.810533796244461,0.33789880304686154,-2.4304160161460926,-2.500751858235994,1.4189468375604208,0.9202171244914747,0.03219366669961756
1.1724453000539234,-0.36722203132515246,-0.6163685226757445,-2.314478145316917,-1.3290478691676375,0.985307159392328,1.4124903386493801,1.8152179512630269,0.33869198893903857,-2.434273754104379,-2.5012706722040883,1.4232071170873672,0.9211746119969566,0.03630205434562629
1.1724116499638526,-0.36717510863741976,-0.6164361572484027,-2.3144182590074953,-1.3290483230697143,0.9853486592446374,1.4124644666425814,1.8152562091903142,0.33866243293264703,-2.4342038406291375,-2.5012305352324726,1.4232553844685032,0.9212387077827318,0.03632743812902237
1.167152901121739,-0.3668907300008729,-0.611960319632086,-2.310289999886759,-1.3268949920171416,0.9824209722909476,1.4086982714448208,1.8196713001809195,0.3372573586516589,-2.4380714632590617,-2.497522840816863,1.4227419265226866,0.9190968542372475,0.039180588299298595
1.1672200856866561,-0.3669138995564897,-0.6118253316098169,-2.3103704911500533,-1.3268524582659698,0.9822905062987425,1.4087066261926473,1.8195953270381717,0.3373539230486783,-2.4381930165190497,-2.4976102105671916,1.422679437191784,0.9190557208093911,0.03917090965500742
1.162330687441511,-0.36756795622125826,-0.6061042137547463,-2.307836000134276,-1.3279836728817447,0.9844890826555807,1.40127886628194,1.8243159421428554,0.3370296183450203,-2.4417403933391633,-2.4980084813567425,1.4249970923815432,0.9188532700534268,0.04332780856269795
1.1632628519338475,-0.3676994699438967,-0.6071542766382896,-2.3075711131435486,-1.3280968805798403,0.9841775552168387,1.4014097252840094,1.825027246245469,0.3367759706066277,-2.441939967301229,-2.4981013387870257,1.4252083859678435,0.9195176854515412,0.04336974207151904
1.1582505370552458,-0.3678415920936489,-0.6023678909696313,-2.3045517361717422,-1.3296328445183556,0.9859703489527153,1.3950784780426824,1.8297797785398882,0.3370650039583728,-2.44580533379437,-2.497812933783889,1.4291228231151776,0.9210531789704973,0.048759711212417345
1.1582083364273017,-0.3677797071942734,-0.602482861311959,-2.304492289673148,-1.3296165720162885,0.9860529064055249,1.3950478702562108,1.829833745003144,0.33698574924130104,-2.4457017864751687,-2.497777254121974,1.429198797920175,0.9211131560730647,0.048791829029590325
1.1540654150875351,-0.36789506796125176,-0.5980414021796638,-2.300208505827499,-1.328826252037339,0.9839586228280635,1.391294668971628,1.834089016920194,0.33512052026361516,-2.450165560427716,-2.4942162202702485,1.4305550659911297,0.9206199526594513,0.052417313783242034
1.1506016033686086,-0.367927457825887,-0.5950225475544245,-2.297175590511732,-1.3279217566479935,0.9833689475238194,1.3869656157360446,1.8374828783112038,0.33554964221240696,-2.453859774425541,-2.492802198899203,1.4319898093714598,0.9204843252391803,0.05573895866587859
1.1506759531836466,-0.36795459724516644,-0.5949996613696333,-2.2972213429836894,-1.3279105812078398,0.983286661574304,1.3869771632105903,1.8374810815521698,0.3355852343484684,-2.453950704479157,-2.492865104117586,1.4319566260090006,0.9205113123079873,0.05572036032802699
1.1468224378119507,-0.367707698092161,-0.5898326874555799,-2.293057419406521,-1.3292948074793052,0.9848719150620574,1.381173919684308,1.842957148748787,0.3344450236102928,-2.457362236358289,-2.492929565109905,1.4341219101345792,0.92154066045454,0.059050280778441905
1.1468056270032139,-0.36771587545623424,-0.5898266295236472,-2.2930688663422,-1.3292994717068953,0.9848832127109716,1.3811728393063747,1.8429635054123177,0.33445417829498597,-2.4573631258906663,-2.4929229649569615,1.4340992648430877,0.9215372421456898,0.05904892211362329
1.142535704954028,-0.3677614906009161,-0.5866955939962805,-2.2892357051362326,-1.3314944576478414,0.9868635591237953,1.375002656321924,1.848439453683601,0.33448276726840426,-2.461306483963246,-2.493127962833871,1.4385187351348443,0.9238136490724183,0.06404491239239433
1.1425262059518473,-0.36772162386341445,-0.5867346892165309,-2.2891945758148795,-1.331468587484796,0.9868677300609282,1.3749801486281175,1.848449274897197,0.3344638083539291,-2.461274940961983,-2.4931231627461004,1.4385679054153167,0.923860086879086,0.06406902687832665
1.1385273640496094,-0.367806408037644,-0.5826040583692144,-2.285564485004235,-1.3306303585305472,0.9851752488781333,1.3704346493080455,1.8535354182523935,0.333148286403155,-2.465225321109115,-2.489974750215908,1.4393379967469568,0.9230086909464336,0.0678561808641672
1.1385436498423165,-0.3677825793496991,-0.5825315733665252,-2.2855450761970535,-1.3305638458126698,0.9850988921312817,1.3704195102636603,1.8535128577251583,0.3331947543239686,-2.4652787338190025,-2.4900325852480223,1.43936222625724,0.9230511437382513,0.06787164461300199
1.1342591935859605,-0.3679829293916228,-0.579039472678652,-2.2821466512394135,-1.3317332804970403,0.9874794215652102,1.3635938125945413,1.8590511255512188,0.33374736315780895,-2.4691762919918143,-2.4908269894244652,1.4436626224805544,0.9247772828299442,0.07295575448981965
1.1340896753523486,-0.3679177949361055,-0.579008940129059,-2.282152205173655,-1.3316819069307226,0.987537032911372,1.3635211237317209,1.8591860969891654,0.33379803559513344,-2.4692314833866034,-2.4908060854333955,1.4437001746621145,0.9249555262550437,0.07291225486844709
1.1299805901828515,-0.36822634723968956,-0.5749896079684031,-2.2800278267478324,-1.3324305856571947,0.9899052930646234,1.35772361724163,1.864835313379558,0.3337975881000999,-2.4729774012544894,-2.491480166770059,1.446725064167152,0.9265454913153945,0.07710841789700487
1.1299518609156458,-0.36813052167086413,-0.5750787168033284,-2.279940438596777,-1.3324164151336113,0.9899407949331178,1.357687612214378,1.8648778516026692,0.3337565729213384,-2.472885522978939,-2.491427221738402,1.4468133203995777,0.9266463278077124,0.07714459534855862
1.1254113535068004,-0.3672958331262638,-0.5717564268917612,-2.27558669217411,-1.3306045494532317,0.9871864467278411,1.3523734493799142,1.8695962728563436,0.3324301694672082,-2.4774082738984524,-2.489012468287572,1.446403611662703,0.9254250744743637,0.08121083325269861
1.1253210140947174,-0.3672786116519173,-0.571644684497129,-2.275640335180747,-1.330604930997396,0.9872060704307801,1.352363490264949,1.869538078018974,0.3324713807628086,-2.477403894805373,-2.4890230575122967,1.4463488368566284,0.9253793843571535,0.08120712183951553
1.121436160679917,-0.3670593763492465,-0.5675655182860169,-2.2723926671155583,-1.329782500343264,0.9863147445740562,1.3464206394110314,1.8741376372853666,0.3312502480600193,-2.48140940846567,-2.486641098655953,1.4469292863328622,0.9247908691041802,0.08628972271713738
1.1216756944568191,-0.3671565599368735,-0.5676451044986608,-2.272390215917602,-1.3297537914190396,0.9861302270638622,1.3464461018024851,1.8741582288822678,0.3312879728929592,-2.4815589434769985,-2.486729305018837,1.4469319182300338,0.92482722106064,0.08628951890637448
1.1174901698355464,-0.36616741685631277,-0.5645796182912965,-2.2684490957638026,-1.3293157821205885,0.9853909852219888,1.341799331347668,1.8787736412816205,0.32866090753020316,-2.4854742337847835,-2.482921149148661,1.448467429030576,0.9255405344458031,0.09056391472636889
1.1143656767355419,-0.36582241364242724,-0.5601007263996608,-2.265053671063222,-1.33077328002524,0.9877330286712678,1.337566970434373,1.8835439857674405,0.3281781889728815,-2.488313672103314,-2.4838252459496433,1.4498597257335697,0.9266144651870605,0.09237501024959133
1.1143176355208146,-0.36581218807752836,-0.5601132262821571,-2.265083182080494,-1.3307748985200498,0.9877840223447262,1.33756301746381,1.8835642603084144,0.32815652379408533,-2.4882820912889394,-2.4838183179440985,1.4498349322486905,0.926628812587128,0.09236385239397052
1.1098935168835058,-0.3649461226112576,-0.5572811451717875,-2.2607906714630452,-1.3303512846086805,0.9866840862508446,1.3329514682452024,1.8877567614579147,0.32562970593196877,-2.492721389065888,-2.4798297737278925,1.451824990441332,0.9270238403156607,0.09685046049687408
1.10987615188263,-0.3649314451267328,-0.5573030812259774,-2.260800042916485,-1.3303703393330077,0.9867070603470358,1.3329536348230857,1.887774180884078,0.32561856192093885,-2.4927070194020597,-2.4798113567852798,1.4518163313880397,0.9270318381287661,0.09684814446553569
1.1057570266085905,-0.365149222776742,-0.5536702551451695,-2.2579605495854147,-1.3320310306781664,0.9896682437261319,1.3268525585855364,1.8934678822931055,0.32564598727039584,-2.4965842446171975,-2.479892289562276,1.455553608926025,0.9292002812519871,0.10131542368257734
1.1057318021138327,-0.36514039751572613,-0.5536968590920246,-2.257967692532342,-1.3320550088573018,0.989704733572515,1.3268476283561386,1.893493310905506,0.3256357250488365,-2.496555400453263,-2.479862476036367,1.4555344770217569,0.9292032967092797,0.10131920190982537
1.101394346325627,-0.365408052009409,-0.5501090442075953,-2.2552175054882637,-1.3336006387680044,0.9922458833629125,1.3209942022755723,1.8992212384327467,0.32565421574197256,-2.5002979378863093,-2.4799118971831158,1.4587085900918793,0.9312319135386717,0.10559692887579078
1.1013765598933039,-0.3654073633862139,-0.5500985500563826,-2.2552122099557916,-1.3335896684503705,0.9922424401507217,1.3209756872666634,1.899231003891554,0.32566585036544327,-2.500305469754854,-2.4799110665029565,1.4586961234999154,0.9312439026511069,0.10561347355794103
1.0973286600456125,-0.36454219245935193,-0.5453772589205511,-2.2510985865772923,-1.3343902639847858,0.9940961418545025,1.315787968937211,1.904973667795221,0.32492568675536126,-2.5037456568510836,-2.479952697000664,1.4601659845857502,0.9323776121325855,0.10874291085683749
1.093719319556179,-0.3642068356315609,-0.5429931406851024,-2.2485703730622713,-1.3353521499088044,0.9960940705953764,1.3107817385952705,1.909078043718146,0.3252046704887042,-2.5080788948241723,-2.48039642795505,1.4632672790256305,0.9347829493770797,0.11296189362305291
1.0937065280242193,-0.36418239410214104,-0.5430764801327251,-2.2485659806694573,-1.3353705260385615,0.9961194056280483,1.310765447493508,1.9091151741916577,0.3251802554155006,-2.5080632021986617,-2.4803758173650943,1.4632682834931636,0.9348350912764631,0.11297707707803359
1.0893915301846493,-0.36290202060720156,-0.5392338203049346,-2.2443430005360003,-1.3344532014223325,0.9964113504147493,1.305104418654779,1.9149522122586247,0.3246747298560829,-2.5114271763430778,-2.480558676570119,1.4638437098796555,0.935054589373851,0.11627873216170188
1.0893956191082899,-0.3628436308925573,-0.5392776584003729,-2.2443082934562932,-1.3344667745638976,0.9964116472635448,1.3050712641096494,1.9149626769782473,0.3246685386510306,-2.511370164688092,-2.480522708337598,1.463870225875352,0.9351010848073651,0.11631331358660649
1.0848727726429963,-0.3616788615202322,-0.536195331121139,-2.240009633645849,-1.331981551917237,0.9936005887896957,1.2996362411298787,1.9196970492751526,0.32327322259364816,-2.5162224154140955,-2.478003658773826,1.4636431474597187,0.9336593972718807,0.12099662699233381
1.084907150451063,-0.3617340995279156,-0.5360289882370428,-2.240056495729885,-1.331924702557767,0.9934767416559078,1.2996437804728243,1.9195952268539025,0.32336687676158665,-2.5163279819881743,-2.4780949989760566,1.4635995792343446,0.933594678201456,0.12098894286941478
1.080469805491657,-0.3618858480973453,-0.5319517453528133,-2.237293274184304,-1.3331193840517654,0.9964463045165566,1.292757536378807,1.9248384927111943,0.3231447839627601,-2.520068622949645,-2.477948101134629,1.4676718569842746,0.9358703048852874,0.12650040510204447
1.0804918721330803,-0.36189259664670814,-0.5320121094907252,-2.237278562133546,-1.3331302056287333,0.9964763840985951,1.2927677845079313,1.9248966522260085,0.3231094529025437,-2.520068985652698,-2.477937825404873,1.4676795449139282,0.9358940425310953,0.12649889392312008
1.0760379879005204,-0.3602584817033306,-0.5286008087040798,-2.233046398153847,-1.3323227892961826,0.9956613759178026,1.28796428406047,1.9290835393108239,0.32100310687494266,-2.524170705942315,-2.474531368463082,1.4688951000522639,0.9361104125120576,0.13110397774978494
1.0760296520464812,-0.36023112829293613,-0.5286145390961254,-2.233038733728067,-1.33231967974524,0.9956677546431268,1.2879548086789059,1.9290966943849825,0.32099604388845165,-2.5241532738601133,-2.474525135056753,1.4689057960741105,0.936134890477733,0.1311132500170991
1.071608719596922,-0.3601327116787567,-0.5249464111570068,-2.2305514590124957,-1.3330191983520885,0.998557726918018,1.2821054342631053,1.9348986411800995,0.3210477495941531,-2.5278170275033753,-2.474884670917451,1.4717748689346375,0.9382816299791151,0.13539844257415926
1.0715649878595401,-0.3601213411306988,-0.5249430649645505,-2.2305645508351737,-1.3330430147739112,0.9985831902068146,1.2820844168958976,1.9348876422250314,0.32106111291207134,-2.5277846935207453,-2.474853099302098,1.4717531443068466,0.9382855535166411,0.1353967785926245
1.0682332329838267,-0.35895882517463923,-0.520311604089474,-2.2266897171139504,-1.333094857156215,1.000397187441878,1.2773851177976303,1.9400957388019786,0.32020948255600806,-2.530934662961702,-2.474644413501173,1.4726386478344964,0.939126638939626,0.13826712114268955
1.064472249197356,-0.35851736166098064,-0.5175685165411522,-2.2243259666813753,-1.3337323930879716,1.002647300182695,1.272026215780122,1.9447311627931136,0.320184727326651,-2.534885135187081,-2.4748303433164374,1.4758652650337776,0.9415769971714865,0.14275661880111595
1.064405554821366,-0.3584915515812185,-0.5176732463709994,-2.2243407075137163,-1.3338023500283915,1.002747723706821,1.272009609414543,1.9447879137837742,0.3201291298708107,-2.5348079622119326,-2.474751344299328,1.4758282995864664,0.941583855711424,0.14277291717470791
1.0599617139935418,-0.35707229979779775,-0.513701054277391,-2.220037346416359,-1.3327761317049502,1.0013644982745242,1.2664875930803334,1.949302447439654,0.3185303958702692,-2.538963496289317,-2.472262994045374,1.476323209785547,0.9415338633905458,0.14753514152162764
1.0611638328522817,-0.3571171619833527,-0.5148133753445723,-2.2198741465234266,-1.3329268787812252,1.0009560508313122,1.2665890286355317,1.9499765532600035,0.3183183280274544,-2.539330208373224,-2.4722510736273007,1.4765316014080123,0.9420291261415946,0.14762350293149443
1.057393334225184,-0.3560926574006401,-0.5120405258644206,-2.2155397865471746,-1.3322720265360863,0.9997698579115339,1.2604929291132618,1.9542873430877514,0.31605241150500174,-2.5437840563818654,-2.4691510547569107,1.478239629626567,0.942463464217275,0.1528321404589782
1.0574733377692906,-0.35608319619944445,-0.5121389876998451,-2.2155297788484356,-1.3323093951730147,0.999752472526381,1.2604856823606445,1.954308655762997,0.3160430608941281,-2.5437588151618975,-2.4691140372430582,1.4782524434740554,0.9424958299210204,0.15283574737523678
1.0541918279402087,-0.35533870343153,-0.5100507332892592,-2.2122000421161148,-1.333252756118028,1.0025282188896147,1.254153174143468,1.960546512527302,0.3159509986293817,-2.5487564980049995,-2.4697794814273117,1.4814280093886343,0.9457631509205633,0.15786797261769098
1.0541633361244904,-0.3553264548394422,-0.5101053015528255,-2.212201313350844,-1.3332817457517403,1.0025841263807078,1.2541361710637369,1.9605814108813222,0.3159200795927907,-2.5487135244962937,-2.469735710367717,1.4814119046723486,0.9457612521645438,0.15788401132643856
1.0512034440697948,-0.3540124903105197,-0.5066948120489169,-2.207912607987422,-1.3332322244598445,1.0043572645355137,1.2488170888075547,1.9671385764544456,0.3151327296994626,-2.5523659039195197,-2.470275429711653,1.482473312286197,0.9472871785377638,0.1610764223032177
1.051318980435261,-0.35402180610210154,-0.5068021857558329,-2.2079110743459363,-1.333276549091884,1.0042860995549208,1.2487926094500446,1.9671543005905574,0.31514411197362485,-2.5523856789866612,-2.4702586273847107,1.482469524456696,0.9472981652732525,0.16111304161121878
1.04843414539129,-0.3529001348838905,-0.5031936968196775,-2.2035998694130092,-1.3328540524727504,1.006037421392839,1.2429278537463593,1.9737257174827685,0.31394534286220177,-2.5560596636882,-2.4708448019812277,1.4837301222541388,0.9490751167545984,0.16443577207495882
1.0481155145122085,-0.352786985662619,-0.5030533052677201,-2.2036258849160153,-1.332869731176028,1.006155337966892,1.2428195343295314,1.9736071280118033,0.31406920204715394,-2.555907710928157,-2.470780102985297,1.483779037853368,0.9490574942903414,0.16440711301181096
1.0453499200577456,-0.35265344319859426,-0.5008642378497793,-2.2018129996676,-1.3325414934732374,1.0088454167625345,1.2365169668242282,1.9800984022023198,0.3138122695517501,-2.5609832352726283,-2.471799360526192,1.486625747067855,0.9516899207302001,0.16910905144846738
1.045305304515746,-0.3525578546334994,-0.5010048590605392,-2.2017626420842378,-1.3325839573610176,1.008939282044111,1.2364885736671287,1.9801796036780182,0.31374153288174056,-2.5608964926197193,-2.47169090074489,1.486664944328141,0.9517744845147519,0.16913235544468974
1.0421504477927575,-0.35141205789351776,-0.4984839088263767,-2.1988421642861775,-1.3307714709173093,1.0076699401063491,1.23081378267317,1.9860809679494904,0.31162832431900617,-2.5654292704714003,-2.4690752142197048,1.486971374126689,0.9523023832456377,0.1741528064046992
1.0421513971572147,-0.35144600936072784,-0.4984758062611159,-2.1989170636926128,-1.3308355411477106,1.0076781266078634,1.2308278372685542,1.9860679313164256,0.3116670561071954,-2.5654345428852663,-2.4690649615805924,1.486877961836749,0.9522503330797367,0.17413785585654945
1.0387902492346923,-0.350534726727661,-0.49577166342806556,-2.1960882913090245,-1.3303856967809384,1.0073387953645256,1.224347383105492,1.9914652345885981,0.30959792076863696,-2.5693916939799384,-2.466225601944644,1.4874102481930696,0.9529246026026438,0.17966968834896005
1.038826973654621,-0.35059419324400526,-0.4957022262628981,-2.196142385015336,-1.3304042633951747,1.0072818637261016,1.224347728392049,1.9913935120570132,0.30965333555148267,-2.569442370889006,-2.466275198566578,1.4873580072870072,0.952857261079575,0.1796672495884656
1.035410592784162,-0.3499443263184724,-0.49314232569150335,-2.1935646913287568,-1.3312403848882122,1.0101816710128573,1.2175031328093353,1.9978624552678543,0.309462073978956,-2.574182287539648,-2.4659725738275178,1.4906268139384382,0.9561126106022069,0.18561477415679836
1.0355092020057186,-0.3499503640285465,-0.4932488033978651,-2.1935444529647565,-1.3312619002560298,1.0101629378857333,1.217508224408712,1.997902165404214,0.30942883138840105,-2.5741794689534716,-2.465956164086025,1.4906571347209636,0.9561337655334088,0.18562256067705424
1.0320436654888805,-0.34787326760558795,-0.49106456098125917,-2.1892293130087417,-1.3304839981206709,1.0087143164659218,1.2129664017944861,2.002754158360443,0.3071872776292868,-2.5783387568615024,-2.4624383188355914,1.4916833902800473,0.9569743303601164,0.19041095249465728
1.0293957132057163,-0.34653192704205554,-0.48917672454231187,-2.1857783294030684,-1.330324118879214,1.007775747404945,1.208737336661836,2.0069782890019763,0.30519300519857284,-2.5815564875931343,-2.459468177333333,1.492147449088869,0.9574303848810287,0.19430235039243043
1.0294262512724608,-0.34651146853124026,-0.48914093159979033,-2.185790767212512,-1.330306400909376,1.0077168237160705,1.208739182478855,2.0069460949161524,0.30522681522569745,-2.5815813820004294,-2.459505310449562,1.4921544548153565,0.9574516499249884,0.19430136309813367
1.0260562898339174,-0.3447686582828973,-0.48702336582493805,-2.1814971527042695,-1.330092015863464,1.0070262669912344,1.2029345870026962,2.01221793862853,0.3028628436980538,-2.585581582677263,-2.455984669573234,1.4927433698466968,0.9582358679445004,0.199383900260203
1.0261453861207668,-0.34477786395474386,-0.48703701916473047,-2.18148669268749,-1.3300632882758177,1.006942789621703,1.2029378525880867,2.0122325304479776,0.3028903898361268,-2.5856420032780907,-2.4560288285537184,1.4927653934050804,0.958280354490637,0.19938859123190147
1.0228222262050157,-0.34316162321434757,-0.4850354628684125,-2.1771964864633793,-1.3300196868348266,1.006335195159147,1.1973141283491497,2.0170434722665576,0.3009198826309745,-2.589688688216078,-2.4530832379708083,1.4938443619115498,0.9594638977943032,0.20440751110629857
1.022811091259812,-0.3431429916768144,-0.4850646808273662,-2.1771928013043493,-1.3300279752294584,1.0063614355287767,1.1973085590702035,2.0170570963436862,0.3008986580675558,-2.589660197832217,-2.4530653321746074,1.4938492193011368,0.9594710198576313,0.20441306180380772
1.0196624616016579,-0.34178321407080825,-0.48139100221449044,-2.173039627487915,-1.3307266151783292,1.0094667712353986,1.1918149030082195,2.023567030286528,0.30022132225987846,-2.5933429275095348,-2.4528953862246037,1.4953184880455195,0.9615725145891122,0.20797983028663047
1.0197108493350817,-0.34177142897700563,-0.48139723452727556,-2.1730284929591903,-1.3307094339518177,1.0094117524941697,1.191808758298041,2.0235545188208963,0.30023715447609944,-2.5933709328797905,-2.4529206793649627,1.495340013895179,0.9616069208195591,0.20799151173443717
1.0167327982545804,-0.3413464297410534,-0.47948662613640985,-2.170036056208973,-1.3317419461678344,1.012534050463821,1.1855496391122464,2.0300829541473067,0.300273515286003,-2.597173083312276,-2.4531903000492905,1.4988127632608104,0.9647663344165421,0.21292173537562553
1.0167088761098533,-0.3413349515795612,-0.4795288155518464,-2.1700397078760454,-1.331784363154592,1.0125746696612725,1.1855303696340587,2.0301071352467783,0.30026345096043155,-2.59713868148598,-2.4531401411528595,1.4987820616362046,0.9647633012161853,0.2129403875377867
1.0136764121613522,-0.34073097502392274,-0.47762962219421584,-2.1675265458439257,-1.3320628666436003,1.0155795996629449,1.179409876278281,2.0365994970717742,0.30038347331594245,-2.60253017280726,-2.453726363619836,1.5015365158559135,0.9678239689938772,0.21766418916634694
1.0136746415047964,-0.34071877572935666,-0.4776245848767681,-2.167520183653579,-1.332074597618273,1.0155648302351528,1.1793916417053196,2.036594660935972,0.3004072820826773,-2.6025286790544855,-2.453711524437743,1.501523784037766,0.9678357921098644,0.2176818365838633
1.0109230463924561,-0.34002895233562236,-0.4759451088663972,-2.165176659138657,-1.3323387770968511,1.0178522369278111,1.1738698192348502,2.0424750264832654,0.30027922399150003,-2.6074444457151063,-2.454377554715755,1.5034725205461363,0.9705307267392268,0.22211455263129817
1.0091012625313658,-0.3384176329177108,-0.47339931256662016,-2.161771150667552,-1.3324063670762163,1.0191016481667499,1.1694315454979658,2.047267353577369,0.2998413475776802,-2.6093935269115924,-2.4541727761517533,1.5034950701877634,0.9718018527268922,0.22515436549958862
1.0090810382401654,-0.33833125286503213,-0.47345726744784566,-2.1617211428329557,-1.332398841782878,1.0191134800345993,1.1694150682376454,2.047284419894069,0.2998131581176948,-2.609347568356492,-2.454128500307536,1.5035590118262063,0.971877528451441,0.22517134729182786
1.0058733226790662,-0.3360106364306243,-0.4711842120670651,-2.156864588229997,-1.3319777440656255,1.0189331759845497,1.1631832063432637,2.0538543486111687,0.29919368762778165,-2.612829562381959,-2.453290556130583,1.5041068841063787,0.97285631525981,0.22968674850773008
1.0059334607417616,-0.3360408466625841,-0.4710685759795906,-2.1568557038504554,-1.331909460661655,1.0187878848099374,1.1631753866381653,2.053772980339451,0.299276419807038,-2.6129275914038668,-2.453386812101806,1.5041264712328755,0.9728716546152028,0.22969599412466915
1.0034148341559213,-0.3352746075876854,-0.46930622707213276,-2.153875498390916,-1.3323366484352237,1.0209504934011073,1.156976754116935,2.0602858444727095,0.29945662922397975,-2.6182221003658337,-2.453786954844943,1.5074924921054496,0.9765528705412008,0.2353946017349991
1.0033790435111596,-0.33524965983257704,-0.46939154510297043,-2.15388486845352,-1.3323982701615693,1.0210374870063301,1.156968736928246,2.060327573716862,0.2994093429345554,-2.618155682356089,-2.453714573826001,1.5074680057938958,0.9765445361800927,0.23540268595161282
1.0001386992977777,-0.33273642783335283,-0.46706891224262675,-2.1497312220039047,-1.3315109927341813,1.0212324313824581,1.151506955686142,2.0668490776447195,0.29900037923089423,-2.62154920171523,-2.4534156299068997,1.5078193527897643,0.9782350735942786,0.23960571429376434
1.0001229989977325,-0.3327001719769424,-0.4671019225406501,-2.149730075235506,-1.3315377915578803,1.0212439220561205,1.1514914896503314,2.066856109850972,0.2990026267254888,-2.6215212289208094,-2.4533785184485195,1.5078099961452656,0.9782589643067809,0.23962068188216323
0.9968771464716499,-0.33148564053730717,-0.4647260476796812,-2.1473226957724427,-1.3316069416672545,1.0240715436753878,1.144804586543271,2.0732794839743534,0.29927427640650034,-2.6278528869966395,-2.453811689252854,1.510592447901466,0.9814735476425929,0.2459607792165987
0.9968202494341312,-0.3314330425318826,-0.46484977181995196,-2.1473074680185578,-1.331681939105305,1.0241976665070862,1.1447956874320515,2.0733473717232704,0.2992044841442832,-2.627750899173963,-2.4536959704563057,1.5105870121942484,0.9814816625238706,0.24596926147663437
0.9948287245171242,-0.32886920289843136,-0.4634829872629765,-2.1431228210522923,-1.3309595877138918,1.0240705795564653,1.1395402191912571,2.080264552327486,0.2984710528407708,-2.631451623254672,-2.4531837781163137,1.5110337424550653,0.9835324777325181,0.25020006660409455
0.9933239944613622,-0.32841977042577747,-0.4623030297188325,-2.1421185922056307,-1.3308138843174848,1.0262301445862123,1.1343985586405803,2.085806984663919,0.2981715725017445,-2.634329869947607,-2.4527695972348598,1.5120025736879206,0.9852379532709892,0.2541751095820406
0.9932706582062517,-0.3283800149724417,-0.46232125802928603,-2.1421074431390674,-1.3308242581181744,1.0262479085000487,1.1343774843595482,2.085815717045178,0.29817651094956377,-2.63431581162885,-2.4527382985556607,1.5120144213505813,0.9852597794691872,0.25419141891521285
0.9913699825341754,-0.3269143472041009,-0.4610996762309326,-2.1395393640308655,-1.3310095546681135,1.028373804406773,1.1279246530232794,2.0926711897477146,0.2980658411221926,-2.640657569692412,-2.452950775560989,1.5149796049459456,0.9889548299176252,0.2607184004638476
0.9913393308148973,-0.3268466167071119,-0.46114337269656425,-2.1395014823719647,-1.3310298281681134,1.028407898216242,1.1279165822461268,2.0927098979586227,0.2980602190586365,-2.6406171689284483,-2.452874379345809,1.5150118916651403,0.9890036022235396,0.2607251233046296
0.9888653018993495,-0.3240382630634571,-0.45951914302156394,-2.135309617355375,-1.328976764854333,1.0238803433388348,1.1230790156460586,2.0978982571964297,0.29590989409094337,-2.6460079217547245,-2.4497352206215517,1.5138999037531229,0.9880906119850104,0.26600072455024665
0.9870410288891995,-0.3231974377154707,-0.4582575349235762,-2.1341029524072654,-1.3298607999565573,1.0278589033332393,1.1168442082718717,2.1036691524074103,0.2966305667281478,-2.6512406745729953,-2.4506620401591244,1.5167151713948572,0.9925591098797962,0.2723703963614163
0.9869899879922825,-0.3231991908922795,-0.4583050807526717,-2.134135476568604,-1.3298992282303055,1.0279343309124438,1.1168506594422916,2.1037179796211367,0.2966126738007081,-2.6512144119813104,-2.4506159497145656,1.5166639194836562,0.9925399611351946,0.2723584620171554
0.9845077278605128,-0.3213058994023536,-0.4562879419572324,-2.1315628079296096,-1.3286678384799988,1.0265809456358297,1.1113954557611478,2.1101628836540165,0.2942054394216062,-2.656589067010797,-2.4474162767041636,1.5162772678253702,0.9933596855988445,0.2779852696865922
0.9845428295981778,-0.3213196381931978,-0.4562922182962045,-2.1315916185461616,-1.3286955641817833,1.026560089348277,1.1114028392308781,2.11016174272028,0.2942284881156696,-2.6566138549862397,-2.447424517218381,1.5162430107157654,0.9933550779022641,0.27798099640699697
0.9820662787091244,-0.31922594050469655,-0.4543596330206325,-2.128061483842575,-1.3284339841104098,1.0254088847192102,1.1055259741006305,2.1163084131303407,0.2922691628351052,-2.6616433743998282,-2.444190387951944,1.5165672596182398,0.994754731798754,0.2842462213371082
0.9821155730028011,-0.3193269611857034,-0.454279244131126,-2.128131618896516,-1.3284342673755192,1.025318023820915,1.1055474186426932,2.1162596638736093,0.29237056198290673,-2.661741379764547,-2.4442853435890317,1.5164979494276092,0.9947035619364082,0.2842168273263701
0.9802565041926734,-0.31728488503829855,-0.453493289336512,-2.12508535729991,-1.3295070489821943,1.027845006751388,1.0994427375685303,2.122726245576414,0.2921054725170339,-2.666842701705707,-2.4436286628425417,1.5188523340082076,0.9991030295226035,0.2907740056829423
0.9802093929223575,-0.31726067886921355,-0.45358677149870846,-2.125105712839715,-1.3295662399587302,1.0279594351827401,1.0994429909405046,2.1227820862895106,0.29204665749382114,-2.6667698153392516,-2.4435508696509687,1.5188219337722972,0.9990809180383816,0.2907712985560925
0.9783235629114081,-0.31442849925281985,-0.45225026628707693,-2.12099261572229,-1.3288472314997923,1.0267758844163615,1.0946640599405635,2.129011779369746,0.28976323890459044,-2.672010652315137,-2.4403686716401443,1.518481889856422,0.9999643577202064,0.29558084212785013
0.978315819977206,-0.31443160452187063,-0.452227750459618,-2.121022200711388,-1.3288518105162925,1.026754172564099,1.0946762931378629,2.129006352628639,0.2898008916155938,-2.6720383553816047,-2.440381505212293,1.5184500535755283,0.999969972890749,0.29556539486649497
0.9766502151496873,-0.3134426800562217,-0.4514725785027595,-2.119777341030418,-1.3297308236348624,1.029646886592275,1.0891264921106834,2.1346023548952404,0.290293775884743,-2.6768086478205007,-2.440749359492539,1.5198534982978338,1.0032954742793125,0.30083578647819376
0.9751582323343504,-0.31115496678085847,-0.449885408819168,-2.1162113652385393,-1.3299385874857212,1.0308959363973165,1.0850818425549267,2.1398143102272265,0.28982091374853336,-2.679133226995694,-2.4396210020626716,1.5200511529489802,1.0053319797234497,0.3044532959573698
0.9751581536641931,-0.311073998611381,-0.4498986392067475,-2.116159296592322,-1.329903769200213,1.0308629562092415,1.0850680805490387,2.139808399424901,0.28981546097371463,-2.6791174100748116,-2.4396079461444926,1.5201303378669107,1.0054096186545198,0.3044694219605949
0.9733940049008889,-0.30868529553020035,-0.448895334991883,-2.1128318795530996,-1.3296675948473644,1.0299056378692713,1.0792895851623232,2.1461307775865337,0.2880407619933091,-2.684359733290103,-2.436312663412141,1.5202467235154955,1.0063292695059174,0.3105709013370938
0.9733866343513485,-0.3086986455824845,-0.44888174525729135,-2.112876813664801,-1.329712931160866,1.029910803201568,1.0792890059136548,2.1461070002988856,0.2880649244057148,-2.6843712366032606,-2.4363077164366653,1.5201976946847697,1.0062962597549256,0.3105657682979081
0.9712123129231707,-0.3063390905689861,-0.44751185604084226,-2.109404914980952,-1.3298734106850747,1.029094190735111,1.0732762395983753,2.1526349767050683,0.28670907559191344,-2.6897237015745326,-2.4329758108266466,1.5208115277791274,1.007863649263281,0.3172526530110993
0.9710643940418777,-0.3062620694069808,-0.44732753370709744,-2.1095090818638385,-1.329994258242464,1.029084612876477,1.0731614510328038,2.152374747215384,0.2868191524994117,-2.689634097356336,-2.4329799853781062,1.5208200969273367,1.0077460283251936,0.31726350331690467
0.9688027189119507,-0.3035013122143517,-0.44618562226078096,-2.105635943075439,-1.330633053817479,1.028067292626478,1.0676014406381542,2.15756891212423,0.2847418620923284,-2.6937012567550678,-2.429106795885888,1.5214486766618036,1.009474663499684,0.3233950430445162
0.968784248158349,-0.30346826066294197,-0.4462266917372009,-2.105644755591282,-1.3306667006415445,1.0281189365626724,1.0676049707631166,2.157573305217538,0.2847010118704646,-2.6936604379839784,-2.42907161697687,1.5214508888090321,1.0094676095365418,0.32339062525948203
0.9660374867349025,-0.3014626358952464,-0.44487722608815433,-2.1028151572626057,-1.3313491017868262,1.0312956684398762,1.0616716287403374,2.164140119462419,0.2851912067120023,-2.698557069039611,-2.428137753007279,1.5239831680899525,1.0129946940083947,0.32930760452915436
0.9660049055797031,-0.30143670944143086,-0.44491417467878697,-2.102818709844754,-1.3313693712297818,1.031344667723681,1.0616725761487702,2.1641798514617143,0.2851725972574078,-2.6985298823468566,-2.4280952110523164,1.5239710659180752,1.0130025780529766,0.32930299763221593
0.963505205380453,-0.29869358892874176,-0.4437740678939382,-2.0990186661283836,-1.3313439388720694,1.0304003768649188,1.0563826363677553,2.1703167173320352,0.2837336316538029,-2.7037701703477284,-2.424702825839528,1.5240604334286452,1.0137437635417546,0.33485684248746
0.963645099346372,-0.29870217116434145,-0.44380637324068556,-2.099027807008638,-1.3313423960846624,1.0302918030836608,1.0563927559402349,2.17032483058783,0.28377393388989736,-2.703845377210247,-2.4247490925203214,1.524077652270271,1.0137905084596248,0.33485949568928125
0.961348948958131,-0.29691427314314794,-0.442952302389315,-2.0964015296167453,-1.3324070028538686,1.033351191023354,1.0500448740430377,2.176903963596722,0.2839630176670878,-2.709185486098299,-2.4236678992344736,1.5261661718310517,1.0176501992281024,0.34143311110199726
0.9613292547521284,-0.2968957223489853,-0.44299546655405336,-2.0964104559887353,-1.332446691788495,1.033397988400179,1.0500475892899224,2.176921060520541,0.2839455989209086,-2.7091535751968294,-2.423622655996838,1.526147227112061,1.0176447732765626,0.34142996221487415
0.9589423608065754,-0.2940070740587272,-0.44206814990537757,-2.092665468920528,-1.3326866008125624,1.032620266825354,1.0444636151395035,2.1832777491494375,0.28249338707131605,-2.7147218650650133,-2.420227413853437,1.5260048232237031,1.0186171764629959,0.3473564840987553
0.9589456646045693,-0.2940009171025307,-0.4420673232642758,-2.092683167159985,-1.3326985337701196,1.032610593609631,1.0444718934479507,2.1832629363264604,0.282507611015643,-2.71472306637961,-2.420230664678796,1.5259911521022287,1.0186189119165268,0.3473480620570497
0.9565289747480931,-0.29208515817100533,-0.4411093835912702,-2.090105948090171,-1.3338346951792497,1.0355151506058,1.0384493917502684,2.189861627165186,0.2830216741947798,-2.7204464821198377,-2.41932130217629,1.52767790475909,1.0224343831414966,0.35377571694793436
0.9564008743878409,-0.292034479387234,-0.44108104576973833,-2.090146841905329,-1.3338841795141712,1.0355964914908324,1.0384359725050845,2.1898981252363603,0.28302088868252634,-2.7204079858177725,-2.419271993396671,1.5276444654615038,1.0224179796909099,0.353760714723399
0.9540602564870636,-0.28940900411210624,-0.43976134064475003,-2.0865640581304343,-1.3340606679134048,1.0347749225823555,1.0326109522363276,2.1962749437237554,0.28181235758914835,-2.7261580215004857,-2.4158101194740333,1.5273619661755031,1.0230472894174647,0.35972223121562624
0.954045567199359,-0.2894102004881065,-0.4397178843099179,-2.0865809236054638,-1.3340499342633554,1.0347363202654545,1.032612408164181,2.196235923372581,0.28184831951408934,-2.7261839815546547,-2.415846136930223,1.5273622374477696,1.0230413404194032,0.3597188534241294
0.9518306807599017,-0.287170224336191,-0.4389418019039899,-2.0838583008429903,-1.335295786564443,1.0375995367274662,1.0268262576732055,2.202847347578119,0.282395042896274,-2.7316124921640923,-2.4147462668604063,1.528895917068187,1.0270731208382697,0.3661703322830104
0.951814604302003,-0.28714450241196715,-0.43897770688043464,-2.0838738589043366,-1.3353364058843789,1.037644862800489,1.0268323258614334,2.20286770179007,0.28237921291537954,-2.7315780983812936,-2.4147051847726737,1.528874061778086,1.0270695293309353,0.3661637858208436
0.9495195157054553,-0.2842461027185365,-0.43807765799959636,-2.0802817765760873,-1.3357196280520325,1.036765545069212,1.021610448547839,2.2092246073556034,0.28107006428862874,-2.7371233052008757,-2.411258464656579,1.528624070594804,1.0279987324124396,0.3720407075053844
0.9473089197279567,-0.2829259130819614,-0.43700400351370683,-2.0784504364294487,-1.3369457246436072,1.0395963790660483,1.0169431044751256,2.21456893340151,0.28192798738392105,-2.741674824514889,-2.410665285873724,1.530180067532118,1.0313989449032956,0.3774333201833586
0.9472434620730156,-0.2828862009008224,-0.43701449555430205,-2.078491460991919,-1.3369958111773137,1.0396579214652235,1.016955939862998,2.2145721383055115,0.28191670226771237,-2.7416360515346923,-2.410628083246777,1.5301556824482185,1.031375341742844,0.37740895190291346
0.9445458041855953,-0.2802000167328247,-0.4348880517806185,-2.0750367420544142,-1.3380465504450616,1.0418173168938618,1.0109113896318442,2.221234320923541,0.2822442257360799,-2.7452464971741035,-2.4087303118784296,1.5302585267471542,1.034303897570259,0.38350345360187926
0.9445616770145011,-0.280203476931361,-0.43482045959891263,-2.075060478001535,-1.3380385482552253,1.0417414024223273,1.0109107214051587,2.221187057400601,0.28228979812076116,-2.7453020531966525,-2.4087740475627877,1.5302461718356206,1.0343155480457833,0.38349913272528047
0.9418969573535043,-0.27714631250608424,-0.43374956994460606,-2.0715954031955057,-1.3385824199689844,1.0399834920364697,1.006043424355837,2.2268421280423363,0.28087048460330594,-2.7505481203454925,-2.4052348546700064,1.530066773855909,1.0355057935231535,0.3895511192535164
0.9423637514414639,-0.2771838451954048,-0.4341505301191773,-2.0716124552421826,-1.338751156736797,1.039855886529028,1.0060568510119325,2.2270473341430557,0.28084112128864047,-2.750689701568058,-2.4052042767685924,1.5301225211051035,1.0356223384825223,0.3895972802594383
0.939998676449435,-0.2749667300100125,-0.43330048671007243,-2.0691527168663084,-1.3398100849985233,1.0426432246595536,1.0001455439863376,2.233697448852412,0.2814407808552518,-2.7564554224730347,-2.404053133522049,1.5315178300226822,1.0395322375905072,0.39630647393162777
0.9399868198282899,-0.2749494580872669,-0.4332598057579244,-2.069166713288061,-1.3398297510450496,1.042625999533171,1.0001396315999216,2.233681950412194,0.28145483865718823,-2.7564737717193015,-2.404066860733969,1.5315100599926377,1.039542115228481,0.3963026332449336
0.9378671856359113,-0.27213296492366285,-0.4316999854379338,-2.0658422539174035,-1.340783254047668,1.0446789289640679,0.9945255189463509,2.240538466508178,0.28178791663774866,-2.7601691819485294,-2.4022855172503728,1.5316497012721118,1.0427074531948168,0.4022897587078388
0.9379478369546117,-0.2721283686774617,-0.43177212767162476,-2.065856141200992,-1.3408502896532144,1.0446855537507411,0.9945375624015245,2.2405903875823796,0.28177415687572455,-2.7602125775193667,-2.4022706519052117,1.5316625816451408,1.042732162808558,0.40229074170090223
0.9361207509380532,-0.2693823200683034,-0.4311792103872309,-2.0631753079852753,-1.3408074684539348,1.0428009871824315,0.9906537000838,2.244885475517519,0.28046491271574303,-2.764873884136586,-2.39904922271942,1.5314988411899637,1.0429123300634338,0.4072381805124954
0.934643396103722,-0.26807606336851797,-0.43071692999911304,-2.0616170813829715,-1.3419774023038054,1.0458847459089913,0.9859360412475761,2.250429916746672,0.2812551595807486,-2.7694038276753674,-2.398810280992606,1.5329366027025817,1.0470382246589363,0.4126249868521602
0.9345953358320503,-0.2680453608395068,-0.43071933074504143,-2.0616418009739697,-1.3420115930860756,1.0459269909464644,0.9859512586238293,2.250461104874493,0.28125149765538837,-2.7693903277298055,-2.3987815056738127,1.5329109482593777,1.0470283485380865,0.41260751541613416
0.9323320818427663,-0.2652480265414295,-0.42953643452461193,-2.058366923249603,-1.3423330176853436,1.044775443177607,0.9802788697965883,2.256973195342048,0.2800161248386755,-2.775308471442737,-2.3950554055313784,1.5326525632450831,1.04771227420673,0.4189700002592083
0.9324207011513433,-0.2652384089355215,-0.4295694849157873,-2.0583784793491273,-1.3423681842203712,1.044731495592878,0.980287219265451,2.257022134853356,0.2800228973294777,-2.775374496032299,-2.3950570645228018,1.5326640928283866,1.0477736858424596,0.41896575648953466
0.93079698382753,-0.26235881610835066,-0.42907877133792666,-2.055137577800095,-1.3429423815329316,1.0435821977963498,0.9752104153195563,2.263411603990267,0.27850908661492,-2.780970055005116,-2.3913310527384954,1.5322236660557917,1.0489094908613714,0.4250416201151166
0.930781976228558,-0.26234535712743223,-0.42902741371573855,-2.0551411311345213,-1.3429270272132798,1.0435448158850344,0.9752065459201061,2.263412030426456,0.2785317922216775,-2.781005577299769,-2.3913595699691435,1.5322280804254802,1.0489238534493566,0.4250473195001239
0.9286804535203027,-0.25921141248622587,-0.42835530982149655,-2.0519289140061407,-1.3436311222635084,1.0426240482503297,0.9702817342203766,2.2691799148327454,0.2771162764943638,-2.786068131577292,-2.3876830875342883,1.5319860563744438,1.0504347873910376,0.43117466210148403
0.9286911988552393,-0.2592036743117116,-0.42837821048190494,-2.05194196335112,-1.3436345720045602,1.0426452148366059,0.970297208882862,2.269193312928867,0.27710803128823347,-2.786067539693609,-2.3876759500406823,1.5319860304180222,1.0504495182247524,0.4311511655330043
0.9268368268309096,-0.25689190340481405,-0.42802468076308015,-2.049770758208747,-1.3449792433531902,1.045770161191093,0.9648545058833663,2.276073122292616,0.27765126153687203,-2.7920334456459672,-2.38618803408858,1.5329416498165063,1.0549610552156268,0.4377855932596685
0.9268207744734233,-0.25686412715914353,-0.4280714911988287,-2.049788010720475,-1.3450292354657019,1.045838360708337,0.9648739492105635,2.27609367330542,0.27762164606607204,-2.7919964877151076,-2.386138572454997,1.532921845392827,1.0549428953025461,0.4377679536743365
0.9255181552859301,-0.25426155067002343,-0.4277882442908435,-2.047063748460577,-1.3455532528324352,1.0445286107356522,0.961098460371624,2.281355638856961,0.2761811742221314,-2.796704286672712,-2.382779048771019,1.5321836887700533,1.0554845139903173,0.4424179192810705
0.9238190267028275,-0.2519422130894043,-0.427170001873439,-2.0447515433041565,-1.346191091762047,1.0441910584997387,0.9571714403662059,2.285699939102387,0.27534341126319783,-2.800541422589896,-2.380126526111152,1.5320592442182328,1.0569289437634015,0.44729118747669977
0.9238145973643815,-0.251928427758677,-0.42718186334692865,-2.0447782582692695,-1.346213265749599,1.0442126884089757,0.9572003226634533,2.2857005358683367,0.2753407423043235,-2.800531466876347,-2.380117493510774,1.5320451069363978,1.0569203554373312,0.4472621024970965
0.9218497289446446,-0.24896259012306052,-0.4258612070527514,-2.041736064697565,-1.3474760437755746,1.047055668197323,0.951738445309817,2.2925871022270368,0.27550947572177337,-2.8044725859000903,-2.3777143108519785,1.5317202126213691,1.0606388756076166,0.45328149838161735
0.9218790214726471,-0.2489775738410024,-0.4258504030319082,-2.041754201527996,-1.3474670528307695,1.0470158586829696,0.9517503053969513,2.2925956150618516,0.27554912942900867,-2.804518094231846,-2.377740603002546,1.5317163616443483,1.0606606542145132,0.4532637535656846
0.919937629307703,-0.24622332079034037,-0.4250102040394677,-2.0386923403810795,-1.348346364094473,1.0462520557838404,0.9468259373335879,2.2990683311836557,0.27436778416634233,-2.810438815437256,-2.3739619536831196,1.5314145262273005,1.0619732911240676,0.45936608574339827
0.9198878895216819,-0.2461993222231055,-0.4249847737478973,-2.038714732715215,-1.3483755232174834,1.0462643755793202,0.9468309048417411,2.2991038800679617,0.2743619337322419,-2.810464721953564,-2.373950874678769,1.5313777915952602,1.0619789367631114,0.4593550683866149
0.9177696702211698,-0.24425636554024632,-0.42425881115418884,-2.036712911815779,-1.349741861892467,1.0494984527382543,0.9413839690147463,2.3059730369048625,0.27487482044736056,-2.8162582504651703,-2.372095707965098,1.5325818690838855,1.0666823817185753,0.46622305272723447
0.9177259733256767,-0.24422072351696095,-0.4243379395945083,-2.0367363740629645,-1.3498041336439377,1.0496098357654498,0.9414122827470784,2.3060245554045538,0.27482088080845885,-2.816203051574318,-2.3720199785599476,1.5325520424149481,1.0666582123658523,0.46619239913501864
0.9155711609707003,-0.2410499351577236,-0.42343047637989667,-2.0337405768141483,-1.3504935911129052,1.0487115492906205,0.9366206014770332,2.3119193271012617,0.2737340665629482,-2.8216857488058102,-2.368313142602698,1.5320992250499434,1.067798549935241,0.4722790370670699
0.915524218607711,-0.24102579007057737,-0.4234360565430901,-2.033768838618317,-1.3505308232299014,1.0487572843902035,0.9366412859190425,2.3119492141382754,0.2737262712806134,-2.821674647837514,-2.368286735106393,1.5320679327023359,1.067780868673123,0.4722568184929298
0.9133580801779156,-0.23823695470603745,-0.42285364831801225,-2.0313344398830244,-1.351982495610792,1.0520729448742012,0.931230322630321,2.318833542283296,0.2744734641238805,-2.827780840717273,-2.366637893371008,1.5327476694496067,1.0725660921994444,0.4791792884618846
0.9134457398598589,-0.23824313258564453,-0.4229445393671819,-2.031345683672856,-1.3520499749833437,1.0521026193389489,0.931242925099398,2.318911716763276,0.27445031254307173,-2.8278172322664705,-2.3666122357901926,1.5327577850074807,1.0726020061594965,0.4791752457312501
0.9118309541466462,-0.23528170577588337,-0.42204431914689944,-2.0284956857485343,-1.3531089964727094,1.0544145925812982,0.9263337012099356,2.3258488075454795,0.27499454593051975,-2.8333582556544568,-2.3650906402168754,1.5321805922698224,1.0762140991007263,0.4849580267747068
0.9118035207998105,-0.23526877394955237,-0.42203560607124724,-2.0285240128224036,-1.3531354523103436,1.054421968478658,0.9263464931801628,2.325878644268623,0.2750020702541631,-2.8333786381063013,-2.3650729428328807,1.5321360800509656,1.0762260835056268,0.4849337693755135
0.9096181880568661,-0.23246335984589173,-0.42059421690321364,-2.02569162413646,-1.3541611643481413,1.0565623353098272,0.9212281563900352,2.332890943399499,0.2756036447564379,-2.837370285888099,-2.3628944171050144,1.531874204590375,1.07967285583609,0.49081991128626634
0.9080372068053921,-0.23007509723528644,-0.42036506782678146,-2.0234383959114073,-1.3545219062538996,1.0546085331412818,0.9175011318211737,2.338164486243462,0.2740034440461611,-2.8427892493330535,-2.359533528293823,1.531538000277222,1.0800199409778877,0.49574956985796925
0.9081385791898661,-0.23008084666095197,-0.42045798765651726,-2.0234831320020135,-1.3545962012797463,1.0546084596225136,0.9175345494174878,2.3381902016580685,0.27400626027650776,-2.842817519183922,-2.359519328545128,1.531521126329306,1.080036070823347,0.4957379515683631
0.906137932256004,-0.22775238867191752,-0.42009770334720276,-2.021475904140337,-1.3559070321935747,1.0573716105615003,0.9120527511781961,2.3451723624079666,0.27481235376761814,-2.8491288801147174,-2.357901513027469,1.5323168260354083,1.0848486753996347,0.5028739334453536
0.9061272612091829,-0.22772229352486936,-0.4201207398162362,-2.021485544168733,-1.355962306665204,1.0574161037016852,0.9120609381787483,2.345197751729393,0.274777918538865,-2.849125945434263,-2.3578627389477402,1.532288728392467,1.0848403444815657,0.5028736859061144
0.9040271957990952,-0.22472340665217566,-0.41940667780140123,-2.018751494818787,-1.356574543421848,1.05599827810463,0.9073563809623142,2.3519299753049907,0.2734139907289139,-2.8552808525398023,-2.3539887181082166,1.5316396225546778,1.08569128304022,0.5088848042539105
0.9040225345710636,-0.22471313564594456,-0.41939613880523513,-2.0187643340926895,-1.3565715607568012,1.0559852269261836,0.9073613236572816,2.351939252740689,0.2734334744656788,-2.855295181669495,-2.353990551068616,1.531628931236718,1.0857040361074153,0.5088751444261177
0.9020141839776723,-0.22140101742742396,-0.4189625600663442,-2.0160498857289904,-1.3573793716176028,1.0551666955289882,0.9026604187063177,2.358152093553633,0.2720316797392232,-2.860990892050132,-2.3501497519260877,1.5308775674697366,1.0869912265818205,0.5150133964342217
0.9020054613128187,-0.22138987463984494,-0.41896803650518427,-2.0160746364866533,-1.3573988643591737,1.05518367139464,0.9026813367551215,2.358161666166243,0.2720334729201017,-2.860996937483595,-2.350140355958583,1.5308591006563184,1.0869859206870276,0.5149923589907658
0.9002358856925492,-0.2189093920061926,-0.41889888402518816,-2.0140521369857525,-1.3588790995880777,1.0582462009158122,0.8975549765564568,2.3651567897501855,0.2728880726554749,-2.8673079380148656,-2.3484403475867204,1.5311396232781018,1.0920302886911997,0.5218522724073411
0.9002006921412727,-0.21888722648097092,-0.4189248146691492,-2.014077669829018,-1.3589310980598794,1.0583055130983685,0.8975822066475843,2.3651677085973604,0.2728634569097136,-2.867283606597856,-2.348410305738872,1.5311120926442034,1.0919988592839427,0.5218289003140084
0.8986054903468061,-0.2157436784806264,-0.4186746230697809,-2.0114181890178697,-1.359832934304726,1.057684891073091,0.8932816247419156,2.3720606070126977,0.27154419667263885,-2.8735180213666496,-2.3445397592481827,1.530182022902898,1.0933863604295562,0.5275918429721242
0.8986249962095604,-0.2157239465576351,-0.41866711843077054,-2.0114259870245346,-1.3598480479416284,1.057674038419838,0.8932926516056972,2.3720398281543447,0.2715488961580984,-2.873519407751037,-2.344542645115043,1.5301859371179276,1.093393349170358,0.5275877908929555
0.896603317370294,-0.21334345604455088,-0.41837749018391046,-2.0096223569928613,-1.3612227606770881,1.0606124467342217,0.8886099140705722,2.3790870655730063,0.27236880190013496,-2.8796758324812948,-2.342718800585579,1.5303249248186352,1.0980424873104193,0.533970951514887
0.8966043829053013,-0.21333230426395416,-0.41835839017232673,-2.0096334074384203,-1.3612410155955854,1.0606147763842864,0.8886225899726975,2.3790797745630297,0.27237526233547826,-2.879689305159899,-2.3427243985893442,1.5303239222464122,1.0980518002980875,0.5339573066499702
0.8948796476467933,-0.21057782675601971,-0.41783047078769536,-2.0072385084749778,-1.3621093563799067,1.0595176539659557,0.8848105189337157,2.385130541918263,0.2710523102567045,-2.8851068027141764,-2.338984703894464,1.5293528654271835,1.0988146330328412,0.5391149961350374
0.8934721238823375,-0.20827906110164293,-0.41684303250301863,-2.0054757047358858,-1.36299234461033,1.0624616831232156,0.8810953264072356,2.3903897867189183,0.2720228753145717,-2.8875420777838015,-2.3375950322086627,1.5286383276520492,1.102443076924877,0.5438877689383563
0.8935081644013055,-0.2082798808965149,-0.41679892910577465,-2.005499888575646,-1.362992922739582,1.062395523864479,0.8811189207364035,2.390333872590704,0.2720741388651841,-2.8875700611092365,-2.3376349019754565,1.528634584769306,1.1024551499047937,0.5438684506454341
0.8915981551241097,-0.20532945105561276,-0.41565149986541683,-2.0030535083924943,-1.3642300318577756,1.0645726147064973,0.8761844757044953,2.397385747765086,0.2725236347592158,-2.893014254207181,-2.335467450863546,1.5281810362228383,1.1063062804014543,0.5505032522075286
0.8912735335665335,-0.20521614512600406,-0.41555030259338627,-2.00311648771947,-1.3644619836284113,1.0647520473449206,0.8761711095129234,2.397725626558837,0.27235479813361757,-2.8931648146539892,-2.3353546663145117,1.5279282308505016,1.1062406608334194,0.5504917881073302
0.8889899845537983,-0.20303294091924498,-0.4149576033399152,-2.0016520506201902,-1.3657194683093636,1.0673764854805625,0.8711451262174359,2.404866573702969,0.2732207344020126,-2.8995787996283977,-2.333380098098503,1.5282902556935987,1.111106647290705,0.5574545064748906
0.888993170702843,-0.20302861777624018,-0.41495193554579385,-2.0016658391674387,-1.3657337919431058,1.0673643063173086,0.8711535640603033,2.404851173613593,0.27324264044136054,-2.8995846653491304,-2.3333776038018414,1.5282751676827278,1.1111089167387866,0.5574458586274333
0.8868560140261633,-0.19980638793760497,-0.4133618487025877,-1.9993444278139865,-1.3667736069667515,1.0692325594716499,0.8665635712396457,2.411964378278836,0.2733337755752812,-2.900841965010917,-2.3306868679015356,1.527216645607217,1.1149033271857554,0.5635510103284974
0.8868732102540596,-0.199820161709693,-0.41333276028206006,-1.9993674842691334,-1.3667731794880635,1.069170628802267,0.8665673894858825,2.411918002048337,0.27339032132161695,-2.900878569665391,-2.33071484155095,1.5271962943457231,1.114913362323267,0.5635472608343796
0.8848545881832356,-0.19638603413778236,-0.41219716426713626,-1.9970107081346273,-1.3671792010042425,1.0662768345740887,0.8624253081571936,2.4180440197866857,0.2715484131215962,-2.9039781645859213,-2.326723724673223,1.526321978726957,1.1153974113416603,0.5692585570530366
0.8847856247790713,-0.19636000521473332,-0.4121470112337697,-1.9970358628188332,-1.3672434070482784,1.066273342365055,0.8624177512590312,2.41814439547552,0.2715242918193956,-2.9040817246457347,-2.3267086356014652,1.5262252798829843,1.1154080619006717,0.5692567296241873
0.8833833083483038,-0.19332275582768607,-0.41149460659061265,-1.9948998329573293,-1.3681912364707431,1.069018005781887,0.8574893741864733,2.425251355207921,0.2718670509960948,-2.9046446129805474,-2.3246683238773027,1.5269181137690946,1.1213735243454575,0.5761802859259353
0.8833687343537975,-0.19331837778314384,-0.41153968605446556,-1.9949149058703057,-1.368255947999923,1.0690871845511476,0.8575184173418896,2.425308942445842,0.2718275701963074,-2.904666899327519,-2.3246452448249113,1.5269096462452725,1.1213708531425244,0.5761520957468828
0.8817849359624017,-0.1902673847748329,-0.41010189172563927,-1.992680416750318,-1.369223182070363,1.071281328098233,0.8530953385857498,2.432390578713215,0.27193925885817116,-2.905193854661554,-2.322241477645764,1.5275170179487545,1.1271508240475432,0.5827308535043143
0.8817981269989831,-0.19027185880980982,-0.4100710313268143,-1.9926913662109922,-1.3692039946209942,1.0712186048784902,0.8530973847151352,2.4323566738887936,0.271981812781852,-2.905234929306183,-2.322271774731496,1.5275198736867444,1.1271744267744346,0.5827292070486488
0.8803367707449178,-0.18706879308454594,-0.4078433534142755,-1.990540974822119,-1.3696087332104594,1.0725688958438042,0.8491647656162955,2.4395120115838593,0.2712414639218927,-2.9048181454149833,-2.3189543186530175,1.5271844457684096,1.130960634982822,0.5882600069692704
0.8803501683104278,-0.18708145669870704,-0.4078122899552376,-1.9905670941771225,-1.3695978169271574,1.0725067923765712,0.8491747343912488,2.439468426664043,0.27129142525895594,-2.9048617278571043,-2.318990655714318,1.5271721569641261,1.1309728517643622,0.5882501607207015
0.8784932179242235,-0.1837306085235337,-0.40575678904576507,-1.9884033279265774,-1.3696633079381342,1.0684888024745092,0.8456724741531977,2.445750335457927,0.26710112371521166,-2.9055690388458255,-2.3118808389927126,1.52677655050618,1.1303428478976987,0.5932871936953967
0.8785320445175138,-0.18375409698845252,-0.40568933258918427,-1.9884421607877978,-1.3696309403475855,1.068379438018215,0.845689855238171,2.445682388859504,0.26718390316644225,-2.905642946552971,-2.3119544872590456,1.5267703386311906,1.130361352971356,0.5932732736424823
0.8765748476009252,-0.18099770384573824,-0.40313982367927115,-1.9863533864680432,-1.3708870107282385,1.070682461051919,0.8412296310833882,2.452621995591435,0.26638843640680826,-2.906064207262413,-2.307829199319297,1.5276149335065499,1.1365737474979163,0.6002851903791702
0.8758425935854294,-0.1786565224934603,-0.40162584416016517,-1.9847395983281793,-1.3717626560994503,1.072285034268166,0.8376825541500827,2.458372978201687,0.2660051751042249,-2.906776595117349,-2.3046703995261497,1.5281640113357773,1.1414130398984037,0.6059305766789488
0.8758341419384713,-0.17865464326860137,-0.40163857020057225,-1.9847828129867948,-1.3717779095334288,1.0722820475137502,0.8377229958137777,2.458345317267285,0.2660114780678003,-2.906799204627866,-2.304686023019731,1.5281432965650805,1.1414058333880128,0.6058898004448431
0.8747228843837047,-0.17599423562566247,-0.3992316944613931,-1.9828084507776587,-1.372894254349304,1.0737842954676964,0.8334777636554439,2.460384111316935,0.26580493672681077,-2.9022563065517133,-2.300516024531513,1.52966129659879,1.146351538476452,0.6127912087635401
0.8746759140238967,-0.17596195460353914,-0.3992831173665514,-1.9828295554163229,-1.3729770199985183,1.0738647320995234,0.8335044621904364,2.4604823842743015,0.2657457982894979,-2.902278986018914,-2.300453494933084,1.529608948552919,1.1463394293549203,0.612763732292372
0.8725706019020663,-0.1732824792370616,-0.3959392100879498,-1.9809043983646446,-1.374121143996473,1.0746283034150546,0.8295451664764367,2.463213875094773,0.2656955625310781,-2.903456907715527,-2.2969983743928473,1.5305252792883373,1.1510423970218566,0.6194737057304627
0.872531330564478,-0.17324994949146458,-0.3959994055759699,-1.9809276834224407,-1.3741721212566236,1.0747121727879325,0.8295861427434861,2.463239433415877,0.2656471948254599,-2.9034236521394154,-2.296947651954225,1.530504199357022,1.1510227964243482,0.6194291637862424
0.8711406903995496,-0.1705631512320806,-0.39394214040340064,-1.9796586934552607,-1.3750475349553264,1.0758932884547838,0.8255493859712012,2.466073393875919,0.26585787609063455,-2.9035239217911566,-2.2933162713442465,1.5312939101767409,1.1549950114467649,0.6261338225837976
0.8711303411730151,-0.17055054467166156,-0.39395752683356744,-1.979676265971698,-1.3750737625769018,1.0759107255426383,0.8255717950599983,2.4660697590004603,0.2658579484291447,-2.9035251283388726,-2.293298206101115,1.531279281072806,1.1549909825184532,0.6261116943787606
0.8690621232348827,-0.1671691986475526,-0.3908177259395962,-1.9778035286858506,-1.3755125754354594,1.0710996803450843,0.8225161646451612,2.466680626604539,0.2621947931861632,-2.9024591567051647,-2.2865051487688355,1.5307713147893791,1.1525875596397686,0.6311909749450154
0.869298133696919,-0.16731487555007654,-0.39091238142327367,-1.9778398066576353,-1.3756326259386142,1.0710486279321625,0.8225690514015052,2.466796930164213,0.26224666066092095,-2.9026030944735886,-2.2866193548487743,1.5307967382804553,1.152712275554296,0.6311471155383291
0.8667241463194159,-0.1655400348017935,-0.3875438509108228,-1.9763864036469292,-1.377112675615413,1.0724053999938035,0.8183075463654055,2.470955058537233,0.2625445568838528,-2.904285613888624,-2.282787402879719,1.5317805515980751,1.1573777673761545,0.6380552957424214
0.8667337590368376,-0.16554626866961153,-0.3875816942893781,-1.976405737095146,-1.3771407525083401,1.0724119101819292,0.8183183239667671,2.470963212309358,0.262548523087102,-2.9042908861893784,-2.2827824774269594,1.5317585874789006,1.1573823564669627,0.6380403659033412
0.8650712470872816,-0.1636944233864954,-0.3852874893405447,-1.975554987725817,-1.3783203049676014,1.0737800579331926,0.814314444184168,2.475201969327555,0.26300034547030454,-2.904755854035103,-2.279139528489768,1.5325627314506798,1.1616253772842955,0.6448050262273183
0.8650840401880373,-0.16369840966462992,-0.3852697078545428,-1.9755818625511352,-1.3783190283258495,1.0737364727106784,0.8143321984968743,2.4751686982987535,0.26303618102021653,-2.9047873822550367,-2.2791664594946406,1.5325496277975166,1.1616351968239655,0.6447865902613718
0.8636622006389124,-0.16076233521210928,-0.3823466346094579,-1.9739192591796575,-1.379293917480257,1.0742626927350445,0.8107676278788188,2.4789828527611113,0.26266474106404253,-2.902146334903544,-2.2741356181382475,1.531865847397065,1.1646360665365247,0.6509193133048484
0.863678332443518,-0.16077213335431897,-0.3823220718821589,-1.9739509887260054,-1.3792922553137634,1.0742144022750928,0.8107908864654554,2.4789426314569463,0.26270820130399897,-2.902188424344508,-2.274167078535606,1.5318527710438405,1.1646416547300484,0.6508980591297281
0.8618900892643881,-0.15799293922588692,-0.37968142786965486,-1.9722976871401412,-1.3808063099374652,1.075289152920482,0.8069709529159683,2.4815404047497323,0.2629100656739404,-2.903431558989735,-2.2702821911935223,1.5324227381236006,1.1689665721768296,0.6578509929061426
0.8599767319200559,-0.15590670904010326,-0.37695731112823444,-1.9710413540414355,-1.3820574023526073,1.0757722975778834,0.803931150929475,2.4830589104197505,0.26321889983311453,-2.9023793317722255,-2.267032058582621,1.5328656667913931,1.172277107727756,0.6634650271016798
0.8599375775415373,-0.15587445471894895,-0.37701452277679603,-1.9710678801683243,-1.3821067845273254,1.0758510468614622,0.8039832187744091,2.483078540134807,0.2631766741911574,-2.902358677597896,-2.266984577747036,1.532846416380847,1.1722554462886625,0.6634141041725622
0.8574053364095465,-0.15276339858312357,-0.37292042236315515,-1.969561539577667,-1.3829107565428438,1.0756755466707266,0.8006527739990461,2.4865039161173397,0.2626892277169578,-2.9021532949831497,-2.2621295668713755,1.5320232334196051,1.1748029227953352,0.6696132007470602
0.8574335494867291,-0.15277810085237306,-0.3728761074813148,-1.9695765594875443,-1.382895097875354,1.0755869664872257,0.8006446697548303,2.486456368850081,0.26275889561776256,-2.902203971162647,-2.2621663001826215,1.5320144300593608,1.1748309912307484,0.6696197762232627
0.8550838415392317,-0.149815532969142,-0.36900933834684846,-1.968100625411844,-1.3837874697345696,1.0757791665360563,0.7973212704223474,2.4905399434830384,0.2621886981676616,-2.9022555969644523,-2.257162666548413,1.531503497421699,1.1777551759543339,0.6757584102043959
0.8550963967951293,-0.14983588635449915,-0.3689761609490859,-1.9681354341697053,-1.3837869791324777,1.0757182947288428,0.7973352751415232,2.4904982117993044,0.2622500413731709,-2.9023078005297847,-2.257194574883199,1.5314776420448684,1.1777611888537942,0.6757433500504463
0.8525332775112209,-0.14729231183903294,-0.36595317023388774,-1.9673284729344873,-1.3848800861637798,1.0764911559757697,0.7936407214877677,2.4924890780183646,0.2629000380130177,-2.902355036247688,-2.2539350483916802,1.5320066718457888,1.1826413908161364,0.6828492011818156
0.8524999853115427,-0.14726718248916745,-0.36600068708006134,-1.9673517790705288,-1.3849346644717018,1.0765581966732962,0.7936763760432434,2.492502830471586,0.26287381303237733,-2.902333996590618,-2.2538867773512314,1.5319760121348485,1.1826204253107147,0.6828143621612177
0.8500296143717345,-0.14500132311218103,-0.36306421621602164,-1.966811531343081,-1.3860570097643936,1.0770142570569057,0.7900036425255482,2.4968633638783357,0.26395511002639216,-2.905148864227035,-2.2508541789552705,1.5326067468851172,1.1868614195754712,0.6897716011342676
0.8500089014943938,-0.14499877173953618,-0.3630585153272025,-1.9668411783216764,-1.3861000935798087,1.0770243133106516,0.7900290086178223,2.4968558907255267,0.263967384109537,-2.905167495624971,-2.250848534711736,1.5325625148482929,1.1868305024075743,0.689749512136753
0.8481148315742306,-0.14150524272782605,-0.3604684693259688,-1.965517201555808,-1.3864311777601317,1.0714655573631224,0.7874812608341829,2.498376659422706,0.2600105371363944,-2.9037571280989782,-2.2446297487363935,1.5315047850380294,1.183783386399203,0.6941224511983144
0.8466437396345192,-0.138821649130417,-0.358604386448221,-1.9645797948583321,-1.3868021846475886,1.0688666885025013,0.7849269955894939,2.4996654105938023,0.2572921966669355,-2.9030297735861805,-2.2394542042988617,1.5311186080604733,1.1825711824810596,0.6982700145648668
0.8466607245817181,-0.13881931493537372,-0.3585917270501383,-1.964617861908248,-1.3868089445098875,1.0688334693318333,0.784969186752116,2.499624864365561,0.25732358252220605,-2.903058022166956,-2.239482075817244,1.5311048143622599,1.182573258645942,0.6982296179603847
0.8453370248474399,-0.13585384130603714,-0.3569008986629515,-1.9637066896201982,-1.388193432299462,1.0711533210502577,0.7809610143555299,2.5021884492858852,0.25730804486165965,-2.9026159464845755,-2.235108776072554,1.5308546640225835,1.1882365131343706,0.7057504334018285
0.8452901283143144,-0.1358293936215183,-0.35698933422050605,-1.9637138619093184,-1.3882419382036597,1.07128029448153,0.78101226155435,2.502260991675778,0.25723513426167266,-2.9025794317853584,-2.2350375217114626,1.5308543558093803,1.1882100177028814,0.7056902564920436
0.8433927891861354,-0.13231903319951221,-0.3543402899662302,-1.9624566850234317,-1.3891737089158742,1.0671539515554338,0.778754113729529,2.504148115042947,0.2536365290845733,-2.9030452995109086,-2.2281760919818754,1.529849313142033,1.1867713669117506,0.7105709923647457
0.8433804305689844,-0.13230623248598364,-0.3543238598268417,-1.962475159944368,-1.3891973976621772,1.0671592800630927,0.7787870367461895,2.5041891383845893,0.2536140610984094,-2.903102201006127,-2.228186794896657,1.5298218746117258,1.1867568047386963,0.7105477417493682
0.8410218389894627,-0.12947168183781735,-0.35146301309159916,-1.9612672523095978,-1.3907157424150964,1.069289292291539,0.7759647163061567,2.507078491331119,0.25364403334752,-2.9035130082279217,-2.22400269409359,1.5294776765457536,1.192016081235793,0.7167591692359444
0.8409718077848732,-0.12943921714285234,-0.3515124595507392,-1.961273758612181,-1.3907680634272193,1.069380753735137,0.776006358780405,2.5071551196805797,0.25357061119740737,-2.903512477229501,-2.223950035205209,1.5294505031349104,1.1919959437394678,0.7167136119573336
0.8384451351496327,-0.1273002797240934,-0.34857949123090176,-1.9606775555423568,-1.3921933142315854,1.0708472848173383,0.7738915576626431,2.511400612320708,0.25403891654266736,-2.9050598346456815,-2.2204577201250144,1.529108887214079,1.1970586873700308,0.7221878350911464
0.8383771223584967,-0.1271049303321284,-0.3485663470477335,-1.9605198563823638,-1.392665645709508,1.0711333273644437,0.7737980050280603,2.5112668991710523,0.25360408515464444,-2.9050800905770062,-2.2204262496160023,1.5287903944874266,1.196713226595678,0.7223453233420751
0.8369639704977816,-0.12409714311437937,-0.3467363545091313,-1.9594325228911635,-1.3940568000461047,1.0724316658806214,0.772366608207665,2.513791017723428,0.25373566175375745,-2.9040067451964164,-2.2170054430454895,1.5281493597253861,1.2011113832462574,0.7270962192091233
0.8369580760216707,-0.1241105248505988,-0.34676388215408827,-1.9594420321073514,-1.3940785204573936,1.0724532976927932,0.7723790638414602,2.513837430529902,0.2537206183964922,-2.904037214320456,-2.2170118396113256,1.5281262748693554,1.201099828804789,0.7270702363969519
0.8348380346573935,-0.12144675290075618,-0.3440390700018385,-1.9582658264475346,-1.3960254106738672,1.0733559502531398,0.7710562994433767,2.5156495638378638,0.25366053941481215,-2.902803610986711,-2.2133298068217453,1.5275613893786146,1.205033705297184,0.7317965576222768
0.8349538077986772,-0.12156029606011662,-0.34428757597541687,-1.9583253244059322,-1.3961144746083916,1.0734031447660217,0.7710687811562835,2.515822988794936,0.25366816567150735,-2.9028331848260858,-2.213336611374959,1.5274711472964246,1.205020245280985,0.7317606465973407
0.832893935371281,-0.1185929995549162,-0.3419688266639407,-1.9573197473651052,-1.3977007725660608,1.0742684147318797,0.7698802720917,2.518471596096111,0.2536410227241858,-2.9042480733160336,-2.2099805940824107,1.5265609160796045,1.2086891080702813,0.7362573147645447
0.8328916045575031,-0.11859252082501934,-0.34196746325479754,-1.9573383918069964,-1.3977073464832606,1.0742654231204811,0.7698999207988225,2.5184664599152318,0.25365508773953915,-2.904264892129087,-2.2099800557724234,1.5265508154727319,1.2086852871094351,0.7362374751354461
0.8305226384732718,-0.11614902595675464,-0.33940578540075134,-1.956638479261201,-1.3992542429484074,1.074959556251578,0.7686479060177923,2.520117850677592,0.25432872518151917,-2.9027219592866556,-2.2067535851131392,1.525714870782929,1.2124612199230895,0.740829155870743
0.8304942171938917,-0.11611640200000987,-0.33944944868249805,-1.9566418330561928,-1.3993050426635194,1.0750373165707863,0.768688547732454,2.5201311912231383,0.25428466979315917,-2.902698808472776,-2.2067024476698696,1.5257037923307446,1.2124398650390495,0.7407922902701853
0.8284308344558107,-0.11401868480523727,-0.337223467171628,-1.9562788273617,-1.4005566062621826,1.0752593519033882,0.7674353225906108,2.5235235753065965,0.25483057733105824,-2.9048277515082637,-2.203915056382017,1.5253646781417742,1.2150462852433028,0.7449354469301648
0.8268315971114243,-0.11138877848917121,-0.335531519035407,-1.9556613519887738,-1.4014867253131555,1.07592859674462,0.7660422405210855,2.5253327240910077,0.2547561830786836,-2.9044265127121203,-2.2014105479366304,1.5243402510053377,1.217996208393913,0.7489832999171329
0.8268071206587561,-0.11138965130232396,-0.33554331276040916,-1.9556893537402606,-1.401510445096518,1.075943946537699,0.7660697691541192,2.5253353122791173,0.25476888421096083,-2.9044417895532617,-2.2013940103455845,1.5243120339375895,1.2179817633572851,0.7489492533152121
0.8246550493991728,-0.10772884051908221,-0.33235745827396634,-1.9546146473105666,-1.4022209766415517,1.0761826611146519,0.764369532635386,2.5288305831060782,0.25401585610766897,-2.9026882757523214,-2.1963992980423894,1.52264664260784,1.2203475027437014,0.7539173377207452
0.8246512993812445,-0.10771736138691596,-0.33231607737276336,-1.9546109553145992,-1.4022697095029157,1.0761634165268423,0.7643754719586113,2.5286677893672227,0.2540477328655102,-2.9026426531702736,-2.196427617513553,1.5226341181356389,1.2202495449700992,0.7539319298536928
0.8221295385557297,-0.10390511945010546,-0.32932936020143,-1.953523688871129,-1.4032633588014782,1.0708279923347916,0.7630034842760092,2.530247991390232,0.24986205775432213,-2.9036902054140628,-2.189887291499959,1.5212491727105535,1.2173150748697896,0.7577697428923201
0.8221966493502247,-0.10394269516093724,-0.3292352237685293,-1.9535701683038815,-1.4032046570577839,1.070644680065824,0.762987363398472,2.5301662419861666,0.2500062938082729,-2.903771832627535,-2.189979852944198,1.521237617059096,1.2173665212414018,0.7577883982732962
0.8195109019903148,-0.10081682880928039,-0.32576123068791946,-1.9525898561959083,-1.4044724400251098,1.072059492183182,0.7605208124538752,2.5343282862543406,0.24915768445769734,-2.9026894222248565,-2.184740910570337,1.5195110983882831,1.2217384884011848,0.7636255906767061
0.8195187286235678,-0.10080036763701701,-0.3257732976708426,-1.9526066145536862,-1.404524254825565,1.0720838997042037,0.7605697584462389,2.534282443429524,0.2491540831266928,-2.902677036322132,-2.184731933714623,1.519491763135654,1.221720808509772,0.7635979395760099
0.8179176882374848,-0.09736159762844332,-0.3243292326050224,-1.9518313219629593,-1.4060795060285955,1.0740730087560395,0.7577037887850266,2.5362662856181837,0.24917682875237618,-2.9028165333311624,-2.180742618301986,1.518491436351009,1.2271466745038315,0.7702937666971105
0.8178866837773189,-0.09733202315608701,-0.3243958891075201,-1.9518542299414634,-1.4061444309231472,1.074167534565617,0.7577700821317477,2.536293066466317,0.24912797049553936,-2.9027865459922193,-2.180691392267306,1.518465439349544,1.2271172781057218,0.7702244916464779
0.8159792533030612,-0.09466908918705369,-0.3224172381131114,-1.9515952465654065,-1.4077209288024597,1.0752032969085543,0.7550102463868852,2.5401112290402796,0.2500789973604766,-2.9057993815666223,-2.1772500338303304,1.5175553520571043,1.2320425944675737,0.7769164709196767
0.814155415115959,-0.091737148903933,-0.3197192909438986,-1.9508238235226862,-1.4086619003536935,1.0758274372248875,0.7527729671038578,2.543005130980831,0.24948478330963367,-2.9026624987419205,-2.17272165519504,1.5157712419196592,1.2349719687007272,0.7822425557445883
0.8141499259764475,-0.09169126575297958,-0.31977382174008595,-1.9508404612081103,-1.4087855809893055,1.0759037320806735,0.7528554596524959,2.543061535434662,0.2494062780273254,-2.9027081933978542,-2.1726930068642076,1.5156682620055695,1.2349273106922556,0.7821596048301862
0.8115178446167813,-0.08927795763332395,-0.31692073444626145,-1.9508679076968398,-1.4105633737243477,1.0766191733309276,0.7496474155863796,2.5463618404972492,0.2503467830889373,-2.905646445735024,-2.168716896978416,1.5148957149187001,1.2395689006019543,0.7894964279881498
0.8114964967821676,-0.08926014387114552,-0.31694994182147884,-1.9508853257872154,-1.4106043178676717,1.0766659407032164,0.7496860453549634,2.546363380935769,0.25032651177033327,-2.9056400108852443,-2.16869090808422,1.5148720066344494,1.2395500191942441,0.7894564473062569
0.8088705617007468,-0.08607892915083856,-0.3139872851655175,-1.9505161086913263,-1.4125248951396825,1.0770679056372139,0.7468941383728399,2.5476110493329864,0.25067758711310123,-2.9029295348477717,-2.1647764335214155,1.5135855945336267,1.2444067723484573,0.7967371838155269
0.8088162974776539,-0.08603664590596694,-0.31404990351883044,-1.9505154523380657,-1.412620638933676,1.0772114439362066,0.7469453747848058,2.547659111011483,0.2505783236924349,-2.9029045214947455,-2.164715353971794,1.5135333761157772,1.2443444117292237,0.7966774167297259
0.8063709866781821,-0.08259411433218196,-0.3115777412704564,-1.9503759939757794,-1.414317686060412,1.077885346244265,0.7443428862003479,2.5501905935171125,0.25080813798832374,-2.904756800920724,-2.1610459648045603,1.5118051879368732,1.248666250786787,0.8035555865436819
0.8063731045974236,-0.08256443292040366,-0.3115807476599318,-1.9503755020173816,-1.4143296293378766,1.0778693787882743,0.7443539513147761,2.5501761191196297,0.25081805083815917,-2.9047606529788754,-2.1610292775407003,1.5118071799142148,1.2486949464367854,0.8035451159239061
0.8036322507672657,-0.07871048819017307,-0.3084186905183962,-1.9496609828791114,-1.4158730091714733,1.0761046679303392,0.7424920876740582,2.5531001306622705,0.25074185203740984,-2.9026514653062345,-2.15654302586458,1.5093716374987867,1.2512536375427483,0.8097983095874532
0.8036342584954471,-0.07870648813108833,-0.3084173958512728,-1.9496818513939826,-1.4158953781362797,1.07609185803814,0.7425097188729223,2.5530787834552915,0.250766940787508,-2.9026661862450767,-2.156540858197971,1.509346192268491,1.251254079680446,0.8097815699383505
0.8010377957150546,-0.07458075795006308,-0.3054412252746693,-1.9489820447768318,-1.4172147108501556,1.0708363678445698,0.740526789286129,2.5540704722725245,0.2466049170913283,-2.9043091912907912,-2.1501486657804296,1.5076855408232361,1.2476854065943033,0.8144016824730659
0.8010756988834457,-0.07459562238091269,-0.30540055702170493,-1.9490106673120722,-1.4171995681225888,1.0707466733548445,0.7405279064416754,2.5540211494283724,0.2466861837931323,-2.9043485742308253,-2.150185182484992,1.5076698342801456,1.2477092211012397,0.814402193376253
0.7988125464201269,-0.07085512420014296,-0.30335088297679963,-1.948379386190101,-1.4189698499908436,1.0729360551939577,0.7377524991413661,2.55641363232353,0.2461537109256517,-2.904083770281855,-2.1457539368308938,1.5059664013697267,1.2533929459529558,0.8214641246872899
0.7988434248034133,-0.07087503810007995,-0.3033571716811097,-1.9484008881108639,-1.418972484116531,1.0728832446015675,0.7377759342051542,2.5564038317623736,0.2462051106448566,-2.904097846475136,-2.1457694947115575,1.5059580830474524,1.2534135109980147,0.8214474776008673
0.7964015869445159,-0.06751966259782761,-0.30113946060242774,-1.948422890127397,-1.4205658806678183,1.074365003960958,0.7354660462108318,2.5579401971764257,0.246433193633888,-2.90299458098096,-2.141872318272113,1.5041462961421443,1.2588863480262458,0.8282486240277676
0.7964007768691184,-0.06751454001491648,-0.3011439966794129,-1.948441331889059,-1.4205906887589954,1.0743756691187942,0.7354987421566334,2.5579308012253925,0.24644371627241332,-2.9029958319135205,-2.141864096545351,1.5041265732893239,1.2588752090525248,0.8282153206174118
0.7936965224714936,-0.06469627204275571,-0.29888597135144296,-1.9489659651752254,-1.4220608890708626,1.0756491567420365,0.7333648833930474,2.5617682379515103,0.24746092525943986,-2.9063751379038925,-2.138411152118459,1.5023055953446702,1.2638012941859469,0.8346833890899169
0.7936551411560473,-0.0646390856059611,-0.2989543525001993,-1.9489632872482996,-1.4221285092574625,1.0757533063579447,0.7334236194470336,2.561785119194002,0.2473837323169518,-2.906334680168539,-2.1383471220450376,1.5022939950647825,1.2637856926545452,0.8346227804511939
0.7909882679169097,-0.061601970115915936,-0.2963444709582056,-1.9490271194871394,-1.4239501207240655,1.076699571622771,0.7312863624345137,2.5651514480002757,0.24795342363775236,-2.905654374407348,-2.134835130952008,1.5004326322012593,1.2684370366292539,0.8411383118491264
0.7889509503659581,-0.0592367356794158,-0.29435615133232174,-1.949585148314078,-1.4253051615788397,1.0776312485608777,0.729581871184308,2.5672352564334284,0.24878791671235312,-2.9051994057253565,-2.1322114508397947,1.499018488255239,1.272134213117171,0.8465437656343673
0.7889202696146163,-0.059133320461649055,-0.2944104122781433,-1.9495548027883007,-1.425358309757554,1.0777013047316242,0.7296406445749222,2.567238605488004,0.24871318366756268,-2.905160505242213,-2.132132015239689,1.4990480377149253,1.272179036161046,0.8464909495944016
0.7862859007337214,-0.05626883435842017,-0.2918593049314386,-1.9507059360827477,-1.426846165859196,1.0786360716309256,0.7275158599518153,2.5701443680078064,0.24962391778203413,-2.9056639988348962,-2.128919896715181,1.4970192719258486,1.2764517003292468,0.8532290670155981
0.7862140415666906,-0.05620162055352522,-0.2919169093390362,-1.9506549530140074,-1.4270328515861062,1.0788108688319684,0.7275417780046697,2.5702820681255094,0.24944657699823872,-2.905722200288316,-2.1288561195107842,1.496875314419169,1.2763730967671205,0.8531777463518408
0.7836992555069588,-0.050945104536419,-0.2892416016313234,-1.9500584449928435,-1.428077575893368,1.0705473913562826,0.7265165597011337,2.572349390348217,0.24659853805498777,-2.90682684264856,-2.1242270247002306,1.4946291226118031,1.2710526315919486,0.8575563625946395
0.7838123895272691,-0.051157249729540936,-0.2890783513323492,-1.9502111067293209,-1.4280167108890691,1.0702942954712995,0.7264701646006684,2.5722418539186496,0.24691137857371112,-2.9069845410812474,-2.1244067383010954,1.4944937449803049,1.2709780578012364,0.857604595721525
0.7811029986029231,-0.048021009666229915,-0.2861545860372241,-1.9500023080290352,-1.4298061565469757,1.0724270549477253,0.7238219355153787,2.5732411770707584,0.2464849942239719,-2.903414732526593,-2.1201978128455905,1.4926196673767154,1.2773063472371626,0.8646245871440464
0.7810654769317469,-0.047998279916503905,-0.28620039363951366,-1.9500118096888581,-1.4298544465427805,1.072520779546697,0.7238874346293268,2.57326835626522,0.24643211310716026,-2.903392095815981,-2.120150504228806,1.4926080024940047,1.2772694445916246,0.8645529510451596
0.7792884809724772,-0.04396875147372517,-0.2848378596371204,-1.9502311902708933,-1.4311006044074255,1.0744842991316619,0.7220472340268237,2.5744892237219057,0.24656426123238645,-2.9031448313507857,-2.11648173441037,1.4897988379986662,1.283556412814828,0.8712304339195991
0.7792447542338578,-0.04390257398784706,-0.2849001249747161,-1.950221780217821,-1.4311649518500256,1.0746119635397047,0.7221302331594383,2.5745159590398234,0.24647150046765526,-2.9031012588178395,-2.11640434697396,1.489808961311629,1.2835356304072945,0.8711540797941167
0.7772496011981282,-0.03973064393619076,-0.28266340195658124,-1.9497719299949594,-1.4320045901597935,1.0697691910391458,0.7214174961591858,2.576494565034113,0.2424388950021446,-2.9054886866755547,-2.1106327274521868,1.487902335474501,1.2796950512907395,0.8744154029538262
0.775472152375097,-0.03693812189056869,-0.2815353097989124,-1.9503945839483872,-1.4331649014495786,1.0733512121143773,0.720008682354826,2.577067852107781,0.2439737614358573,-2.9032395097430226,-2.1084820936849686,1.4856518104653629,1.2865785178762488,0.8800738560391853
0.7757076713912278,-0.03710535954016979,-0.28189567894144557,-1.9504751480648481,-1.4332360326455997,1.0732069426712618,0.7201301231577161,2.5771409501855005,0.2440822495862571,-2.9031061640928066,-2.108523716707003,1.4856069572842407,1.286621417571916,0.8800088919773495
0.7734059034931577,-0.033210421825639824,-0.2801635317734084,-1.9511531811420164,-1.435012174319941,1.0748548926077965,0.7187478203753297,2.578576217951487,0.24462413078277656,-2.903005362234219,-2.104706093574182,1.4825038372174308,1.2922674274233175,0.8867145429713983
0.7733328372764035,-0.03309588778969834,-0.28024105727816295,-1.9511137132871494,-1.4350857831149806,1.0749865118386306,0.7188194106032278,2.578627679292754,0.24450496951514322,-2.902948885260781,-2.1045927724609204,1.482529059146417,1.2922854816204281,0.886644709911035
0.7709364604332059,-0.02778483502653944,-0.2777282023164942,-1.9507687385778256,-1.4364055327907264,1.0736651429944162,0.7181740465396756,2.5812522515629426,0.24538662208024875,-2.9024724314253243,-2.10108403335515,1.4781672902202128,1.2954474536578167,0.8929159181321483
0.7709754849386019,-0.027835376717775785,-0.27771907571617954,-1.9508425882257,-1.4364095592164263,1.073619217510141,0.7182227218495603,2.5811880375920007,0.24548161013252895,-2.902467302513265,-2.101109724018107,1.4781401597709651,1.2954133743221816,0.8928886072971207
0.768539578691379,-0.021881962140193396,-0.2753606771484534,-1.9497656271932349,-1.4377056863981148,1.06512726610739,0.7174603167715958,2.5825716301708046,0.24195346404119822,-2.905561466198135,-2.095256806050214,1.476577113494282,1.2891986098560613,0.8972981403645142
0.768672551751528,-0.02209153548058117,-0.2752167051497477,-1.9499091664911903,-1.4376487903258843,1.0648885678633802,0.7174161950064832,2.5824423361470394,0.24225160253958622,-2.9057046507335897,-2.09542419679217,1.4764537775485589,1.2891303954923738,0.8973391517937236
0.7668332696068634,-0.016709003025773425,-0.2735160711968795,-1.9489401382399918,-1.438923318956829,1.0609048670462338,0.7162349363564071,2.5819373632359777,0.236266822460051,-2.9036040521509143,-2.087996144096582,1.4747436787956414,1.2868917212103383,0.9018654927887616
0.7668677174343251,-0.016729208637426635,-0.27347119110468787,-1.9489780691765553,-1.4388911499122317,1.060819067140898,0.7162367034436918,2.5819042490872883,0.2363442486030491,-2.903647588042975,-2.088036102856378,1.4747361458632395,1.2869118977673113,0.9018593442387964
0.7648793215757638,-0.01227995831661401,-0.2727336025794294,-1.9488635804509968,-1.4405904089323136,1.0649704262188604,0.7144763612157948,2.584525916573937,0.23593163501022138,-2.9038928412078118,-2.083384560721454,1.4712894202141367,1.2953673189725035,0.9089038059181512
0.7648286858313322,-0.012231939517551195,-0.27277015799859416,-1.9488383119297725,-1.440670888378589,1.0650683914636945,0.7145189138907586,2.5846514934501634,0.23582769952288848,-2.9039285106090897,-2.0833348323158187,1.4712281793046573,1.2953362652894684,0.9088212603110911
0.7628928321516291,-0.007690610741903076,-0.27210868021321233,-1.9490921779639414,-1.4425478066231854,1.0678744499026915,0.7135260382596684,2.587564606104881,0.23582184926486938,-2.9047036448066894,-2.079317814004221,1.467438148754559,1.302675703207676,0.915349706779882
0.7628352962082474,-0.007669777353455563,-0.2721680069043526,-1.9491171933977145,-1.442610260990303,1.0680078362210588,0.7136340879439423,2.5876032968866274,0.23574679629480846,-2.9046796368030305,-2.0792698040747863,1.4674187027740548,1.3026001491493402,0.9152423067395246
0.7609001702988492,-0.0023284155086027284,-0.271561719394383,-1.9490193100227902,-1.4442612771915275,1.0638216231749458,0.7136899611610918,2.5886872583256673,0.231403048490719,-2.904036365539231,-2.0720083805577416,1.4650157574098113,1.3001819319714103,0.9192455217125579
0.7609710303282585,-0.002357322158269027,-0.2715500324873125,-1.9490516849744828,-1.4442271474671213,1.0636920366479925,0.7136904853675354,2.5886331709549184,0.23149309203105803,-2.9040492234264472,-2.0720608751881593,1.465015213263287,1.3002215074490222,0.9192381514748683
0.7589336378405663,0.0022868548690025753,-0.2707408574575512,-1.94900918126258,-1.4463075644044712,1.0667351965736238,0.7131594429009769,2.5909072861546885,0.2315416795365063,-2.904004376508555,-2.067343175912034,1.4612978049290526,1.3074575251670535,0.9255752639725368
0.758904166047379,0.002302696379657133,-0.27076906024283676,-1.9490144075498985,-1.446344012769582,1.0667975586973553,0.7131838282083548,2.590950191835639,0.23150894202229766,-2.904007253751358,-2.0673048675370835,1.461280275629027,1.3074330344411529,0.9255529018757099
0.756950730594276,0.00695900319559568,-0.2699337123293609,-1.9492483714078706,-1.4484945948254069,1.0686301411055008,0.713108160765951,2.593376645659275,0.23192763586041362,-2.9044084399331855,-2.063136547577076,1.4574204421938473,1.3139316704477426,0.931632678022332
0.7569038741910591,0.006982940265486858,-0.26998784969272854,-1.9492708395703888,-1.4485574402218557,1.0687590985436164,0.7132186444664914,2.5934075017874187,0.23185558382823732,-2.9043830643253643,-2.063091568806417,1.4574032553125604,1.3138592212899307,0.9315295464088805
0.7549981440732161,0.011879111907441264,-0.26961982288708913,-1.9496403798307524,-1.4507672668057188,1.0707067549040923,0.7132216192119655,2.595812367581936,0.23237330202215362,-2.904487134843957,-2.05835270778042,1.4536051429765973,1.319791522197309,0.937767483924516
0.7549142281988335,0.012018551709889243,-0.26958940313253965,-1.9493667765679012,-1.4511809577314216,1.070951137567933,0.7131632176075616,2.596138661345614,0.2319318370073257,-2.9047389400832566,-2.0583862892791847,1.4532407120203468,1.3194978088696006,0.9377302198244261
0.7530440820255023,0.016909497507411768,-0.26916792961553176,-1.9497737007566236,-1.453530663916371,1.0725184674258004,0.7132387577847785,2.5984288884088134,0.2324868528982508,-2.9046910388369005,-2.0536475127307945,1.4493391141771526,1.3250208733965225,0.9440184889008185
0.7530573596353506,0.016991784183950403,-0.2693123619554591,-1.9497188055312338,-1.4536404579818134,1.0726330968429874,0.7133675680890663,2.5982675607471712,0.23237882941323296,-2.9044770240610616,-2.053571414156624,1.4494004778127978,1.3249397683531337,0.9439696166384286
0.7512213504128752,0.022078958808452526,-0.2691500451908981,-1.9507378486489966,-1.4556974425722082,1.0722595495317109,0.7140964758844115,2.601834874828678,0.23341483910851243,-2.9066609042617735,-2.0493992530222425,1.445403958524103,1.3282923452281272,0.9499220164923924
0.7512423068637482,0.022044556354728545,-0.26912345099542334,-1.9507741893472619,-1.4557201546071594,1.072240813165709,0.7141121613792971,2.601841560354502,0.23345931324782293,-2.9067101517262777,-2.049430674036092,1.445339243206041,1.3282404498939493,0.9498657584931186
0.7495362387370078,0.02618131044094161,-0.2686520372171435,-1.9520154772711522,-1.4580640324027276,1.073676978733938,0.714401379051715,2.604832323296771,0.23458324428475003,-2.906409447517362,-2.045314772374323,1.4411116758786486,1.3336315306987203,0.9560766737575643
0.7494855938233782,0.026295160152367762,-0.268705656626222,-1.9519557244967845,-1.4581280706666238,1.073754288432161,0.7144628577026089,2.6048479757475818,0.23447606322112077,-2.906362579059538,-2.04523060546348,1.4411390755343862,1.333692234974614,0.9560145417970617
0.7482098925256094,0.03235682516204067,-0.26774831990878933,-1.951829991317204,-1.460346298544885,1.0721686255908862,0.7153057139380354,2.6069551374450426,0.2345070666941744,-2.903063638905606,-2.0396337164122715,1.4357788136420186,1.3366493068455791,0.9622852609429189
0.7482268556392392,0.03238831578767229,-0.2677866949472413,-1.9518351732476293,-1.4603689217246882,1.0721567060239299,0.7153416046638648,2.6069561274990583,0.2345091086853008,-2.903049277550357,-2.0396105111654377,1.4357765671693652,1.336674923507735,0.9622407792043841
0.747349181752519,0.0384184698739127,-0.2676409042988822,-1.951722369099631,-1.462534212151745,1.070846167379841,0.7157480968077677,2.6093520224002456,0.23460342529617828,-2.903074763750873,-2.0339044431741904,1.4308911854247492,1.340226809955827,0.9690304047267457
0.7473256981908365,0.038437115799473745,-0.2676562670624913,-1.9517376019675936,-1.4625956123029826,1.070902877439218,0.7157939640640378,2.609400023820088,0.2345726971348681,-2.9031099380001932,-2.0338769372076584,1.4308356224171488,1.340186786431095,0.9689471047131274
0.7467977004350093,0.04413522610475932,-0.26753899912432483,-1.9517150271521313,-1.4647399128503091,1.0656255081645674,0.7161362015744753,2.607544065389167,0.23044140118232445,-2.9035687602155433,-2.0283192501009286,1.428331193979875,1.3364394628225167,0.9731048174455861
0.746932032016335,0.04400916974305294,-0.2673935929083002,-1.9518210859821807,-1.4646775834256145,1.0653953832318128,0.7160823868237886,2.607323356211752,0.2307354844100361,-2.9036005352371306,-2.028443561873929,1.4282853923400836,1.336363513523962,0.9731921815651103
0.7462775367085956,0.04837062589409808,-0.26858019552973933,-1.9525622673414185,-1.4674179138299979,1.069187692624155,0.7149828065233172,2.6092805940129136,0.23083784519214487,-2.904056296805531,-2.023489173724515,1.423890956559778,1.344266871001267,0.980762258958299
0.7462224406124749,0.04845904762452565,-0.2686419988983858,-1.952523191249139,-1.4674871855028548,1.0693091931106171,0.7150627842769659,2.609315565739069,0.23071885810574583,-2.9040116393701547,-2.023407291905211,1.4239093255913038,1.3442750968127657,0.980678955880993
0.7454016094892976,0.0556771094864521,-0.2697542126918187,-1.9519543463325522,-1.469625584887472,1.0686834266331644,0.7154664447954564,2.612667633153263,0.2304680415626041,-2.9030281813218477,-2.01753761060805,1.4177369275986142,1.3489580730041513,0.9877368705461294
0.7454287215906776,0.055672112944224125,-0.2697211410494237,-1.9519983786068622,-1.4696073658076867,1.068622164970012,0.7154903432193831,2.6126511025376566,0.230545928259779,-2.903061676624446,-2.017546537426534,1.4177273271181692,1.348971818853622,0.9877148137425604
0.7450844633723988,0.061217306951631495,-0.2703598789917726,-1.9518107668923597,-1.4718519534866332,1.0636130283410685,0.7156377642412505,2.610869178862761,0.22703609711261288,-2.9035678845611597,-2.0128709101162117,1.4155705485564816,1.3459467710181705,0.9917079240468305
0.7443444930101373,0.0643084304353992,-0.2715342301939757,-1.9532802299099095,-1.4737851136770286,1.0691921646888696,0.7147084299436032,2.613453185347614,0.2283879912848592,-2.9043474587916833,-2.0091802570822925,1.4112798076031206,1.3546983335149727,0.9983759668064178
0.744276686312733,0.06438935420197177,-0.27160079235008094,-1.9532487365498266,-1.4738425036505043,1.0693183774902677,0.7148143746087289,2.6135180908388675,0.22828081743047776,-2.9043046677722697,-2.0090780360061826,1.411315876334443,1.3547017533239685,0.9982457692204373
0.7432265442965444,0.07047182968555077,-0.2734816423466142,-1.9548822130530388,-1.4758258063856553,1.0696382177506722,0.7157185850268235,2.617968344612804,0.2294232424822807,-2.9080942353826074,-2.0054597624162884,1.4060350744520522,1.3590990913532217,1.0050179447571452
0.7432201453273352,0.07053537976410411,-0.27358537288829443,-1.954852328628118,-1.4759224265398974,1.0697401499084058,0.7158210059093683,2.617989621464017,0.22931946175583143,-2.908028125041092,-2.0053950453181826,1.4060209946534878,1.3590902905520468,1.0049492218152125
0.7424783195278042,0.07734565804637288,-0.27371283013599274,-1.9547942600009507,-1.4779026196413594,1.0692812415760395,0.7162142507240038,2.6202697928590255,0.23021644108029682,-2.9027039530156173,-2.00134090519145,1.3997100513267566,1.363425062993108,1.0126528124973806
0.7424392584680659,0.07740281219313999,-0.27375089678373415,-1.9548254694181277,-1.4779733249896883,1.0693424760790409,0.716272669566243,2.6203036776241686,0.2301895290381092,-2.9027036702482656,-2.0012775879890334,1.3996695901312526,1.3634151734980429,1.0125664315089606
0.740893423483099,0.08446344816062988,-0.2734994057712206,-1.9548051818937786,-1.4799405728595643,1.068982154530806,0.7155240329290844,2.62294979372314,0.23106002464679193,-2.902627042444562,-1.9970108932028299,1.3933259780803209,1.3683305038474045,1.0217004692015548
0.7418278062965301,0.08452780794618556,-0.27459566164378973,-1.9545385342913577,-1.480079987808445,1.0685647024412446,0.7157789743766318,2.622762028878567,0.23097908570933925,-2.902139160299036,-1.9970287311279573,1.393370944802537,1.3685303963967266,1.0216665539086385
0.7403625805239588,0.09100864574933912,-0.2758604667673922,-1.9560093087611885,-1.4819810688319888,1.0679500019487669,0.7145407896873893,2.625216163616001,0.23172935540469905,-2.902124221069411,-1.9934838966058976,1.3870333851060201,1.3733904783020467,1.0311424093918458
0.7403307041982522,0.09108960805600222,-0.2758831730601929,-1.9559656892013857,-1.4820492190458943,1.0680080203701774,0.7146620793312068,2.625193901133265,0.2316675084452077,-2.902071511749579,-1.9934128979943053,1.3870514090605364,1.3734205077802697,1.0310208888335402
0.7407079226878723,0.09939546520431151,-0.27708349261443865,-1.9550947093206585,-1.4837600068259018,1.0569407820778252,0.7148165757462086,2.6238820983402844,0.22725307125665392,-2.902678498027028,-1.9875820783025406,1.3855118361270475,1.3646416800197598,1.035960862999877
0.7409925533984314,0.09909655502723273,-0.2770054515415279,-1.9553562285464496,-1.48359370730592,1.0565985822999844,0.7147526995838622,2.623763289870027,0.22775504764155127,-2.902846526937971,-1.9877622661622574,1.3853968996055384,1.3645154140328422,1.0360450175816605
0.7405455509989579,0.10379389378170017,-0.27884563740065715,-1.9573107540249806,-1.485833899588823,1.0635567485051154,0.71254343873538,2.627053684906788,0.22913663646559523,-2.9053646284041723,-1.9848170302638153,1.37911795543848,1.3766015791860522,1.045486081037643
0.7400269846960742,0.11121690656201895,-0.279194749615267,-1.9556218806770085,-1.486638133117605,1.0588051193538264,0.7142304305432075,2.627455638366109,0.22182182810644513,-2.904451155219543,-1.9779517885251183,1.3773667942378005,1.3731414983172072,1.0468519000086263
0.7400621379333104,0.11131623317900452,-0.27916861459872994,-1.955518614869277,-1.4865992411010074,1.0586861351451922,0.7141559112835821,2.6274985397383652,0.22180288930281702,-2.9044820537711966,-1.9779303440873075,1.3774061909569515,1.3733385426941978,1.0468846296930485
0.7391684824447842,0.1184959293907739,-0.2815680483848926,-1.9560905685782324,-1.4880132087018572,1.0645125092889598,0.7155335042190591,2.6304132338698474,0.2211486351497998,-2.904310232728643,-1.9733692919995502,1.3707717075007086,1.3840835938941956,1.0531114819090053
0.7391617951476401,0.1186192516873667,-0.28176322096316725,-1.9559813509932038,-1.4881089796647347,1.0647057787822123,0.7157316444236894,2.630452248107929,0.22091396280579578,-2.9041982915528886,-1.9732746607986253,1.3708302280529234,1.3840867666237437,1.0529895124231943
0.7389428544249316,0.12503568117060174,-0.28361849097746716,-1.9576502927734984,-1.4889627680628867,1.061433977992472,0.7190258203275841,2.633587347999819,0.21675172405769202,-2.90691495986696,-1.9680241585261489,1.367508016416516,1.382058784601091,1.0551342604235492
0.7390315051042617,0.12486511705046806,-0.2835379335108335,-1.957805935214091,-1.4888987512194192,1.0613079647792658,0.7190120679676426,2.6335262381675366,0.2169915465149355,-2.907021070314144,-1.9681290137955225,1.3674299308116975,1.3819414158267755,1.0551486494881563
0.738538392188718,0.13175627812383012,-0.2860525928081541,-1.9585047322850313,-1.4905087563922907,1.0660779920039887,0.7210510271353658,2.6352723551060797,0.21684875998684414,-2.9030985143523016,-1.963073525115769,1.3609277861264932,1.3918542894502197,1.0611018641115755
0.7384844074150619,0.13189107794044294,-0.2861995177492911,-1.9582118647335085,-1.4908546163919385,1.0663338533987505,0.7210767881717343,2.6357901079436483,0.21633692512529235,-2.9033256883073872,-1.9630520701904322,1.3606410807943004,1.3917520681168618,1.0608882788409728
0.7386944604027366,0.13935312498878696,-0.289640638670813,-1.959586437721731,-1.492727334753784,1.0665775358692817,0.724285076262961,2.640811051345804,0.21677101604138638,-2.907910210230878,-1.959321191181659,1.353959974175703,1.3976531916538735,1.066571018434832
0.7387636212754465,0.13942793748124985,-0.289731864817123,-1.9594956100250445,-1.4928155447372025,1.0666010391052967,0.7243277182144625,2.640808314106471,0.21667655642802564,-2.9078904119731392,-1.9592981579773194,1.353915785207495,1.3976970183039266,1.0665192356263287
0.738747472706435,0.14625319826350935,-0.291085480790929,-1.9600670902879385,-1.4942910621952732,1.0622101390262562,0.7269182349268101,2.6386427427471544,0.21257429134051808,-2.9034533191535563,-1.9543480928946477,1.3507918940931036,1.3944447724459594,1.0693028534227298
0.7388898439161143,0.1460917804145672,-0.2909526946835546,-1.9602549783970138,-1.494171039077998,1.0619461037203337,0.7268170201132026,2.638542033542954,0.21294766089010642,-2.9035812991632493,-1.954460193400882,1.3507072930832413,1.3943969421862128,1.06940595129873
0.7381305185482002,0.15337994293165505,-0.2928383385270974,-1.9600706294889911,-1.4963930785840678,1.0670484494681285,0.7276890130047073,2.6417883451095947,0.2128959550401186,-2.9043818407947946,-1.9497293732958492,1.3432009588237617,1.4053256958539675,1.0768388202643453
0.738084613520073,0.1534865879621834,-0.29287705025470184,-1.9600183623513567,-1.4964784422355506,1.0671333294990566,0.7277783286256981,2.641800291442123,0.21278777946796745,-2.9043426196660165,-1.9496506666216853,1.3432036915965155,1.4053704046465743,1.0767531787296454
0.7379871788282703,0.16276022077791946,-0.29563197752739845,-1.9596885048993928,-1.4980683444686378,1.0672881224590403,0.7295704986750169,2.6463380318917635,0.2126540370026757,-2.9027656001672817,-1.943708121162224,1.335107331169433,1.4121345580378586,1.0851907304921709
0.7379052932199114,0.16294507466253016,-0.2957301031239834,-1.9595695406858242,-1.4982246449838557,1.0674207079808493,0.7296503135640524,2.6464813740385464,0.21242187232186877,-2.902749931129551,-1.9435839844610312,1.3350699170187976,1.4122394737742336,1.085065855101137
0.7379630629542643,0.1719612414647682,-0.2977939321828595,-1.959402584162292,-1.500151821950158,1.056986598175996,0.7312333473154373,2.64966847741414,0.20939194112697446,-2.908899791047442,-1.93811973591915,1.3329847517737972,1.4041396629979062,1.0901653538436176
0.7381870447113777,0.17166982471869519,-0.29759131459101285,-1.9597063829156807,-1.4999936302719403,1.0566273581585925,0.7311085711794723,2.6495902297553475,0.20995347359774305,-2.909138798030516,-1.9383093224869261,1.3328074030860737,1.4040003034831576,1.0902736197387093
0.7388062987527925,0.17635347988639782,-0.30074288440846714,-1.962314102856281,-1.5026002469242783,1.064946142722979,0.7290306748303647,2.6521942140960775,0.21102746112541515,-2.9044056125536546,-1.9328228400752216,1.3239464607218958,1.417331461475193,1.1013093050837552
0.7388502368150044,0.1764006459100229,-0.3009498130924105,-1.9621939428656712,-1.502703655549286,1.0650738130119315,0.7291556353857072,2.652186336455509,0.21085111368713585,-2.9042931326307975,-1.9327508279279144,1.3239712732682563,1.4173041278343774,1.1011969459948525
0.7384900849613276,0.18878218439516903,-0.30265390716498747,-1.9583660626840536,-1.5039063982105285,1.054488345012679,0.7315700466047209,2.654984193197444,0.20426957322911085,-2.9079094193929764,-1.9263608943346786,1.3217931259074116,1.4102543765621494,1.104077781086654
0.7386193717717595,0.1885332642391035,-0.30255162185546447,-1.958622794575659,-1.5037420540075361,1.0542681394619302,0.7315493209544877,2.6549447325759843,0.20468308797725132,-2.9080572172313084,-1.9264938174046247,1.3217379293785896,1.4101006407842545,1.1040598272240207
0.7392729728702796,0.1940475374997589,-0.3053481834542848,-1.9604163086817925,-1.5060335763564885,1.0612732737014072,0.7320550490280999,2.657410415327329,0.20472314367746716,-2.903787383653382,-1.9210993569221142,1.3129987700287198,1.4232560071819582,1.1128026012276404
0.739202126562328,0.19403076669994304,-0.30540892741316844,-1.9604031528555865,-1.5061204691082124,1.061465830127187,0.7322354342407196,2.657445515330791,0.20459356922244148,-2.9037577403390067,-1.9210656923208262,1.3130077271454559,1.4231368417240762,1.112620566402138
0.738704015081467,0.20506566867253295,-0.3082276166060031,-1.9585015775455625,-1.507365528479062,1.0615928887564967,0.7349490091611459,2.6626541792116747,0.20428047732620402,-2.903123942103014,-1.9142123081921294,1.3042670942486174,1.4310523537923294,1.1204795415959445
0.738826090562351,0.20516051885052095,-0.30837448585534094,-1.9584076883882402,-1.5073798293537044,1.0615915686067414,0.7350986459985283,2.6625837122732423,0.2041966597165908,-2.9030410674737297,-1.9141913519527918,1.3043146059228592,1.431143329375605,1.1204041346985882
0.7393056744392863,0.2142260998536818,-0.31205606416342613,-1.958566285192267,-1.5096189844095875,1.0618219611206412,0.7380077471099965,2.668127502905746,0.20559226862322996,-2.9080474819086555,-1.9102664032414918,1.2971327529281713,1.4387069939311927,1.1276960502863906
0.7392833155855951,0.21426451366269417,-0.31210423149756883,-1.9585849734583254,-1.5096735107880728,1.061847237847486,0.738001001284897,2.6681988550269278,0.20557432269512052,-2.908058725097884,-1.9102230617852225,1.2970917690577046,1.4387066266806512,1.12766698753751
0.739884101107793,0.22343261065592762,-0.31509421957325234,-1.9582395661415246,-1.5116107909268925,1.060522909912303,0.740534073812036,2.6723958412197777,0.20676933901057032,-2.9027451009283154,-1.9051670372605882,1.2886034510353672,1.446257715731965,1.1365090285649047
0.739879879082939,0.22350813115953738,-0.3150973500347993,-1.9582342501370624,-1.511662442978482,1.0605044227848697,0.7405773867880341,2.672380046479462,0.20677274632598627,-2.902742994422463,-1.905117076578606,1.2885756479806842,1.446317436548742,1.136465383502685
0.7393115274122898,0.23269876728561856,-0.31763963739350903,-1.9595147820661272,-1.513187554970423,1.0602477695251906,0.7421045540293265,2.6765303342741826,0.20773461307987773,-2.9027300514899115,-1.9003583195276728,1.2798636214416048,1.4534451819178167,1.1470794383863674
0.7411257074202107,0.23299621738394105,-0.31971264049985154,-1.9590534812163234,-1.5129470708184782,1.059915959869795,0.7423490139326043,2.676181149326814,0.20753675504216712,-2.9021726165263395,-1.9004197019985503,1.2799484345546472,1.4537500874759264,1.1470057855570175
0.7408146378161845,0.24359663822052713,-0.32010273337260664,-1.9580201095238683,-1.514211005720833,1.0475247307037712,0.7437208897953888,2.6754221360331,0.20379337555323873,-2.9026442548845965,-1.8939589045383607,1.2781950676425728,1.4444599863444847,1.1530769350749166
0.7415215803756348,0.2436126615446448,-0.32076466085649163,-1.9579935458203988,-1.514011244747503,1.0473658490805806,0.7437565463598124,2.675260282371305,0.20395243146479006,-2.9025398723780595,-1.8940165974929568,1.2781827556580632,1.4444888506897944,1.153084913537452
0.7454880248040102,0.24790425775935337,-0.32642289398115043,-1.962995653770552,-1.5144745588937973,1.055119195752289,0.7428199954664223,2.681609755046013,0.20557403657889858,-2.9023671041868,-1.8903105756535004,1.2667207336164623,1.4596990515708252,1.1656855395524965
0.7456747621323702,0.2479900907602373,-0.32683753963452944,-1.9628403331696875,-1.514510769788626,1.055305489524637,0.7430017771676216,2.681644982581711,0.20535929724331467,-2.902285103670826,-1.890233523122954,1.2667582119334686,1.4597289493708392,1.1655851730990332
0.7476327989904634,0.26246738128209707,-0.33123992286160253,-1.9584966906418888,-1.5142339938431864,1.0450563550129757,0.7469653731861178,2.6812900315811232,0.1980286941683017,-2.9024556401050834,-1.8827768225098336,1.2639594007260417,1.4526617375233615,1.1690228223163495
0.7481849904734882,0.2624035858811463,-0.3317942144169091,-1.9585890569573292,-1.5140075366152377,1.0449718991542534,0.7469779361889882,2.6812271847365645,0.19825774462402213,-2.9024262423253306,-1.882850009621699,1.2639497707505363,1.4525660448056816,1.1689574055313645
0.7519524679540045,0.26611125099964855,-0.33671436807323557,-1.9624493257685605,-1.5159705695040995,1.053666395596132,0.7469317296101765,2.6852935756164493,0.20228835213224267,-2.9024972934322557,-1.880333425384642,1.2533504594430303,1.4682734125477126,1.179063011001175
0.7518776011463637,0.2661823602868954,-0.3367575675019956,-1.9623283346919114,-1.5160593454106914,1.053774537807575,0.7470270364089828,2.685309117109561,0.20210284018430158,-2.902450255252932,-1.8802731424700825,1.253378824211759,1.4683163985147816,1.1789709454494954
0.7541307752674409,0.27561460837341356,-0.34088359997073253,-1.9610518733105824,-1.5161638951888772,1.0508097112400274,0.7504879838190283,2.6888269557925173,0.19560482524581055,-2.9060216602214473,-1.8746246537872966,1.2510979502891888,1.4662805968332855,1.1802533442185348
0.7570204259123634,0.28336778875485186,-0.3468224638013608,-1.9635514308864725,-1.516142719307792,1.051651411368593,0.754093232771289,2.6928438117103344,0.19785304588534966,-2.9017951383901517,-1.8711851438266753,1.2419846339934077,1.4743501029540103,1.1891276535327926
0.7573934036770449,0.283333263614499,-0.3470442790246536,-1.9636116043503637,-1.5159490535048956,1.051520580614587,0.7541325193570911,2.692674092406581,0.1980597446331783,-2.901762789448796,-1.8712660866569824,1.2420011799942807,1.4743003168526656,1.1890496229661804
0.7603246120366002,0.29430796921680136,-0.35378629896880215,-1.9642796377489244,-1.5165640293269909,1.052049710845582,0.7580787748392691,2.6973388524368453,0.19911601834033582,-2.901832218697068,-1.8654939144703069,1.2322346099950783,1.48205296437585,1.1982440313873237
0.7602961923644016,0.29436630034478883,-0.353816464600393,-1.9642603498377609,-1.5166216822257104,1.0520854022990722,0.7581839777420565,2.6973430201090864,0.19907644866907734,-2.9018232256315057,-1.8654381662637993,1.232227127409503,1.4820716944209709,1.1981400197037797
0.7652392790108583,0.3057652783946507,-0.3605494660513472,-1.9631216247907084,-1.5174141747361256,1.0409864092827275,0.7623818655622473,2.701248282008828,0.195886969693866,-2.90788403932897,-1.8593332027059974,1.2309308511398322,1.4744901613623431,1.202264288535026
0.7652804060953748,0.3056759350837532,-0.36054192911812605,-1.963279747971828,-1.517429399332272,1.0409624530556516,0.7624200622372633,2.701240585444301,0.19608873112640052,-2.9079433559742656,-1.8593313006535042,1.2308533366010237,1.4743382588356169,1.2022341085746755
0.7686649132770385,0.31311904873348956,-0.36680906878839836,-1.9661166126032494,-1.5188464281511127,1.0504090848883418,0.7631321734258611,2.7070624454970593,0.19805662661361134,-2.904767150668875,-1.8538741233727647,1.2180961306595048,1.4898360825358583,1.2133687720689867
0.7686025596396716,0.31311906139443074,-0.36682439831610225,-1.9660580596220874,-1.518940241763738,1.0505158931613712,0.7632622064756853,2.7070650454069356,0.19797006941919543,-2.904751444262583,-1.853816362231241,1.2180973789350293,1.4897949162352182,1.213259185440667
0.7712738743297415,0.3282811672490696,-0.3721090021691093,-1.9610131933218535,-1.5191028037444367,1.0402638750069813,0.7681820525799217,2.7104485062997594,0.19167814303547306,-2.907870515306605,-1.8475240322406967,1.2164389627274352,1.4825432018506712,1.2154446086749153
0.7714325470551858,0.3281147896311283,-0.37201395716504504,-1.9612749516157848,-1.5189558691564153,1.0400165700332342,0.7680362718244725,2.7103821273482436,0.1921328218326492,-2.9080016131964515,-1.8476089091767447,1.2163506154410804,1.4824410983300464,1.2155852076766913
0.7752179478601743,0.3349362949995501,-0.378316766942006,-1.9646276588469482,-1.5199365050009863,1.0496131503627948,0.7696580168589908,2.7158974981150523,0.1939958046007536,-2.9043948172925487,-1.8427755208467007,1.203385051210912,1.4982751805125365,1.2259496263492502
0.77507290754829,0.3349667194444818,-0.37839945041160805,-1.9645072227039198,-1.5200991728685693,1.0498982571637276,0.7699500150502079,2.7159570610422294,0.19370451172926598,-2.9043280673507037,-1.8427010138182358,1.2034297177462108,1.4981696871856491,1.2256857122677098
0.7779614829435025,0.3502326216586615,-0.3837823455073461,-1.9597198886794334,-1.5190787313158858,1.0397958208451847,0.7752048768565263,2.7194652531316366,0.1879289486287298,-2.907868167688222,-1.8363749232196989,1.2019996331905174,1.4910646162845385,1.2274470441223895
0.7788001750863974,0.3501344306347583,-0.38392005434293086,-1.9593209613125335,-1.519183656310241,1.039551480114761,0.774910625769052,2.7191769154487093,0.18771553877753247,-2.9079797448795026,-1.8369214176251332,1.2013582003533252,1.491026137872546,1.227494626195705
0.7818060477158565,0.3581216232477564,-0.3899616306506112,-1.9613188554498424,-1.5204052565195785,1.0484247150104573,0.7770843511471943,2.7250885928974857,0.1896924848627969,-2.904482150442365,-1.8323957972411007,1.1881074769895823,1.506544907305325,1.2375849781367976
0.781813243705427,0.35805868526426476,-0.38990734027369134,-1.9613679254101815,-1.5203743901370423,1.048420425936927,0.7771677332544918,2.7250478109397314,0.1897809055598685,-2.9045119211603936,-1.8324095168367058,1.1881212281953406,1.5064931241594468,1.237524550766468
0.785485420641985,0.36953674743655507,-0.3950707868066461,-1.9578496401427892,-1.5198045044305517,1.045311004349427,0.7815640790199357,2.7277092245590695,0.18340925318086443,-2.9059386158876217,-1.8262542832659332,1.1845837572802902,1.5048891655019125,1.2387680275848678
0.7878169814367522,0.37005900959671945,-0.3977938492464655,-1.9575424074931953,-1.5187855079939858,1.0454298391039138,0.7815583905446729,2.727444917049934,0.1833494298224078,-2.9055962348893845,-1.8264270188519647,1.1846302248092233,1.5051412545612703,1.2388435698697853
0.7907682253017857,0.3795207564739057,-0.40449172784077597,-1.9569801495520212,-1.518431421692875,1.0455637800584852,0.7850274323929771,2.732765117948816,0.1853980074056659,-2.9020334956199196,-1.8217571763768226,1.173764929820007,1.5146156101805643,1.248131617863455
0.7962938967516981,0.3904245566259108,-0.4146525176787293,-1.9555342210145663,-1.5165275741121864,1.0463636426659313,0.7884256569665531,2.7370795381863293,0.18505703365226037,-2.9020956138359892,-1.8163099726245628,1.1648349369139506,1.5219612888015013,1.2557705752622432
0.7961655153497329,0.3906235082956049,-0.4147846030088797,-1.9553169256171437,-1.5167144043336593,1.0466062858719491,0.7887755755206802,2.7371442975228524,0.18464742192280986,-2.902018227279063,-1.8161992102178042,1.164873784015977,1.522075546676767,1.2554210263739587
0.8021859412476084,0.40320297652842557,-0.42441778550944065,-1.9534772621351564,-1.5146461333040466,1.0353321818502328,0.793669431556761,2.7366489342932216,0.18104434331791094,-2.902001615617007,-1.8095792967401882,1.162579298569093,1.5142898244566043,1.2599929672074226
0.8022976013912252,0.40301950674961917,-0.42436032879271934,-1.9538307475827086,-1.51447190736752,1.0352433538638952,0.7937107350912218,2.7366549824034454,0.18153949664070185,-2.9020861703850405,-1.8096087607384737,1.1625880551514385,1.5140315238775894,1.2599529050957206
0.8083449453831669,0.4118068816066386,-0.43371051836734736,-1.9541144265669366,-1.5155225499927565,1.0461913385433437,0.7952850913893657,2.7418365938271645,0.18215363890180883,-2.902314110860045,-1.803527123387395,1.1482299913737177,1.5297913715111975,1.270229034535603
0.8083249221253533,0.4117731877109167,-0.43377521578944356,-1.9541270699694175,-1.51553368659256,1.0462971773517178,0.7953872913716156,2.741900912318204,0.18213616131287272,-2.902303726536862,-1.8034953849762705,1.1482758339859627,1.5297104844030216,1.270114307130731
0.8125529251296406,0.4249909824039063,-0.4424532638209866,-1.9524383170447848,-1.51470424154829,1.0485307688323953,0.8001434340098521,2.747296362979694,0.1817921905671826,-2.9018519140749386,-1.7972472686498413,1.1363347400412755,1.5378504340867183,1.2796084732333401
0.8127360335954429,0.42525583971889086,-0.44303134642686137,-1.9521330594905497,-1.5146870877142498,1.048905028101798,0.8005643340920272,2.7473368261495175,0.1812607804091046,-2.9017710641920273,-1.797204060484812,1.1364323102221265,1.5380030970088963,1.2792436968382652
0.8190213773837641,0.4372757817095693,-0.4517151730190197,-1.951563666527539,-1.5120730625260763,1.0396797495208374,0.8062363386873815,2.7481430406565233,0.17928461833278672,-2.9034379497430627,-1.7911848086420916,1.1344998515357239,1.5298320627944693,1.2834417974061678
0.8190435916154023,0.4371108376972731,-0.4516551457597454,-1.951773184808911,-1.5119223237366786,1.0397030688680544,0.8064343469273718,2.748145303954699,0.17953771859465648,-2.903491879831947,-1.7912311237101335,1.1345931381245118,1.5296275602516007,1.2832471616392302
0.8285779903606715,0.4448361184509263,-0.46441125754557827,-1.954849802475552,-1.5115314206877781,1.0495095518285387,0.8098362597055204,2.753533938327564,0.18210531269871444,-2.902276735505025,-1.7865492260655451,1.1210158812874793,1.5438942432262808,1.2922068570147933
0.8285134828247692,0.44483724798815294,-0.4644957133470076,-1.9547622236184101,-1.5116576597630789,1.0496708422030214,0.8099199054453966,2.7535861067816176,0.18193191624113667,-2.9022445615058685,-1.786505523323931,1.1210155684667795,1.543835682732389,1.2921243723184663
0.8346375778978461,0.4576644366999519,-0.47540527137309013,-1.952672881240988,-1.5099840066135142,1.0425545132753675,0.816528217497651,2.7581482497374026,0.17855771299776763,-2.907315081099888,-1.7806595359129163,1.1201960517153144,1.5367995437198243,1.2923309993360659
0.8355546781057883,0.4577635869694035,-0.47634966081588437,-1.952764770324238,-1.5094188427984752,1.0425976975533384,0.8164640273848723,2.758117667027894,0.178807425601132,-2.907318609242098,-1.7808100204301904,1.1201779883818692,1.5367607431954384,1.2923247864779142
0.8460510348955583,0.46514280786341416,-0.4907919772688736,-1.9561277506295212,-1.5085174972419912,1.0525773689887254,0.8210988978346457,2.76348839596358,0.18077005778162,-2.902032518843568,-1.7753663837349765,1.1066664527117545,1.549579746869336,1.299930692201402
0.8459605721768704,0.46506926856391306,-0.4909002198057795,-1.9561117337926504,-1.50864613365987,1.0528261009568984,0.821295152521749,2.763578079598557,0.18062341440540874,-2.902014186827684,-1.7753363653446625,1.1067017903602476,1.549386026508798,1.2997227038144687
0.8529301026619251,0.4800025497514025,-0.5010118379989412,-1.9504605211472699,-1.5043276784626842,1.0457379338927444,0.8280457385366553,2.76415914153301,0.17640486877857164,-2.9019680871319933,-1.7688422939064274,1.104583315635064,1.5434048495238641,1.3012669407954818
0.8529421248958456,0.47997300893080747,-0.5009763011902751,-1.9505495550744407,-1.5042206592481855,1.0457210692267438,0.8282011981510863,2.764152580081067,0.1765244766882499,-2.9019988312276808,-1.7688558202214049,1.1046479847651576,1.543378797227889,1.3011130289988952
0.8635280194695276,0.48738427065019285,-0.5150895038860227,-1.9540935469264764,-1.5030948570901135,1.056491471206901,0.8326699965992184,2.7695606718920502,0.17888593842880285,-2.9021773971306577,-1.7641768573925085,1.0907731936430494,1.5566925932802362,1.3092139726338072
0.863434431169706,0.4873686414281913,-0.5151160839980465,-1.9540221283860442,-1.503199129921156,1.056679154404685,0.832873179270424,2.7695811730548425,0.1787046759686314,-2.902155481063843,-1.764154835040987,1.0908047657048567,1.5566091548955048,1.3090315626549704
0.8703641380157544,0.5014663457703668,-0.5258305657815283,-1.950228539761304,-1.4987245914461207,1.0503116996367003,0.8394044608742204,2.770742540414168,0.17461467192989885,-2.9030689170305286,-1.7581486399105364,1.089331721251652,1.5493226187320615,1.3109218830918938
0.8705319775056627,0.5013436006284052,-0.5257166328527465,-1.950574501413906,-1.4984328229156623,1.0500497237544695,0.8393061282619961,2.770705686058345,0.1751755522177292,-2.9031660107145676,-1.7582203077364,1.0893448425941121,1.5492281904046374,1.3110158567850205
0.8779079231528814,0.5085171930825358,-0.5366825308722601,-1.95339892845504,-1.4973729142220642,1.0605901795454429,0.8434716754552167,2.7761575358656203,0.1758211520563832,-2.8993245527824385,-1.7516398444289887,1.0754820058296992,1.5616481114546092,1.3211329483053653
0.8777416867907246,0.5085324674738168,-0.536815720943673,-1.953193002592503,-1.4975439742989471,1.0609385441383592,0.8437810326094778,2.7762484372826473,0.1754019794352788,-2.899260144550937,-1.7515873975223026,1.0755784754998117,1.561583364160434,1.3208284930506549
0.8838137329179229,0.5228714741808594,-0.5460690669121996,-1.9462016738840178,-1.4934855249470669,1.0538969225920736,0.8499598745251951,2.7778290522368487,0.17108983346249157,-2.904002797619149,-1.7461412569970345,1.0754000363008291,1.554562102723738,1.3197112386856407
0.8932677112553308,0.5254961918320525,-0.5567685794115387,-1.9514173421177259,-1.4941007577766865,1.0655142293621533,0.8530100960915302,2.783155411769855,0.1758352285732355,-2.902037731922859,-1.7443047367649613,1.0628194417203476,1.5684864469817628,1.3264936921273014
0.8932037717046482,0.5254343471099717,-0.5567196825311709,-1.9513999183227613,-1.4941099407427565,1.065647568387333,0.8532008969677182,2.7831264645293836,0.17577101351116006,-2.9020277889930526,-1.7443093998131023,1.0628719320357443,1.5683807722288798,1.3263482750815447
0.9003965871717188,0.5383736745262139,-0.56786235916839,-1.9490813324883831,-1.4894178721797833,1.0606093639284824,0.8609281584082065,2.7850751029814163,0.17321247012983398,-2.903069990108778,-1.7382753120902272,1.0609949007280282,1.5617398402993867,1.3271672934969392
0.9004377983608289,0.5382324923864792,-0.5678303780863936,-1.94932349063428,-1.4892474824882829,1.0606181682072344,0.861073507575835,2.7850987485145566,0.17349131097414222,-2.903136331834275,-1.7383294569046426,1.061077287368988,1.5615411014989755,1.3270214422881519
0.9107551420875157,0.5450855947290388,-0.5816089645706781,-1.9520376623583748,-1.4882848183610413,1.070675560828832,0.8664504520641163,2.790605604930344,0.17575536666308783,-2.9017555677036713,-1.7338999278020124,1.0485895005404777,1.5735070694500681,1.3324798076385418
0.9106326272084725,0.5451576815703568,-0.5817006738461992,-1.951807731665676,-1.4884695834250157,1.0708935398540504,0.8665975395619128,2.7906562607833805,0.17536318607652132,-2.9016939528671974,-1.733851129017489,1.0486115830349587,1.5735496488547516,1.3323343558892293
0.9175971561365888,0.558418428931887,-0.5930922002790386,-1.948465163831909,-1.4829341222664465,1.0664965789076053,0.8741416335933039,2.7914698001490335,0.1726100916690087,-2.9019044242883725,-1.7276777443482068,1.0470893680689828,1.5667071279521279,1.332512306440505
0.9176911538278354,0.5582745475876199,-0.5930195448820789,-1.9487617324262416,-1.482704624812159,1.0663989164338754,0.8742066551854547,2.7914673657382743,0.17301419443914495,-2.9019842700982723,-1.727745394699029,1.0471527407031702,1.566537737456649,1.3324437139968894
0.9250335769945183,0.5655240736345267,-0.6040500813250668,-1.951216739947493,-1.4814355408923772,1.07686210188136,0.8794908059474972,2.7968816466944686,0.17400828259761852,-2.8986579240891115,-1.7211470965428917,1.0345278682652328,1.5774894536272193,1.3398838139634874
0.9249373833019487,0.5656320647681657,-0.6041078142113974,-1.950961668651503,-1.4815194565200107,1.0770118888774753,0.8796433050777217,2.7969101811810324,0.173631986045401,-2.8985915939634053,-1.7211166275059266,1.034598642212836,1.5776358928929626,1.339735145352745
0.9261166348688924,0.5781356490723578,-0.6103292326906015,-1.944858038276555,-1.4777825887016993,1.0711414704255247,0.8860157677597109,2.797718273305386,0.1698363745716919,-2.9033321469497793,-1.7161792712476776,1.0352678779953366,1.569222432133174,1.337001238697535
0.9347181479011184,0.5823748390154796,-0.6194289496782583,-1.948210974831452,-1.4753402183419624,1.07482012915412,0.8911287185905296,2.8013255439634155,0.16978365852534053,-2.902126660165099,-1.7115653145901695,1.0304765354834005,1.5709296696263606,1.3390385516296235
0.9348941225735622,0.5821855463977311,-0.619308581645449,-1.948487417323395,-1.475039288405812,1.0747011116865217,0.8911341748465499,2.801347372592288,0.17019775015565658,-2.9022600134835987,-1.7117166136072122,1.030483024520806,1.570805333026453,1.3390175533142057
0.9417385450937156,0.5916609354072793,-0.6305975596703796,-1.9464702252632375,-1.473224295337557,1.0778415943507074,0.8976615607733391,2.8052290728068106,0.16713502241381228,-2.9047641759246035,-1.7057513378167015,1.027011645394464,1.570115471836095,1.336398376037221
0.9417278309142348,0.5916377707446182,-0.6305849751943672,-1.9464765376295694,-1.4731898439106828,1.077897128477054,0.8977255188217067,2.8052380882170604,0.16711076581552564,-2.90476028619988,-1.7057753886989402,1.027051728319408,1.5700754795696614,1.3363475241669174
0.9492024971782391,0.6010775986563994,-0.6411660795359844,-1.9447337876434134,-1.4705700817729817,1.0891103370599522,0.9041368407684923,2.8107545286756834,0.16739218855395296,-2.902350840425078,-1.7003950958252119,1.0148109798669955,1.5808249039296445,1.340353202723214
0.9490679219998218,0.6011200178459948,-0.6412220669502022,-1.9445517087500632,-1.4707118120951104,1.0893571752896556,0.9043477623600827,2.810773561155057,0.16703989697995922,-2.902302333141005,-1.7003651437959328,1.0148538947796648,1.5808146772482938,1.34016511131041
0.9536504985420545,0.612992185582989,-0.6505677065421605,-1.9403127561625917,-1.4661704733759446,1.0854064333301354,0.911975719449351,2.8114467085210153,0.16442883380241588,-2.902035320716085,-1.6944742531560189,1.013663857109977,1.5744769775103034,1.3384718161835008
0.9540339327095414,0.6130231419453869,-0.6508624187164991,-1.940461368952634,-1.465859747995262,1.0853585048131846,0.9120092169092228,2.811233654900407,0.16471088877192,-2.9019324804541275,-1.694525574466877,1.0137402123743442,1.5743575347784116,1.3384006146283305
0.9645597211716441,0.6189722154139696,-0.6646276950770472,-1.9436291482068422,-1.4651989225027275,1.0957977934675391,0.9179762552328687,2.81706287732324,0.16691777817492828,-2.9015503770406,-1.6907591834493072,1.0019181525132337,1.5853484034848002,1.341787556604523
0.9644762904864288,0.619032887128345,-0.6646512226212948,-1.9434291821185894,-1.4653040258049088,1.0959174557304432,0.918045484062023,2.81706247131297,0.1666215427075146,-2.901505900435346,-1.6907376415388908,1.00193550378094,1.5854314915745562,1.3417305760675748
0.9716597343282134,0.631167255313178,-0.6749446478598763,-1.938069533726164,-1.4593649755576246,1.0911605878041963,0.9256681391198238,2.8198817505666463,0.1642535369187361,-2.9037568667363547,-1.6848904258440227,1.0015332936635373,1.579650246377365,1.339473416208787
0.971632343630238,0.6310942868210438,-0.6748765325180753,-1.9381507662110837,-1.459266146751857,1.0912277126991292,0.9258596037816149,2.819852114250411,0.16431352318695908,-2.9037854855616287,-1.6849279958287926,1.0016111480790557,1.5795467835335735,1.339308024036895
0.9823422868959774,0.6364110969966702,-0.6871603515582448,-1.9425260562542697,-1.4571503105343715,1.1022481015948729,0.9312337358894935,2.8253394256341617,0.16776651724872166,-2.8997167422963783,-1.6823409662725435,0.9893664867310565,1.591103319673132,1.3444176701175254
0.9822271708381934,0.6364477300359269,-0.6872189664202255,-1.9422876689968893,-1.4572181160577025,1.1024580026406792,0.9314172314114821,2.825372104721059,0.16739859505540167,-2.899664693874499,-1.6823258556986564,0.9894688029776776,1.5911694424996086,1.344245055261033
0.9885337854121803,0.6452522971307624,-0.696576942526525,-1.941438965128244,-1.4531115742140523,1.1055543812479163,0.9386747687643722,2.827933839738558,0.1645847206579603,-2.9020599000063334,-1.6771507364428786,0.9864447242299124,1.5899176849028394,1.341787432267247
0.9959765363102628,0.6528772090729227,-0.7065270108643837,-1.939281584277461,-1.4490882246403007,1.1000618982013632,0.9451422200420361,2.831506298627884,0.16447487327571894,-2.9035126639398765,-1.6729671872160494,0.9860488848441289,1.5856738690669665,1.3405752827206763
0.996438117283833,0.6529611869436399,-0.7070962699525108,-1.9393572687727558,-1.4485819917483864,1.100233875141176,0.9452460674721201,2.831685443752381,0.164592446972599,-2.9036686223754375,-1.673068984398411,0.9861593077307471,1.585735308661678,1.3404554267186264
1.0054829468566817,0.6611645611714904,-0.7182111582426562,-1.9384354065355374,-1.4449980301198908,1.1043253836306521,0.9529041651375039,2.8355560373313002,0.16344003290494466,-2.90403076681386,-1.667866382307951,0.9820551014194265,1.5864248013312496,1.3377335138876216
1.005758368466182,0.6608604272200287,-0.7176416982502836,-1.9382177448855131,-1.4452270328349106,1.1039174550387243,0.9527903287239378,2.835151578666827,0.16329502727407294,-2.9040564934637447,-1.6684103381636228,0.9813936471051466,1.5868175272513358,1.3380134509104984
1.0137398031688416,0.6699656613326116,-0.7286607684979941,-1.936264037677552,-1.4416868405760879,1.1151358713640613,0.9599059263419987,2.8406575189018515,0.16371403703349072,-2.900588555913777,-1.6631561250297209,0.9711932523543343,1.5966746738845334,1.3389010107598185
1.0141078105176737,0.6700662259383122,-0.7292519290924402,-1.9360997611566337,-1.4413527692762491,1.1155311163176003,0.9601191277938357,2.840697785772024,0.16346113986445396,-2.9005764659404463,-1.6632150757194937,0.971365672002492,1.5967226119677176,1.338711090989518
1.020125659065145,0.6781276102308887,-0.736764343308087,-1.933726032085619,-1.4376642632616232,1.1196234743142839,0.9689550057105879,2.84366428219519,0.16170064067998968,-2.9022770705917793,-1.6585574911225804,0.9666774986888236,1.5974515238514604,1.335390909190819
1.0284233221652912,0.6837563108224725,-0.7468219104546301,-1.9327734003288213,-1.430330269308678,1.1249151068334846,0.9684481316792755,2.8426833309170725,0.16119806252239788,-2.9019169744346125,-1.6591123435302026,0.9668453277292938,1.598277453054063,1.334945912250444
1.0446169076568608,0.6916834814403514,-0.7646282811497535,-1.9353341353572358,-1.4232697747970302,1.1321118861168313,0.9769431614842412,2.8476932047245165,0.16086398882668054,-2.9019494907896943,-1.6557752138163886,0.9617985416375506,1.6017251101043222,1.332098295248162
1.0448462127307196,0.6919197677522982,-0.7650066982547097,-1.9353888003395272,-1.4227586346365089,1.1325457408808035,0.9769804899698165,2.847715008868745,0.16091043360771137,-2.901976234136177,-1.655807341736937,0.9619199352596015,1.601692660223271,1.3319957539167968
1.0616678865982423,0.704722880781811,-0.7856445199312803,-1.9343878593710289,-1.4124708253862357,1.1427478400751723,0.9851353711183227,2.8520622871189856,0.1593123350536282,-2.9019954257190332,-1.6516918819251107,0.9570395638707174,1.6047706861704523,1.3284453383278623
1.061652801713359,0.7046682477228001,-0.7856234112971633,-1.934450378938587,-1.4123831747447788,1.142830314298268,0.9852288840545796,2.852084517885551,0.15935575971843913,-2.902005069410135,-1.651716367933003,0.9571196350860166,1.6046996564255067,1.3283598285771856
1.0782382433457531,0.7202188820370513,-0.8059336638755251,-1.9290139116887148,-1.399307743813997,1.1465512314510538,0.9935946759814756,2.8561349349099694,0.15864919978213743,-2.9039865828739906,-1.6474487349120919,0.9551587354698641,1.6029069122865576,1.3237518705741924
1.0787238986881145,0.7208574405030507,-0.806658259905735,-1.929067231983728,-1.3985436350814546,1.147326023824887,0.9936865673177249,2.8560668485987595,0.15861093220545974,-2.903931432408955,-1.647474019631901,0.9553549737481294,1.6028078282841036,1.3235163714826355
1.0952779970212279,0.7361316177628983,-0.8284535650851218,-1.924856086620449,-1.386747740541112,1.1550040006155688,1.0007997375641018,2.8607708180452325,0.15880680511943546,-2.9016892383866777,-1.6432368303983653,0.9499498511267236,1.606462042684598,1.3213842898493156
1.0952434612507917,0.7360633503859627,-0.828432288745473,-1.9249383892651848,-1.386631482002962,1.1551217418621567,1.000920362827564,2.860800354626659,0.15882726560623542,-2.9017056000295005,-1.6432822316835518,0.9500784619700694,1.6063803767921618,1.3212693314289148
1.1125050940789072,0.7501014410634119,-0.8500874835169735,-1.9226113214607614,-1.3751460190645528,1.1681559809579571,1.0074122115183708,2.8651802998111013,0.15800939320725474,-2.9020459511966625,-1.639047451653376,0.9469196614692963,1.609724576146007,1.3164791301959735
1.1124733058858907,0.7500389858592675,-0.8500591978803369,-1.9226686221433693,-1.3750149426617666,1.1682794624532826,1.0075080475446128,2.8651980413521985,0.1580124568535517,-2.9020717974674906,-1.639084821244789,0.9470464087275529,1.6096659199827956,1.316391300076802
1.1308983486884214,0.7645406199946319,-0.873511391325678,-1.9202794832163483,-1.3625554205172885,1.1825309194508138,1.0146386549087734,2.8695796699732656,0.15726393509663583,-2.9020412657412558,-1.635021256989426,0.9438215736979648,1.6136987521402346,1.3102908103052608
1.1451587595983193,0.7759489988088556,-0.8908487062749207,-1.9177980886039614,-1.3528741888593376,1.1943898572726592,1.02148702127805,2.873127610822786,0.15672229209320054,-2.90206780524144,-1.6318339205645829,0.9416795616386872,1.6171123800834288,1.303467656074307
1.1665306068883632,1.2170588441944448,-0.5688871870455172,-2.1382717329753196,-0.8914995478154837,1.1728852160480052,1.489895801071604,2.831403398472005,-0.03300427302260253,-2.9335834394964495,-1.9130617087044548,1.0033564324218571,1.9386206290263495,0.8281174953507491
1.1758889095142468,0.8057091535053235,-0.9016723304911428,-1.930511054433589,-1.3215260976089627,1.202285448253363,1.048287034138926,2.8652510131703437,0.14276725505390753,-2.901855317631321,-1.6425649333898231,0.9541010303071071,1.634992323927612,1.274619906990627
1.1760101047508655,0.805462004593672,-0.9020394949587653,-1.9300145173181262,-1.3219462792123258,1.2019809610500054,1.0474067800780775,2.865192337535581,0.14277537774156054,-2.901877845049782,-1.6422957717835682,0.9539467890234808,1.6351721298621598,1.275502548407297
1.193744052344522,0.8210699430697777,-0.8886551192523626,-1.9469056312107331,-1.300339883715029,1.2206959416241505,1.0731493539615653,2.869224460637162,0.12971014092826041,-2.900100197104941,-1.6612944320542913,0.952576797075392,1.6517801908902252,1.248481641121664
1.193806113800004,0.8211417717624276,-0.8887021226085494,-1.946992320895539,-1.3002184387448026,1.2207393051833313,1.0732003054738968,2.8691677812574077,0.12975564185911428,-2.9000765716717165,-1.6613322244652087,0.9526042592950219,1.6517687470597788,1.2484370309581696
1.2114241436124058,0.8364958637211592,-0.9121334950368654,-1.9470801293262532,-1.2857431230939191,1.2394785172585872,1.0833302135873422,2.8731495329712335,0.12795732981195107,-2.900032163290624,-1.6615125976046567,0.9503772407124792,1.6540349511684083,1.2348442635358097
1.2116743077590006,0.8368837243797169,-0.9124996268172223,-1.9469891188426118,-1.2853382006382654,1.239810864213661,1.0831186719492294,2.8730948522522897,0.12793269832122148,-2.900046847260599,-1.6614855629607042,0.950313497397471,1.654102981452208,1.2348950517096262
1.2292640847698897,0.8520962726735979,-0.9338733996776295,-1.9478783229943022,-1.2713532626796578,1.2587252898843844,1.0903310015143133,2.8770574153467274,0.12600655552513693,-2.899986988396093,-1.6619057794989542,0.9481777152908637,1.6571005077369352,1.224111429003679
1.2296124014201877,0.8525938907839221,-0.9343048548207128,-1.9477657178105987,-1.270997288105051,1.2590463290488856,1.0901641919774248,2.8769816894988187,0.12589059470235617,-2.8999650645310555,-1.6619039274515053,0.9480944140994482,1.6572002121387739,1.224190842986365
1.2388245883235238,0.8700371355271487,-0.9511173705830324,-1.9385355279865504,-1.254786399221195,1.2645852841845682,1.0944686905821555,2.8805914861982695,0.12372867789207777,-2.9027038163267105,-1.6596723766369847,0.9508179877544005,1.6510831474213417,1.214663109630687
1.253193605220848,0.8803700653932898,-0.969238210931111,-1.9422599573740191,-1.245764905130974,1.2833849495023257,1.099850062681431,2.883480925005391,0.12300685256340176,-2.901013661517466,-1.6605984833449519,0.9481854651966921,1.6567852485492875,1.2067222936491007
1.253192998240941,0.8803244323975757,-0.9692669845296644,-1.942224285389132,-1.2456989116651875,1.2834553079901505,1.0998062751641855,2.8834820239787944,0.12296399221591763,-2.901043532785815,-1.6606212645386749,0.9482581284062087,1.6567896414485201,1.2067670939795774
1.264852667434236,0.89908930045887,-0.9887120023869305,-1.9337574986049872,-1.2283231491343503,1.2924657862907907,1.1065360222305993,2.887508318789059,0.12110516900117883,-2.9026666475683105,-1.6580893013564573,0.950555421713385,1.6519683949033663,1.1938517335168999
1.265730903288661,0.9003231307838074,-0.9898524472556505,-1.9338980163104633,-1.226901250864264,1.2938645900686019,1.1063875361648563,2.887412385608068,0.12113426693890245,-2.902626964140065,-1.6581659961901507,0.9505955470678005,1.6518682926251054,1.1937556672656933
1.2832861600385927,0.9164860578695765,-1.0136600147977446,-1.9340923923121156,-1.2127239159900645,1.315193682469962,1.113894276445627,2.8913591171669157,0.11950903103733546,-2.9017934244755432,-1.6572926256458085,0.9495689887693809,1.6561404141301137,1.1809022571037466
1.283314270639334,0.9164859313483879,-1.013723387188244,-1.9340334221941955,-1.2126408478963118,1.3152529483958795,1.1138368196215727,2.8913811305203905,0.1194256775009887,-2.901837162023758,-1.6573285539926814,0.9496886448198603,1.6562210144607767,1.180973906574729
1.2963152197296777,0.9355249253369543,-1.034506386849762,-1.9256508977928481,-1.1944477499514836,1.3264795598937613,1.1204759738105816,2.8953329608741836,0.1180045828893508,-2.9025251806437398,-1.6546905332525024,0.951806954357255,1.652929412556127,1.1667280327104266
1.2966211186359646,0.9361861656826308,-1.0350242856219911,-1.9257178581150138,-1.1935855510896076,1.3273571412602068,1.1203359588718678,2.8953234868094437,0.11799224506894426,-2.9025597397801484,-1.6547269387577692,0.9519446558993787,1.6528246184595972,1.166590489920055
1.3152205430367285,0.953003353333681,-1.0597784986870253,-1.9255253863697108,-1.1783042456978108,1.348783059708098,1.1273019632020778,2.89924211267293,0.11644448302480012,-2.90287111008987,-1.6532306861578574,0.95231412520509,1.6568781692615366,1.1528815646775148
1.3152015431473882,0.9529380287721154,-1.0598118471429283,-1.9255030550569,-1.1782472663106083,1.3488902875455915,1.1272787969248728,2.899244311600716,0.11638953393798616,-2.9029074616157255,-1.6532546539346153,0.952406935618214,1.6568500022156956,1.1529088188682073
1.3342258190245102,0.9699026888414406,-1.084850092848349,-1.9250243419603057,-1.1623769074034898,1.3703917233132923,1.133667239948529,2.9008155871722283,0.11490168605387241,-2.902937313619214,-1.6517395743284717,0.9537568392900713,1.660279774650698,1.1384307660162754
1.334233721388855,0.9698463648405501,-1.0848945396386283,-1.9249490480641291,-1.1623392361822897,1.3704644937204726,1.1335921257852826,2.9008093294528634,0.11482890853549314,-2.9029657265564883,-1.651758151467384,0.9538180469261697,1.6602909962429768,1.1385052204250112
1.353335461193314,0.9867591627730745,-1.1097146171958003,-1.924958605027997,-1.1458626110236412,1.3918369083011177,1.1400850785349037,2.9012262392626296,0.11332924946049208,-2.902314099919104,-1.6500375594205126,0.9563011182757976,1.6623785648570868,1.1230125728920965
1.35360568055248,0.9871749613208658,-1.110058915534744,-1.9248750749576051,-1.1452895921818853,1.3923255953023168,1.1399358773587602,2.9012530726201144,0.11322305625508654,-2.9023978419283925,-1.650092175013208,0.9563365331742708,1.6625556063000224,1.1231256747001954
1.3843453474057636,1.0029464329647517,-0.9402170902394589,-2.630318178981651,-0.7180305437547398,1.4002671768422503,1.246598055573291,2.9387086790287467,0.7230485778821314,-2.9587807074914276,-1.7679903216681216,1.0966302924803175,1.3637233468264225,1.0165787922988294
1.3727823517013726,1.0038172367800562,-1.13117863227528,-1.9345568109418203,-1.1232266572211158,1.413173723487009,1.1473820141800142,2.9016923152109815,0.11979778736980591,-2.903905189289499,-1.650889744760832,0.9611547638839756,1.6606363529932182,1.1060371893895773
1.391026792914596,1.019374605802074,-1.115879956231396,-1.9514187071419986,-1.0982989901345646,1.412546385051721,1.1719381167808298,2.9016862985103877,0.13869236471792398,-2.9025785137868736,-1.670454270644635,0.9809209172464426,1.6369549761893756,1.0829718006712772
1.4040692027311568,1.0316414852575573,-1.1211237684684274,-1.9600624993446396,-1.0854840519389384,1.4255292406959876,1.1785516718391453,2.901663308129157,0.14394959671523444,-2.900196338422523,-1.6680779546208826,0.9742826166189968,1.6394077560479976,1.0739220444078366
1.4040322192003172,1.031541410808005,-1.121002635499166,-1.9601485596506127,-1.0854947777294677,1.425403810277126,1.178478471762175,2.9015758814076364,0.1440099987918621,-2.9002203999359297,-1.6681374316713151,0.974327596256256,1.6392287736002875,1.073908296348325
1.421620810478035,1.0486665240571946,-1.1440059386356844,-1.9687882590104357,-1.0662062947960598,1.4383826343566828,1.188793779243302,2.901604156219719,0.14956807381385587,-2.90028939011366,-1.669512255463965,0.9743254503992207,1.6385060483064597,1.0603077419338927
1.4217130116037267,1.048835698416704,-1.1442096029573046,-1.9687839073646394,-1.0659990317500407,1.4386535600244093,1.1888485004566025,2.9017621966986784,0.1495679985698691,-2.900258014485348,-1.6694695420964187,0.9742966833429999,1.6388566505954576,1.060461839889577
1.4394534877869625,1.0667398644887964,-1.1682882605483838,-1.9765630950914852,-1.0461088635365818,1.4508314380168175,1.1962599892489725,2.9017905974558067,0.15525105833057673,-2.9005313460981395,-1.6707629977268996,0.9748035382415128,1.6375243597229239,1.0485672097451524
1.4394438491635222,1.0666689488888523,-1.1682878871945603,-1.9765632924245014,-1.046050851670537,1.4509764108011718,1.1963219035064676,2.901820479695411,0.1552444826521617,-2.900556884324454,-1.6707656989417052,0.9749307877141818,1.6374613132933802,1.0485195874431645
1.45762925722128,1.083465472770209,-1.1909908454850917,-1.9862261260362548,-1.0301149641941654,1.4703155941902744,1.2043138367502526,2.9018489710128987,0.16135370822724723,-2.899996933044356,-1.6732171817252468,0.9743171555467584,1.6406866319725903,1.0367947125014627
1.4576236916852614,1.083403521221498,-1.1909825370459026,-1.9861834760079113,-1.0300374981438216,1.4704089147543382,1.2043289060066755,2.9018567296656026,0.16129997633219798,-2.9000190067512706,-1.6732404617483658,0.9744048706846737,1.640682951291267,1.0367765790173382
1.4770282372988437,1.1007380668490196,-1.2141003902387506,-1.9965504419466813,-1.0137352100231143,1.4905336510653533,1.2120983974530786,2.901887597463035,0.1673835535880777,-2.9003258253225104,-1.6754704069811186,0.9743522014346419,1.6427620403296859,1.0243714989981028
1.4889907252091772,1.1156041168590844,-1.2306564449521316,-1.9988648526586705,-0.9981603646222934,1.499630156428201,1.2180237087766688,2.9019103511125195,0.17175558034129745,-2.9016239561229473,-1.6755691152815602,0.9765039349267614,1.6385840616435985,1.013134569435385
1.4889521961482843,1.1155090036900457,-1.2306450248244503,-1.9989488672687479,-0.9980548217960983,1.4998633076442893,1.2181600149001586,2.9019642510191317,0.17177333458247757,-2.901655851967078,-1.6756082597120094,0.9766787984005968,1.6384258366558309,1.0130105669718177
1.507578887497414,1.1325557983185313,-1.2541384774538293,-2.008156492292917,-0.9828697050667878,1.5206664982848581,1.2256144634986343,2.9019414049414576,0.17785417974232454,-2.90065981285423,-1.6772050364071753,0.9775427664877886,1.6401008853192482,0.999916478252148
1.5075774348499063,1.1324928942527486,-1.2541404167972279,-2.0081336960558778,-0.9827901945670543,1.5207652832368812,1.2256431877335623,2.9019462916809164,0.17780305236710553,-2.900697594069197,-1.677234778743359,0.977635624744059,1.6400810114884974,0.999887180579132
1.5265604418951133,1.149542719751418,-1.2777112116172789,-2.0174722263605354,-0.9676762784598272,1.5416629724700912,1.2326094067683258,2.9019346142668874,0.18377240797407307,-2.9007768124476283,-1.6785093639026918,0.9790977941426962,1.6411348553240372,0.9866222881421025
1.5238674455085506,1.1650460371503002,-1.2763438097541893,-2.019299178831427,-0.9571523709565269,1.551019812797309,1.2239768777445343,2.8999232140371487,0.18337552100347912,-2.8979708972492144,-1.6784161192052969,0.9779115236109672,1.6399937759582968,0.9876896195823661
1.542500350947526,1.1851566220886756,-1.2997307267623723,-2.028907520368245,-0.9401144273389704,1.5737161338283363,1.2288709731286482,2.8999313413293226,0.18919222587082538,-2.898171864765638,-1.6794847970347642,0.979510761835793,1.640277725630722,0.9745171975213884
1.5418139287393784,1.185758957241035,-1.2991685034863296,-2.028976499232411,-0.9396459134312763,1.573855176166899,1.2283670388279324,2.8999776936449293,0.18916667125666553,-2.898176845416269,-1.6794704778464915,0.979526373713412,1.6402420546469134,0.9745997826323143
1.559393983682073,1.218409039949466,-1.3217807424834926,-2.0414496984798274,-0.9141330134132576,1.6028727217462888,1.2280913633636832,2.899943114376409,0.19455602167386987,-2.898207894951916,-1.6802910877184094,0.9798020676432264,1.6381738874994975,0.9621133536761742
1.5593960846089574,1.2183500245719634,-1.3218131733298093,-2.0414255144278153,-0.9140348856041492,1.6030218370052667,1.2281236938167515,2.8998605008584883,0.19452402790202108,-2.8981375598072434,-1.680284543828808,0.9799250851393383,1.6380592822865245,0.9620479847741474
1.575112391458347,1.2428594213876336,-1.3428445004283336,-2.053480837121879,-0.890667617303466,1.6316665179176073,1.228849707358848,2.8998654491631997,0.19959338789510697,-2.898764612824389,-1.6800041229415208,0.9806503138565268,1.634853417555702,0.9493738838000149
1.57510734651582,1.2428515639636277,-1.3428726758194935,-2.053369490931525,-0.8906062427460824,1.63168879801912,1.2288031430407604,2.8998687517916095,0.19951216496518615,-2.898752844659141,-1.6799989813619434,0.9806385730870643,1.6349474200633436,0.9493940129287048
1.5864919750456448,1.2760307010192373,-1.3625751604500091,-2.057402348342218,-0.8624083465664764,1.6505451362233619,1.2281555956505967,2.899857194352662,0.20480697833050537,-2.901184767001281,-1.679695293858065,0.9823386264147634,1.6261736801750453,0.9361148456546361
1.586860902338675,1.276343197583795,-1.3614774287840088,-2.0571983612901397,-0.8626905134314007,1.6506535798313042,1.2271546854370428,2.9004389157564816,0.2046741207995616,-2.901799047528214,-1.6797062187821759,0.9822334646514963,1.626188409245743,0.936141009679058
1.6048560845916122,1.2978574455064416,-1.3831118414181354,-2.0712071735152917,-0.8432819947050169,1.680726058102344,1.2273576585698025,2.900446044738752,0.2105027810070568,-2.899888934149041,-1.6808964128186215,0.9824172889220854,1.6265491928335547,0.9248790915561979
1.6200834666429518,1.3291159604914176,-1.4011200338521141,-2.0836308137000294,-0.8237429526843137,1.7046821238760488,1.2270004570112125,2.9004042303336233,0.2141785982150033,-2.9002375911717633,-1.6805513948876183,0.9831365495555184,1.624101174056805,0.9144021999768972
1.619400813302727,1.3297835649068124,-1.4003866578906445,-2.0835995459616456,-0.8233706292737969,1.7047516939559266,1.226314440927867,2.9003830007057165,0.21401966621453047,-2.900161513591358,-1.6805845825159422,0.9830195918033621,1.624205541633158,0.9144698627147707
1.6307950602474883,1.3640908107418004,-1.4186936257530363,-2.0873934510383534,-0.794977798461662,1.7219585556583652,1.2230575554727827,2.9004269318593154,0.21886148345553702,-2.901896090603935,-1.6798625673751795,0.9843306370085111,1.6143948204179042,0.9024072391852511
1.6307726335295993,1.3640200796017605,-1.418700701719475,-2.0873990102353446,-0.7949051025224783,1.722080624486605,1.2230985189564705,2.9004418936534315,0.21886186473799504,-2.9019171187898674,-1.679865512326742,0.9844238067077058,1.614328995957014,0.9023660290407698
1.649513720954991,1.3977930943586407,-1.4388765967113661,-2.102960054363487,-0.7725513681907253,1.7538377098066895,1.2213657216213178,2.9003876552344425,0.2235420768261619,-2.9000790141201804,-1.6810516279088097,0.9845546933263607,1.614924085318775,0.8911902196208011
1.6479696841971074,1.3989192876927157,-1.4373421165086149,-2.103151184596569,-0.7717597959432219,1.7540090736227358,1.2201265685307796,2.9007622763361107,0.22344292178542186,-2.9002237881380637,-1.6811012728512733,0.9843957760581377,1.6150066511559042,0.8914000692694877
1.6624542972866256,1.4309380898821027,-1.4551019688380384,-2.1085176477248715,-0.7421524848042286,1.7701486691037964,1.2159139789954092,2.9007709967739848,0.22811421680289004,-2.9023053411885766,-1.680531381036651,0.986891984858438,1.6051753230160588,0.8784500408389321
1.662416147164358,1.4308544098642961,-1.455118864204044,-2.108477296158383,-0.7420927120701895,1.7701979612411514,1.2159247435832343,2.900773958641072,0.22807448504761632,-2.9023131179760386,-1.6805326854189926,0.9869270083086394,1.6051833675636387,0.8784285086370657
1.6803170456484042,1.4597806791640824,-1.4729673396623522,-2.1263375129306454,-0.720644503702029,1.803832832602468,1.2131053690837825,2.9009307178069217,0.232602402865208,-2.9003543192452708,-1.6822001600651346,0.9871143831731757,1.607043677464168,0.8675981199211112
1.6803292341561702,1.459779469723866,-1.4730079060693975,-2.1261880691166053,-0.7206332479065767,1.8038127678584406,1.2130371355761245,2.90089414856553,0.2324979957698226,-2.9003939579037508,-1.6821960060866408,0.9871189445567661,1.607169798107688,0.8676602134439098
1.6905009736277319,1.4883994312238262,-1.487887533449937,-2.12973983993015,-0.6909609166041341,1.8103321026207781,1.2066246390781687,2.9009402792128367,0.23693107188323895,-2.9023421051778855,-1.681353425189491,0.9895206549535963,1.596341237414996,0.8558400650501133
1.7065842706616337,1.5125110785611484,-1.5013791064652353,-2.148405682673334,-0.6786373221823692,1.8443047365937155,1.203948458035368,2.901294063948133,0.24032794222276757,-2.901425737037828,-1.6834906652023698,0.9893550113968029,1.6018210639360329,0.8488780471810897
1.7058432738975988,1.5127067417972935,-1.5007737053035675,-2.1484168462879296,-0.6784638365902363,1.844221054290876,1.2035144422621142,2.9018832921179345,0.24025966999895434,-2.901842206485252,-1.68351484350677,0.9892282838907809,1.6019094992279972,0.8490030469043081
1.720777424868991,1.5489334682550833,-1.5149686863828669,-2.167934761104899,-0.6572735207166526,1.8780613499611933,1.201440316386242,2.901309863615687,0.24366979093285493,-2.9030905869760253,-1.6846270181295622,0.990259845479359,1.6011951298280582,0.8378368451346003
1.717455994732245,1.5501313509992658,-1.511033540830227,-2.168350296667804,-0.656066394341257,1.876675747021668,1.1992512496240404,2.900949720560601,0.24364451768250084,-2.902402122332342,-1.6847712009711464,0.9900637279408625,1.6010252348794876,0.838157351803445
1.727194244754741,1.5869181968455575,-1.5220342134379348,-2.1736994979376387,-0.6240520470516231,1.8891298408475712,1.1915312322860159,2.901093707771588,0.24764326472881276,-2.902094188727971,-1.6837403863896925,0.9914448133983458,1.5894919249032766,0.8257010025875644
1.7270987968040292,1.5870965317529797,-1.522147803824982,-2.1734685528079916,-0.6239463974475571,1.889318254608909,1.1913410435391514,2.9022371280350905,0.24751291058699382,-2.902969464785741,-1.6837041499659715,0.9910980189873424,1.5899905660960494,0.8259615566125217
1.7399923598016185,1.6223530292461084,-1.5320931104129472,-2.1943713384339527,-0.6008602381527607,1.922667187740433,1.1868609600097277,2.902173757861074,0.2506537120255928,-2.9033174226076492,-1.6841371868340003,0.991115380212255,1.5892923363637126,0.8154195426025336
1.7400336576854871,1.6224911082005589,-1.5321542248341682,-2.1941210266570015,-0.6008535967137781,1.9225318747805444,1.186744379867057,2.902088301988223,0.2504939159930778,-2.903358899054894,-1.6841053051794008,0.9910288425075533,1.5896059634715347,0.8155127665356429
1.755735767892487,1.6547301335422981,-1.5421189568365912,-2.215954991101512,-0.5777853264314589,1.954364587049485,1.1822892896744739,2.9020681689204686,0.25424914676285965,-2.9033315872816927,-1.6854663682467497,0.990894802328575,1.5884848580299396,0.8056305289479385
1.7557092916508654,1.6548085857064578,-1.5421843966368038,-2.2158323659185344,-0.5777843913201224,1.9544807141107605,1.182216489724608,2.9024744952596713,0.25417810589046247,-2.9036643898920977,-1.6854339443202317,0.9908004334432793,1.5886269728326285,0.8057059532138021
1.7623733071212908,1.6853538391798957,-1.5512824843782735,-2.221912102871207,-0.5462047184980369,1.9632473419003944,1.1729491966135215,2.900958629877433,0.2571975697333271,-2.9032477972574826,-1.683709306166641,0.9913060844395567,1.574775412710015,0.7952122445250424
1.761500605614595,1.6853635227139052,-1.5501991590076878,-2.2219500005583215,-0.545957884470785,1.9627703181826943,1.1723998274337628,2.901142347093837,0.2571490854834572,-2.9033066094623323,-1.6837253052483363,0.9912528647190045,1.574787380611586,0.7953450393259621
1.7776487714528681,1.7163230889697123,-1.558828712355845,-2.2449124340049154,-0.5258627059066385,1.996900288071303,1.1658607542066208,2.9026551217347665,0.2606384499978887,-2.903637681549387,-1.685208601813222,0.9913490836425716,1.5755409579519906,0.7864251816935034
1.776041573879883,1.716039462752268,-1.5566906844459238,-2.2448688846649625,-0.5255611692548822,1.9953044354105876,1.1648339088193276,2.902608032413827,0.2605975350264538,-2.903521869566275,-1.685243587817279,0.9913482930482299,1.5755999253741184,0.7866748957143315
1.7811817494723607,1.7437380859272924,-1.5631616180969226,-2.2491119743731525,-0.49298426152834907,1.9948730467139015,1.1544283787179963,2.902553741034183,0.2624520676219424,-2.905529868016539,-1.683216173246062,0.9919614637233096,1.5627487841053231,0.776029119452161
1.7811693837805684,1.7437130335942619,-1.5631455791015685,-2.2492761893216993,-0.49283976062896584,1.9950883253534548,1.1545150839319618,2.902652184608329,0.2625657715675802,-2.905538984369332,-1.6832432943387277,0.992054407112891,1.5625219747983863,0.7759109245449808
1.7858778535755204,1.7689862020882494,-1.5667731520702586,-2.2528070531068773,-0.47111516305261214,2.0018073950912374,1.1450263313942035,2.9029110240422957,0.2656913865987159,-2.903479204210218,-1.6826898664354872,0.9926623045335865,1.55600205471007,0.7672307837311126
1.7953493605016382,1.7904790778052537,-1.5699012746489804,-2.2710071287619167,-0.45452799543825256,2.0299858334069705,1.1416458278809245,2.902788819579325,0.26752909056774,-2.9038393683681063,-1.6837170354254014,0.9927820589885257,1.5606791191230842,0.7599634123787368
1.7954328604300085,1.7906961117705524,-1.5699540543923964,-2.2707486024001824,-0.4544904877742155,2.029855365363711,1.1415159623547928,2.9026976855463973,0.26738220710341254,-2.9038976287392484,-1.6836900013298663,0.9927223629182128,1.5610081922994412,0.7600626775375849
1.809448057622402,1.8005117484077873,-1.573729174176918,-2.292464116887461,-0.4354563681341359,2.0592786062661412,1.1374208803696015,2.9026794859629677,0.27058136549164585,-2.903667669027272,-1.6851962557709939,0.9931502861788557,1.56280271886703,0.7502016925099718
1.8101597320796974,1.800790002906962,-1.5748380251277418,-2.2923718820610994,-0.4355797182958398,2.0600418303742654,1.1378270719417238,2.9026935376638634,0.27052984598096297,-2.903773786128944,-1.685148347548487,0.9931466646484686,1.562878517700864,0.7501229802006776
1.8153799408274975,1.7971821177530232,-1.5798500753245133,-2.2889320099115453,-0.4083976136890278,2.0523972605782395,1.1307363333789218,2.9026322523766255,0.27363459543339436,-2.9077511903418407,-1.6849171358751702,0.9944597428210895,1.5493237561236037,0.7387613201591192
1.8132060863453647,1.7960153061690318,-1.5766277078958568,-2.289185468543941,-0.40803156339970154,2.0498279713488006,1.1295488321402487,2.9027565314730555,0.2737880838901512,-2.9074758436250008,-1.6850897369068958,0.994564454214349,1.5489266057122106,0.738936362529686
1.8152110206073933,1.796573518082926,-1.58291817197486,-2.2816091815484514,-0.38436502954336343,2.038584694372774,1.1240462434296299,2.902895111425853,0.276875102561704,-2.9032091290888036,-1.6831464311445214,0.9963284289932108,1.536680845196843,0.729042917383728
1.8138905362559854,1.7953305358629805,-1.5809717474089169,-2.2818613743022245,-0.3842871952455059,2.036681972086173,1.1234064814804186,2.903410865750007,0.2770229095722606,-2.903265392082004,-1.683313120255297,0.9962698386854622,1.5364366787487564,0.7292132261769203
1.8099734226158253,1.793693887002102,-1.5835949918799428,-2.270523585901695,-0.3636802383431134,2.019143735795949,1.11939120841488,2.903986695718329,0.2802685264981638,-2.903969488088107,-1.681922971608857,0.9984356613204667,1.5256198823839935,0.7188246458800291
1.8244152536446807,1.7965163459639601,-1.5808496374503667,-2.295987905226502,-0.3696804464605334,2.0568943851474497,1.1206371788859004,2.9045390862463885,0.28600089821368074,-2.902090631976327,-1.6898294756076127,1.0002725384569862,1.546982493951396,0.713596779922236
1.824450866416095,1.7965192570130808,-1.5808921039902968,-2.29573167282494,-0.36961601291902746,2.0567296724141544,1.1205275408363502,2.904427338302796,0.2858659598514287,-2.9021684349712378,-1.6898040752309447,1.000288443027466,1.5473369734617952,0.7137125720494192
1.8198713440813903,1.7946829428847197,-1.5821019466692934,-2.283172010333606,-0.3504392874903839,2.033506145617109,1.12522780709685,2.904031696246735,0.2893482809291296,-2.904041729035903,-1.6886092497170981,1.001704057787025,1.534381772741495,0.6978539928102964
1.8198735760383191,1.7945662451809603,-1.5821477382180422,-2.283068175603954,-0.35033051148557004,2.033555310817168,1.125217952325655,2.904024241956961,0.2892979237165252,-2.904102720575257,-1.6885817233187321,1.0018245643527333,1.5344464449513944,0.6978685273704783
1.833003079056418,1.7961186209135753,-1.5799119463745437,-2.3034694730876395,-0.3528881602805181,2.061548731096728,1.1342839758867411,2.9047268877893053,0.2935988363229392,-2.903092837024759,-1.6935653921286196,1.0038552788024662,1.5488772367984824,0.6853363476805068
1.832686597325426,1.7959252614935444,-1.5792437554013543,-2.3030590500541193,-0.35250295900150413,2.0608975554126454,1.1339187739214953,2.9046800904604715,0.2933366190919511,-2.903218246509784,-1.6935706001353754,1.0039412835773922,1.5493685295740272,0.6855760030752666
1.847282309677728,1.8000841135213912,-1.5749494005021645,-2.3285142347896604,-0.3592682689799787,2.0904944604810565,1.1522256174034717,2.903744918100267,0.29478059888545927,-2.9048237311572143,-1.6961897545596205,1.0061389000626486,1.5559222703489493,0.6684197698487857
1.8472580530823015,1.799987176337962,-1.5751208360531341,-2.3281430848891063,-0.35913818397508906,2.0904748422717625,1.1520833623446598,2.9036867791157426,0.29458846523587956,-2.9048826155223515,-1.6960682977254338,1.0061692931221706,1.5563101516910016,0.6685179367883789
1.844573227967144,1.790276917884095,-1.5743862007099805,-2.312634188415802,-0.33893211427112185,2.0536243223455015,1.1732387876682095,2.90285898106518,0.2975168408965956,-2.9084140924310007,-1.6961266889306883,1.0054751934150297,1.5356461362810887,0.6421057616204013
1.8444597716622133,1.7896146735568634,-1.574424720674044,-2.3128097197956063,-0.3388333912771715,2.0540842169307516,1.1734789153257015,2.9029698302722498,0.29754027273123745,-2.9085016045849157,-1.6961279819545938,1.00591838733647,1.535089494026059,0.6419778698998843
1.8608234055859918,1.7969456621768283,-1.565683748401335,-2.340501084797248,-0.35144517974650735,2.0865184819988594,1.2048361577194622,2.904479765545574,0.3004010476627138,-2.9052631162545826,-1.7001169391090356,1.0072521516721156,1.540863327998138,0.6180582563540135
1.8607484869844164,1.7964423587810734,-1.5659605628787787,-2.340115987981769,-0.3514102437029641,2.0867094939034954,1.20480618215958,2.904377463215904,0.3000819418895691,-2.905425119321739,-1.6999848548445389,1.0076217312121132,1.5409658544594835,0.6181756253453711
1.855928951675118,1.7895080037185846,-1.5681038227788797,-2.314025459888087,-0.3241577171000621,2.0385664212103847,1.2253323076071985,2.902898427951462,0.29818158692000873,-2.9045194467472766,-1.6945562762922755,1.003148713133639,1.5185348114927153,0.585029843761595
1.8712573853938095,1.7927321389627853,-1.5549756674529935,-2.3527133333064696,-0.3518043653941262,2.094109557827343,1.269732615124627,2.903318982987447,0.300464413790988,-2.905520045684627,-1.6971141084389525,1.0086313333258556,1.5255866170619785,0.5650672823031885
1.8716479296181914,1.7932867640266643,-1.554120777626856,-2.3536259066776726,-0.35087463250035816,2.093479387725359,1.269595912039815,2.903386294462898,0.3013643327581779,-2.905556803690717,-1.6974928008390158,1.008471071978692,1.5258677736988626,0.5650211972373211
1.8650322159459771,1.793235526263035,-1.561531812994168,-2.3243806848410373,-0.32730870070817575,2.057678942282606,1.2882265257968657,2.906210012238175,0.30846833423871084,-2.905388836277921,-1.7119570588223614,1.0111287841680197,1.5348102985649608,0.5190244903967515
1.8635499522408001,1.7854035523310583,-1.5536736032503757,-2.325238737685792,-0.3274184502245274,2.0443855372348088,1.287243398466611,2.9077501019466503,0.30946323682350263,-2.904877417440898,-1.7143617641348325,1.0111600656576833,1.5343700729748508,0.5196074404883089
1.8706574231269029,1.7849484704153589,-1.5491355828188476,-2.341574991640963,-0.3487480015748683,2.0816668534582585,1.3299730404546077,2.905689559923332,0.31768048657853426,-2.9011600421526853,-1.7281872988370002,1.0282771792796348,1.5691884284371096,0.4893871486606772
1.8699454024910076,1.7846148089323106,-1.5498875317572158,-2.3403060653735412,-0.349237655690479,2.082695601797967,1.3296007666354976,2.907436187096259,0.31672148404991735,-2.902613416902671,-1.7273807249948252,1.0277095643692704,1.5701358695841425,0.48973600282193636
1.8561520825799918,1.7843654757491914,-1.5570513702709412,-2.3067706419740475,-0.3049383184863689,2.0137757869915873,1.3353031880096147,2.9068417920740606,0.30232543074483254,-2.9036354475199713,-1.7043521561887598,1.0153723701064283,1.5330802884771582,0.4519960091124816
1.87261709565417,1.7781768215682459,-1.5362765912233114,-2.3469147749395782,-0.3606252433357883,2.0846328584323186,1.40007602092134,2.9071952965136876,0.32808280762019504,-2.9066461703779796,-1.7504428613066858,1.0404069523863961,1.5855840252711642,0.40977423263924373
1.8729623363888042,1.777966385736498,-1.53501590481019,-2.3485185712430177,-0.35996506041844795,2.084310574951787,1.4003282003372632,2.9075526045486666,0.32924125152958045,-2.9065352376905036,-1.7512862754309786,1.0404507334574544,1.5846184801909564,0.4094959402861414
1.875684306149192,1.7753377515716013,-1.5159725994405373,-2.3630731085489662,-0.38147585258007977,2.0794668619832035,1.4541501117211504,2.9068362001000656,0.3268058051160853,-2.90374340269161,-1.7415959037443234,1.0380818157247222,1.5778082136885747,0.37593964165818133
1.8757845342968662,1.7755174197753039,-1.51683952029252,-2.362155292585535,-0.38138049463796037,2.0795227881849287,1.4537834536826941,2.9066984579064177,0.326319488153422,-2.903988035499261,-1.7411552741355851,1.0383646861620335,1.5784563197391017,0.3762409016649738
1.8672645039712394,1.7828479658568894,-1.5139983506015393,-2.3405394359010314,-0.327787840989324,2.026777989278749,1.4654577791724348,2.9053680994565068,0.32625984852505896,-2.9111985028006355,-1.7414621187827457,1.0197664814711436,1.539607103938802,0.3271448354181986
1.8674902569591962,1.7823976396286108,-1.5136384439935817,-2.3412862062685327,-0.32740694781120894,2.0270166654029476,1.4655179495124955,2.905599324776451,0.32671676980403724,-2.911323854261535,-1.7417900817154328,1.0201926341867327,1.5387284239065242,0.32708092562273555
1.8786223835421754,1.7745521993170796,-1.486603877956989,-2.362108134488201,-0.38182751808512827,2.063515480961421,1.5394635186571808,2.907680551839381,0.3508605256402673,-2.9065750876091734,-1.7862641660260494,1.0437723115038886,1.582924642465701,0.2866294144797269
1.8786351073232843,1.7742848186217686,-1.48660718331152,-2.3623152868023336,-0.3816799073566897,2.064240857201579,1.53962721606737,2.9076566557696557,0.3507870172325388,-2.906841338680799,-1.7863030576977665,1.0441799933868716,1.5820182410539185,0.2864713196943499
1.8744825778655205,1.7799183529163698,-1.480673998999706,-2.3613696203090737,-0.3805421567988718,2.054287412546748,1.5622564942261745,2.906996301541599,0.3411179140704035,-2.90246490496643,-1.7556783914705403,1.0418086930468484,1.568594157748198,0.2692629181157573
1.8742860168827482,1.7793692115826736,-1.4819863153222677,-2.3601124312037434,-0.3814909600784285,2.0541469909464434,1.562192045108386,2.9068780605107727,0.3403911009906497,-2.9027452547446013,-1.7548920348162877,1.0421601018522089,1.5690914536788718,0.2695858476558777
1.8762099820166975,1.7798602773946883,-1.4874098765779649,-2.3402691241237332,-0.31994318623205864,2.0044307833905384,1.5636761590042418,2.9047872631929734,0.3413809043594475,-2.908299954713707,-1.7696390620225324,1.0194569616930909,1.5436284423147544,0.2274367924140286
1.8874596229737257,1.7702044696766037,-1.4585998136680594,-2.3673876014206536,-0.3980337990908205,2.047085524420912,1.645098449361897,2.907267963817101,0.36451908259089566,-2.9072878344760174,-1.8120763085750295,1.0516807446109018,1.5857726526508356,0.19036338172156678
1.8876749526700483,1.7700180216552734,-1.4575789614248915,-2.368625238274865,-0.3974004857377352,2.047096225697354,1.6454186643389015,2.9076070863176,0.3652971966087253,-2.9074161571993526,-1.8128043612494409,1.0517185785832184,1.58485242352641,0.19012982750887733
1.8768668598084408,1.7640336497143323,-1.4417422791428671,-2.3656618537464507,-0.40169796659213836,2.0409433831547745,1.6839718192887811,2.9069854179443606,0.36112975693781657,-2.903141257432336,-1.8022060238178392,1.0477786304671026,1.5847872153574436,0.16432594163315825
1.8768885838238756,1.7638252802399856,-1.4424159124917983,-2.3651157495236794,-0.4018258266925169,2.0411867516066846,1.683772298537472,2.9070049705207204,0.36085133243728545,-2.9032993863074976,-1.8018107063634798,1.0480569024576545,1.5849924391696741,0.1646109903330716
1.8766763434989588,1.7645433409543938,-1.4137621842541948,-2.376971029927555,-0.4240466557815761,2.0357328696788772,1.7450819710712195,2.9082728626607106,0.3647301499756424,-2.9072939355927674,-1.814476566988204,1.0447630442692584,1.5853880900749209,0.12395062297607932
1.8765848372847043,1.7643958511291158,-1.4141389144052343,-2.3762989995682213,-0.4243917201907896,2.0352493750816367,1.7450751118033851,2.9080309567091924,0.36447738560584586,-2.907173219990836,-1.8140863926638682,1.0447021026092118,1.5864122540207923,0.12416160394979438
1.8763233584539936,1.7638889000319748,-1.387401171415368,-2.3882230387861307,-0.44195158909029675,2.029247106708666,1.7966036733654358,2.9084465846492744,0.36821867772189165,-2.9079325599907553,-1.8262770901243337,1.0397433821630286,1.5855456760156292,0.09389643947574261
1.8763808960725343,1.764249448391145,-1.3873436743350618,-2.388170529012278,-0.4416841265840568,2.0289686169402326,1.796542090395733,2.908481658350049,0.36832602764814926,-2.907939025782003,-1.8262846837374147,1.0395988612212914,1.5859202423663088,0.09385155664722035
1.8837199575083619,1.7846788661717097,-1.4000259231940897,-2.3762909358696165,-0.3758831020140077,1.9958816223867277,1.769091208320964,2.904901539054263,0.3670235359485117,-2.9087326248303733,-1.8264764048956765,1.016764083253427,1.5648889764243743,0.06507746253998274
1.8838191952013559,1.7844705052180887,-1.3994258427170205,-2.3769546176624807,-0.37552819934178155,1.9964016400753972,1.7689563993387862,2.905178360882508,0.3672517185148638,-2.9089276469616134,-1.8268289765090349,1.016795829239116,1.5640146246416031,0.06499771242688039
1.8777438348045212,1.7699806175222743,-1.380993599204215,-2.378963317526519,-0.41865450999422943,2.000955218485064,1.828010568515018,2.9073500733555573,0.36937485807353454,-2.90630653703441,-1.8355773768851826,1.0185840269240016,1.5691028361350081,0.042704834294844916
1.8777455027522885,1.7703653490590692,-1.3807656010014528,-2.379199432192228,-0.418471829916827,2.00079411408937,1.8280218756683075,2.907466460232109,0.36955157006027783,-2.906220836581062,-1.8357346261005205,1.0183226345865461,1.5691265191820971,0.04254907185038596
1.8802378299125124,1.7812378467175094,-1.372521334810549,-2.3812015028131017,-0.3999176934917008,1.9994708354995951,1.8269354208752162,2.9073789829290124,0.37003005127420807,-2.906260755427424,-1.8417189325403631,1.021696088949598,1.5779242160804072,0.027571617935134147
1.8803038585476934,1.7814383554712798,-1.3721273300205687,-2.3811217894029273,-0.39964876547564854,1.9994684785314518,1.8266367587751766,2.9072996876541675,0.3699535662631877,-2.906083195242441,-1.8417258064073243,1.0214570717939722,1.5782701295436063,0.02770629085020903
1.8823452789068675,1.7806710146307347,-1.3668682137614836,-2.383750260737793,-0.39241467282960013,1.9976807185248453,1.8456330964980192,2.9072053738573937,0.37010500848201405,-2.908393809760563,-1.8462225115067366,1.020687216895597,1.5799463015009654,0.020571397185203608
1.8839629680367727,1.7819837251673065,-1.3627032628177,-2.3860078981822403,-0.3806227017391783,1.9957614635242091,1.8490913397058453,2.907132001841946,0.36925599325495023,-2.9094195471167907,-1.8476728953950714,1.0161359867791415,1.5773634912433534,0.02139025788271191
1.8838744593347723,1.782220091706606,-1.362918651754853,-2.3857969516056925,-0.38089543877416093,1.9957346098617923,1.8490029667169643,2.907077778788769,0.3691140619762643,-2.909319906881824,-1.847506646802243,1.015966512906893,1.5775286566285318,0.0214551764922864
1.885699355915362,1.7824339704251764,-1.3578261511711853,-2.388744550197349,-0.36813488188318316,1.9932386897729597,1.8490151813075313,2.907055305622283,0.3676721245342964,-2.9099862548064426,-1.8479510660599343,1.008930445071157,1.572433191797271,0.027240077769878582
1.8855288054762234,1.7824518948267432,-1.3583764322029601,-2.3885142990245436,-0.36909851479892386,1.9930751432733609,1.8492844666529178,2.9071019245817658,0.36753428184599285,-2.910014815617636,-1.8477438327642974,1.0088305699595284,1.5721771540295266,0.02713781376778135
1.886922656774665,1.7825927247218403,-1.3538893904231148,-2.3907620303620756,-0.3577417512974373,1.9898193422048414,1.8432742574909722,2.906901682736866,0.3661809881463807,-2.909822245536545,-1.84723038046956,1.0010913345583996,1.5657363059761547,0.03816607359026865
1.8868675943564719,1.782749737102498,-1.3539218769341483,-2.390836061887901,-0.3578875203158117,1.9899018632565035,1.843233113197652,2.906961863305817,0.3662013528488025,-2.909771745150291,-1.8472301903315584,1.0008865682456303,1.565626960725684,0.038177840933016745
1.8878477923344565,1.782389851783591,-1.350032335028984,-2.3917098652218485,-0.347808630582158,1.9867949986393505,1.8320222930609396,2.9069157608143255,0.36432740594483437,-2.9099191317817574,-1.846196624825646,0.993722616501741,1.5584356477665857,0.052332410730135656
1.8878731173740615,1.7827550438771054,-1.3496870385155972,-2.3919682031568255,-0.34792279787262365,1.9863138724916387,1.8319528247694254,2.9069154752026383,0.36464918078004643,-2.909780945895245,-1.8462997678619169,0.993360655016822,1.5586848134993265,0.0522806887630629
1.8889679122528218,1.7831686393485855,-1.3465604128930053,-2.39227884739076,-0.3380773779725357,1.9822544444751138,1.8168583480572431,2.907265941265994,0.3618904964028821,-2.9076464860832747,-1.8434461874028565,0.9864965727973434,1.552005001234639,0.06838503962461787
1.8888990413270283,1.783000763627081,-1.3465199999202517,-2.392396702545507,-0.3384551516393792,1.9820504235031975,1.8168758650756096,2.907226527100716,0.3619483368153997,-2.907480380837621,-1.8434397850088107,0.9863483677520912,1.5520718224077754,0.06848014411788061
1.8899071963062655,1.7831056343368341,-1.3430811713498905,-2.3963947750348464,-0.3456927726741512,1.9930178180873734,1.8063896699382689,2.907252835682139,0.3748089544748354,-2.906561898530676,-1.8678529316827006,0.9995391289224631,1.572247643338834,0.07387856417312477
1.8897761046269723,1.7830565483645608,-1.3433623672460775,-2.3963219597329557,-0.34584411131695325,1.9934044303361662,1.8063817168130707,2.9072795616415057,0.37460985017545256,-2.906584207955201,-1.8677163444562506,0.9995925217882535,1.571959452980578,0.07385524355408017
1.8911663373773224,1.783155735988716,-1.3399968968126474,-2.399909055637784,-0.3525413340024865,2.0025138350640144,1.7960839855382804,2.906435540602748,0.38818814037858357,-2.906513127310419,-1.8925679294831528,1.0127127799888012,1.591855790718705,0.07889001662406386
1.8911059825949352,1.7831439685348758,-1.3401780095932012,-2.399940772518747,-0.35264811319419287,2.0027855940139014,1.7960160666778966,2.906473849178748,0.3881193659663348,-2.90654483721282,-1.89252070749562,1.01273222987238,1.5915876872016739,0.07889907254571132
1.895651674984299,1.7827754966428362,-1.3368104407441292,-2.4015207402561103,-0.34443159174073523,1.9973088105039518,1.7813505189674772,2.8997564204668054,0.38660322807601627,-2.907902197914743,-1.8931461045656497,1.0069274903369543,1.5820543644010592,0.09310103910104554
1.8960017655945969,1.7834321743697132,-1.3360365564054177,-2.4018418684419567,-0.3433998912868346,1.9975018577080759,1.7808852194548677,2.900009879323345,0.38688648055718694,-2.908006085919069,-1.8934205229855108,1.0065959148341643,1.582199296122451,0.09313366128264346
1.8967532694766607,1.783225073148711,-1.335513065533897,-2.400339429734452,-0.3347060794391313,1.9937696121901969,1.7651742388768765,2.905956320024828,0.3842245330954816,-2.9102544644829496,-1.8910671911280608,1.0024191925100796,1.575193463011912,0.10535175974033009
1.896620877807147,1.7833188062160215,-1.3360863622608528,-2.400103168015826,-0.33556090456999527,1.9932191078447297,1.765499578170355,2.906093724642585,0.3841928966865469,-2.9103845158057595,-1.8909399419302846,1.0023452185099944,1.5751539300119002,0.10520947276009096
1.8982644945661482,1.78359216402653,-1.3332794226541345,-2.4016164043925423,-0.3392135145370856,1.9994380363553983,1.7576717048697232,2.907442687830547,0.3949324457237422,-2.906995245558197,-1.9105734847729288,1.0136988766874946,1.591754578087006,0.10642578097997199
1.9038216469401252,1.788159357849362,-1.3316715092760916,-2.401060863724053,-0.33524082279446216,2.0046583240555895,1.753766905243391,2.9076186360514353,0.3951032683429785,-2.908257768481449,-1.9103501165480326,1.013336771677422,1.591314193279434,0.1062409463461767
1.9090814459283902,1.7886102086698366,-1.3299413368895192,-2.4046251406402983,-0.33711674942097475,2.011514587726227,1.7471764157285843,2.9062009178403687,0.40576905639774247,-2.9103272040819146,-1.9297678626567032,1.0236331585722696,1.605405902936909,0.10564865301534157
1.9090230504699677,1.7887207585299951,-1.3302887056871049,-2.4044821727328043,-0.3372340471982841,2.011699747107337,1.7470128864594456,2.905970037960315,0.4055131430366457,-2.910297483192164,-1.9295994059814081,1.023761278431383,1.6053490644137278,0.10567779117810831
1.918061206987217,1.7852573354790149,-1.325349696051641,-2.405555081907062,-0.3297680520157841,2.0096620400149456,1.7401176273010228,2.904702373780939,0.40666399026978084,-2.9086865896406424,-1.9325371939920122,1.0202326724967736,1.6007484980210112,0.10977641909229668
1.918131186559431,1.7851688277638769,-1.3250653364036737,-2.4057336000541607,-0.3295525632960355,2.009572872968596,1.7402583788489123,2.905030863828849,0.4068786981525405,-2.9088232641012013,-1.9327201339325988,1.0200582738598822,1.6007798946384495,0.10986700260912392
1.9232220317239197,1.7958822737170899,-1.3364529078739928,-2.3911598992534544,-0.2960703638126474,1.9946403696545285,1.7106775204729405,2.9062626619596843,0.4109127506931073,-2.9131657082347786,-1.9431364385146395,1.0217036562533297,1.5972009271585923,0.10582373682362721
1.923227862247661,1.7957028154339902,-1.3360770857823356,-2.391469270361116,-0.2960047956923907,1.9945107630121435,1.7107124268365226,2.90630875454383,0.4111916215932053,-2.913129763525049,-1.943313136646752,1.021691920384075,1.5970708698786904,0.10582583537396847
1.9299659743847681,1.7884618253014173,-1.3354169831253373,-2.3917032783616707,-0.29207863745023305,1.996841455753955,1.7026314776429334,2.907428993415139,0.40934976579904403,-2.9116226936031038,-1.9420934076821899,1.0219141956776188,1.5953930075016602,0.10887986589591539
1.9298264358829154,1.7873602852798673,-1.3353775941811994,-2.3919242796583187,-0.29319387167340977,1.9961547760051046,1.7034371972397857,2.9079487078920665,0.40958058849386636,-2.9119331786112843,-1.9426064227659878,1.0215543448979194,1.5956343749082298,0.10912694826398615
1.9361974489452993,1.7873920544522164,-1.3344920922699721,-2.3944680767837134,-0.2970545331431874,2.0051786581690147,1.6992988254294747,2.908190743401919,0.4140276071108665,-2.909371922136209,-1.9531438321853698,1.0326719109597766,1.6067564367233447,0.10560056572699533
1.93617060045636,1.7872873801924565,-1.33464223791794,-2.3944816066046712,-0.29718489279436844,2.0053623673833854,1.6992853926514024,2.9081869029061065,0.4139521920652144,-2.9094302291467495,-1.9530837609399567,1.0327725320344692,1.606566700292263,0.10565211860669878
1.9428243281858988,1.7878187644212815,-1.3363082965172028,-2.397908202856191,-0.29473503355856134,2.0083980840597824,1.6941464841890317,2.907809589562119,0.4112521468328544,-2.9118833571768397,-1.9524284628852984,1.0346973607670082,1.605493074361821,0.10549557840302962
1.9428856931188354,1.787922382397003,-1.336123442411137,-2.398092738064839,-0.29455022151555166,2.0084285302811216,1.6941355134364764,2.9079013235212807,0.41141002347540157,-2.911930375050552,-1.9525385081507678,1.0346750704556325,1.6053583295057308,0.10544102940668133
1.949158854625484,1.7856813739905881,-1.3351249698974184,-2.40158263433808,-0.3013558185701453,2.01686814005862,1.6936943908758118,2.9080610345664972,0.41374985804482817,-2.909448726176565,-1.9622679046046807,1.0455779893224548,1.6162381834572452,0.10107038320519872
1.9490299467680317,1.785716049451714,-1.3356320749827455,-2.4012777973433863,-0.3016041558479279,2.0171366105799113,1.6935853876487992,2.907903110138453,0.41336660437807526,-2.9094860430413636,-1.9619495791308312,1.0456651052181274,1.6162826480952075,0.10112425232158738
1.9575669271991618,1.7824308869458976,-1.3319556366916876,-2.40590041655868,-0.3037770846076758,2.017346273176009,1.6971346616403977,2.907106936758527,0.41361327028070255,-2.909547744701629,-1.964243747891777,1.0468137617356714,1.61543648015094,0.09839533961950524
1.957569503798532,1.7823065609828106,-1.3319723883200663,-2.40595630057811,-0.30383544931017786,2.0173808536554003,1.697281378420058,2.90726020791425,0.41363547664700084,-2.909675664689799,-1.9643020059018188,1.0467661529567498,1.6153674911205371,0.09843824042403107
1.9624247186639245,1.7919206561265046,-1.3442121047742623,-2.3915076431639783,-0.26714907232705676,1.992559868848197,1.6742539311153117,2.907493193245067,0.4118202299437121,-2.9132140333120393,-1.9631317654047225,1.0396866046377238,1.5992782803122485,0.0922535782233382
1.9625155542387034,1.7916567057933572,-1.3438638760046842,-2.391737735237019,-0.26717082841491874,1.9923773100361744,1.6742892247920398,2.907632670444474,0.4119980107001051,-2.9133428074452947,-1.9632682468289664,1.0397102330408847,1.598920380458559,0.09217795752446356
1.9685087709199112,1.786221372696329,-1.3427552563120564,-2.3929404921794992,-0.2770927816874865,1.9949336380098004,1.6737283341192126,2.908100774667538,0.4105177734350602,-2.910610240997979,-1.9633885799869997,1.0435086261890858,1.6008259316961435,0.0903141635470054
1.9685592758639108,1.7859135484114266,-1.3426242137030198,-2.3929138586700627,-0.2773467652964198,1.9946168721284432,1.6738926156092444,2.908277100012068,0.41054000179098965,-2.9107578704993164,-1.963478074165541,1.0433908964532248,1.6008164846533486,0.09037426080865978
1.9746246296589585,1.7864928030376421,-1.342070675874434,-2.3958325254103214,-0.28271625314306703,2.0024729123499485,1.6745266084325494,2.908381938629943,0.4129011381530979,-2.909347825634706,-1.9710375989482876,1.0547788724270302,1.611923651237432,0.08580473672955632
1.9745582348841306,1.7863704811044232,-1.3424163760279164,-2.395599027906242,-0.2830475366785494,2.0024039550117667,1.674489281598022,2.908185197494306,0.4126686116402919,-2.9093407305424943,-1.9708825492743702,1.0548705691593474,1.6120708983540337,0.08592674156542723
1.9804444101438134,1.7805388148381847,-1.3393601825364745,-2.3990026055269142,-0.28888941361157233,2.0041037235400143,1.68067307966003,2.9083971271346742,0.4107739657804277,-2.909941408897887,-1.971585120072309,1.057516421216806,1.6134875188791216,0.08327400095389706
1.9804208174666504,1.7805135759887294,-1.3394403138210453,-2.3989553827338854,-0.2889684177364483,2.004105700032741,1.6805598352526383,2.9083811551322034,0.41078659820470886,-2.909927787274528,-1.9715264560913415,1.0575037112355552,1.6135297909000705,0.08330129173362352
1.9830025737770771,1.7848850890935355,-1.3378483710150957,-2.4027530949133658,-0.29440782906022495,2.0092194665826137,1.690184194820206,2.9080787696406096,0.4116079555579338,-2.9104319735434303,-1.9747745451789578,1.0605167809661435,1.6105114192442964,0.07784649967637816
1.9829861443950845,1.7850006066700814,-1.3379935330188917,-2.4025211680027776,-0.2944703270725026,2.0090167506949674,1.6901063571074673,2.9079561960257982,0.4114937116070974,-2.9103975772293293,-1.9746750849516825,1.060440574652368,1.6108838599522415,0.07792766552416165
1.9911382072780466,1.7831627696585892,-1.3346990972390846,-2.4083350568068087,-0.294515260741631,2.010712766724801,1.6924197749554684,2.9080329818385677,0.4127185680574119,-2.9103765914075126,-1.9789151976869008,1.0624215525194431,1.6122984529602529,0.07443968716696228
1.991093168197651,1.7827426703504476,-1.3348594246627083,-2.4080738993658195,-0.2950130689884102,2.010422579516199,1.6924459851283515,2.907879385211075,0.4125505027822183,-2.910397356120253,-1.978768646157141,1.0624930331996814,1.612386355523025,0.07457678433846991
1.9989925177300842,1.783051667336193,-1.3312341462719524,-2.41356691221038,-0.29491745559436255,2.011956255937706,1.6951522854803083,2.908030616271276,0.41404464659411455,-2.9106222265618813,-1.9831805406815544,1.0646439823155278,1.6140403267425216,0.07077684927880756
1.9989715651520168,1.782950718722285,-1.3312939362378322,-2.4134851706091225,-0.2950247802590885,2.011853228949629,1.6952293653541362,2.9080537506342004,0.4139922165622854,-2.9106405041501096,-1.983183511755358,1.0645381333032589,1.6142138473583003,0.07085899691682356
2.003889111613726,1.7909209587686983,-1.342594509647935,-2.401574560017627,-0.25861800288822206,1.9883825766649939,1.6727763967101337,2.9073185894044964,0.41343247563527896,-2.912402150261223,-1.9818227160574236,1.0573054640107726,1.59863144581269,0.06502801628839473
2.0039097087588225,1.7909489720644356,-1.3425741196149588,-2.4016848190666478,-0.25857810446780755,1.988438033430404,1.672737288364046,2.907340593669296,0.4134658519396084,-2.912450295698261,-1.981890699998697,1.0572992509266008,1.5985158533482202,0.06502836647601144
2.0064561952639224,1.7931725227329547,-1.3542911349740216,-2.3923585559291807,-0.24269780546816033,1.9752879875015406,1.6552435002859662,2.907745699375469,0.41623638058187734,-2.9105824115960073,-1.9863072301356326,1.0595908574909216,1.5944527121592733,0.058118055423952666
2.0105622526987714,1.7860604430778277,-1.3508679640818173,-2.3989387614885236,-0.2550162666009306,1.988644555951118,1.6597961271380162,2.9082685255765655,0.4176296926637861,-2.9083705233700634,-1.9915935123465438,1.071499596134132,1.606873096403584,0.05708639994721455
2.010508912385635,1.7859771347335935,-1.3510765164784106,-2.398894520985902,-0.2552724584996361,1.988899099646931,1.6599461461585983,2.908355952355936,0.4174476709189428,-2.9085596193130483,-1.9915553913221005,1.0714981092192877,1.6066553196133626,0.057163545914374565
2.014772536139689,1.7798198032966064,-1.3474722794069103,-2.4025068696151135,-0.2666140539882062,1.9969844941158805,1.6644425696605563,2.9089764608067394,0.42123009538308576,-2.909678473306946,-2.0016923070666084,1.0834236449943804,1.6177433792255616,0.052807245888350306
2.0147720399434896,1.7798326157924895,-1.3478881709600083,-2.4020700452518984,-0.2669868454166993,1.9968410422688667,1.6642468502953518,2.9088791058008443,0.4208784092673555,-2.9097738525164103,-2.0014140517332346,1.0834311851196996,1.6179518088659197,0.052974629042735796
2.0197739629140536,1.7904099389530685,-1.360857017930214,-2.3916006751901646,-0.23336451732944175,1.9740168567749672,1.6424654695290852,2.9071229771776146,0.4193127224576111,-2.912368883832664,-2.0000633462295285,1.0766273091200405,1.6016563929805632,0.04736466089081121
2.0197858971397036,1.7901953044522563,-1.3606031067862523,-2.392021681028657,-0.23335124071121438,1.9742254813959723,1.642532927537384,2.9072780886022205,0.41955375925734245,-2.9123997092407152,-2.0002430971300087,1.0766880598319062,1.601131319864606,0.04730348625275421
2.0245987410473365,1.7859501763822525,-1.3618952128059285,-2.3959541584059343,-0.24046022993923227,1.985542882897004,1.639452533382028,2.908294239536838,0.42147712284928135,-2.909897666776859,-2.009067333642591,1.0906280787196845,1.6126858622769542,0.043330539996842686
2.0245717935657206,1.78596661219071,-1.3618403634204204,-2.3960879117500444,-0.24047012020517894,1.9856244787250632,1.6394821752213826,2.908319519783327,0.42151123277110253,-2.9099256642456766,-2.0091058850741175,1.090609607658138,1.612528334354472,0.04329025221560214
2.030799634818454,1.780506062888361,-1.3589351522369082,-2.4006696283856757,-0.24589859239710538,1.9884972540606418,1.6421045528667115,2.909076263875598,0.4201911646994,-2.910315037516625,-2.011564597777835,1.093526854965629,1.6145219038017948,0.04210315997241634
2.030927354072742,1.7806581827731403,-1.3591023735776575,-2.400591583319418,-0.24575854448159717,1.9889521846197147,1.641880806814838,2.9090638733627205,0.420011439476562,-2.9103699445565785,-2.011429223276553,1.0935727896784284,1.6144333063084928,0.04223372618484241
2.0393813827955056,1.782976652130473,-1.3563844775329215,-2.407439429532198,-0.24680028942679877,1.9934026532004057,1.6432034749850841,2.908030193587098,0.4205375582458169,-2.9111164131728464,-2.0163827058692965,1.0970348814807205,1.614652409792719,0.038157302450016396
2.039372744218062,1.7829456646843322,-1.3563761279540412,-2.4074894161845886,-0.2468203464509715,1.9934493982099344,1.6432043052127747,2.908046319611661,0.42056242437266456,-2.9111300502029884,-2.0163745411064578,1.0970574310270842,1.6145728714358178,0.03816342276942434
2.0414990717368404,1.7854077708563467,-1.3542680880828348,-2.410929848194013,-0.2514839250746856,1.999966817023667,1.6495573210130405,2.908053786887186,0.4211311776758625,-2.9112640206158624,-2.019960005144511,1.1004785229877319,1.6120141765051128,0.03436619131004987
2.0415128107125797,1.7852254477394343,-1.354195756698931,-2.4109472862832693,-0.2514948217022948,2.000160490861494,1.6495723531691888,2.9079652090082377,0.4211189649699596,-2.911225285134572,-2.019909842922862,1.1004771037831553,1.6120383164114997,0.03438048029873887
2.0438996027984215,1.7850783681092521,-1.3513795718292132,-2.4144777531499555,-0.2565534004501619,2.0057567081015106,1.6566113163819531,2.9079435740331556,0.42129418666166607,-2.9111947741023445,-2.0233303862325744,1.102663200655445,1.6108518025027787,0.030832901329219235
2.043973022166298,1.78501922438606,-1.3514893993043768,-2.41412036391647,-0.25680941251304623,2.005063952377218,1.6565083361112622,2.9078805888769725,0.4211958420273795,-2.9112421328547744,-2.0232244287869476,1.1026107207495006,1.6112686304360897,0.030925786955630613
2.0508654729767866,1.7833181213026972,-1.348728906032206,-2.421620250974159,-0.2573756454786633,2.008170296160343,1.659041227748705,2.9079875089615164,0.4221289852749127,-2.91154485922825,-2.026961988481635,1.105265877947146,1.6132073917835505,0.027059704089734512
2.0503907342653873,1.7833928419306861,-1.3488925255620696,-2.421530419267761,-0.2578939312274514,2.0051325554454893,1.6597186857630508,2.9085919707460364,0.42201529390414655,-2.911863173813048,-2.0272577997643335,1.1052345975804732,1.6131623250160256,0.02682851392639951
2.058441565779153,1.7831938242638585,-1.3450096148055959,-2.427438214685611,-0.2590678152735879,2.007021625628078,1.6630958880866118,2.908587035914268,0.42332776686763623,-2.9110172487561976,-2.0307654300074307,1.1077337469941082,1.6156270785223983,0.02275007871794888
2.0584274592994602,1.78318625996336,-1.3450938945675914,-2.4273553887983588,-0.2590960894010148,2.0070111651756872,1.6630824033460783,2.9085480150413288,0.42325367789482177,-2.9110409545063454,-2.0307169727547154,1.1077795990553525,1.6156848637815289,0.022799136181057212
2.066218303026349,1.7831243220896495,-1.3415082121925879,-2.4334880039481073,-0.26009681971476,2.006769277606082,1.6673305956803155,2.9085443953924357,0.42441343049703323,-2.911050872538967,-2.033986503708408,1.1097316848803096,1.6169529143615058,0.0182857433964762
2.0661611013663967,1.7829917394933112,-1.3415578674702584,-2.433465302967386,-0.2602070343528006,2.006800820726522,1.6673439916535007,2.90849929861535,0.42438207010578083,-2.911043491364172,-2.0339438564776118,1.1097546163740029,1.6169432867307845,0.01830860575615576
2.070645491472499,1.7908551749883586,-1.3536351102916904,-2.422340695254129,-0.2253506298029035,1.9809429515114836,1.6462630073258209,2.906495110351386,0.42373752192104136,-2.9125314715868758,-2.0324577443641214,1.1002883194724467,1.601656948295774,0.012689949975467955
2.0704986814389104,1.7908106944614806,-1.353641722217175,-2.422534822896245,-0.22543513480491195,1.9808268627295171,1.6463875552067906,2.90664427635999,0.42374639383719304,-2.9126309176896497,-2.032548138672088,1.1002996673871066,1.6013279711444814,0.012618462535187756
2.076427196393646,1.7858945315252248,-1.352864498324577,-2.429008246190904,-0.23318836942868776,1.9882309640637315,1.6465979796554726,2.908785257990697,0.42767267144854637,-2.911412277325323,-2.0416576220273615,1.1116358361989733,1.6098367214767475,0.00697903923498077
2.076266435021977,1.7860476801054948,-1.3532490628464668,-2.42867088060455,-0.23339678904449856,1.9882845984934754,1.6464723751629626,2.908649574805979,0.42731634524493123,-2.9113903646550687,-2.0413952215329134,1.1116242646903065,1.6101354528961296,0.007099910399720315
2.0830311203711336,1.7810602832503137,-1.35167671421927,-2.4339916189194652,-0.23692356898902373,1.989432620127201,1.6490714157758233,2.9084757779142327,0.42745303424022907,-2.911878265612796,-2.044144604974007,1.1146371591668602,1.6105576636160712,0.004661484954605879
2.0829427519027632,1.7808030245456832,-1.3518078044532105,-2.433853051583787,-0.23718736170926225,1.9893934586818733,1.649058453946242,2.908358057156467,0.4273942571663667,-2.911805196545246,-2.0440447840391016,1.1146646494467618,1.6106796009287272,0.004764515967224077
2.090238460513666,1.7832122059546698,-1.3505505471328785,-2.4399173885713465,-0.2369478786127755,1.9913820093138972,1.6500458935416777,2.9085604662964695,0.42812175571521544,-2.9118032751689262,-2.0474291826480036,1.1175228860907604,1.6101666809535868,0.0008320559316342679
2.0901058399500423,1.7829383081692605,-1.3507518657589046,-2.4397086583404985,-0.2373006783931882,1.9913301865423645,1.6500867634664118,2.9083767981702215,0.427953672566246,-2.911728686240329,-2.047292262055313,1.1175959723539344,1.6103153401625374,0.0009701248036023515
2.0970853999848824,1.783858256037053,-1.3496863617187498,-2.445275590440583,-0.236127125931829,1.9932408120379361,1.6502041486246724,2.9085473353172677,0.42863799468503877,-2.911768387024137,-2.0502509694419935,1.1200330463776282,1.6098228789045947,-0.0026757112166010738
2.0969424472110396,1.783571557709736,-1.3498423400733621,-2.445088394803244,-0.23645927315599624,1.9931933106177828,1.6502313233745804,2.9083707471794806,0.42850750825808115,-2.9116897053058497,-2.050131098949768,1.1200646996228012,1.609989155875508,-0.002569465186977058
2.1038519507590374,1.7838983048940826,-1.3488347224653814,-2.450261732922978,-0.23523070380196298,1.9948007087091117,1.6502500479575888,2.9085249375825457,0.4293065578286112,-2.911906835240656,-2.052884042016791,1.1225698527245735,1.6093615975129194,-0.005847216501358697
2.103817674201877,1.7838777674104307,-1.3489950558668622,-2.450143658261397,-0.23535235741586652,1.994785940811685,1.6502301152996035,2.9084522891208904,0.42916738724017217,-2.9119100944557363,-2.052808405586613,1.1226313976722557,1.609428114516362,-0.005744605912277133
2.107988354176673,1.7908046887300253,-1.3619966879617036,-2.4398126295511564,-0.20329048503252647,1.9719125216799231,1.6278037519586561,2.9077813680033797,0.4284396916790052,-2.914021316165922,-2.050917613606345,1.1145553522420288,1.5938523023657263,-0.010395745778131063
2.108047768359615,1.7906479042755312,-1.3618131741709392,-2.4401784535281217,-0.20323027649905204,1.9722100260311708,1.6278834520461303,2.9079143937587917,0.42857829638169703,-2.914135211858257,-2.051062567295423,1.1146294968503525,1.593263764438748,-0.010499980252094403
2.113129016360289,1.78564472361071,-1.3611967987067635,-2.4469233790511606,-0.21509827531944606,1.983374818500124,1.6283480490826494,2.908602024516597,0.4325485271490903,-2.91208161657726,-2.0602552747693608,1.1276476329070915,1.6025561591399604,-0.015246863524862504
2.1130195028067447,1.7857680159594207,-1.3614457474826183,-2.446735123964702,-0.21522015938610106,1.983482660856039,1.628298024994436,2.908523449728304,0.43231295481888693,-2.912102225782514,-2.0600758815162994,1.1276495221883163,1.602681821387204,-0.015202616961301797
2.1166465484554826,1.7810627188955772,-1.3627009141957867,-2.447894822767313,-0.21836655565639537,1.9829446851190986,1.6294924136138742,2.908359510652815,0.42972719719177915,-2.9097305281373855,-2.057180911020607,1.1293316878341033,1.6022464012484305,-0.014442375919580294
2.1165896731416973,1.7808032951859052,-1.3628953945728803,-2.447808125603992,-0.2186392382528028,1.9830815250651939,1.6294924339798074,2.908289156079626,0.42958634244839283,-2.909735467986893,-2.0570872837372707,1.1294489448306262,1.6021222639962573,-0.014323419254438766
2.1219213655438702,1.7835482399995395,-1.363254527863977,-2.453538952189936,-0.2179878100165179,1.986049085614815,1.6302585444660602,2.9084445818402522,0.4303580606864287,-2.9123027382699522,-2.0601406614583317,1.1324338507276384,1.6011118579091494,-0.018330167381227835
2.1219426946841207,1.7835220271505872,-1.3632158649884638,-2.4536225174743427,-0.2179788678987251,1.9860978670029488,1.6302540680330788,2.908478234727707,0.43041104746704373,-2.912314819911474,-2.060170337952629,1.1324329545366933,1.6009937824061915,-0.018348068932402525
2.1251059168321214,1.7915381759803093,-1.3772117569528322,-2.441987809725087,-0.18748807556238464,1.96427194895787,1.6074184810903032,2.907402458345397,0.42860555637535575,-2.913572222810376,-2.0576960178303834,1.1248184307676268,1.5863369505885052,-0.02195826267380601
2.1251684303024567,1.7910252492711394,-1.3767133089374657,-2.4425370610207553,-0.18756287997607154,1.9643256001884737,1.6076224046073735,2.9074637861428014,0.42902516527168333,-2.9135688911514928,-2.0580324929214764,1.1248382689986618,1.5857438759702016,-0.022075629459220543
2.1301196313308917,1.786789299634135,-1.3773825621682827,-2.4483627940730397,-0.19737085405252583,1.9770486753817933,1.6048503195122523,2.908497825271683,0.43122177274145546,-2.912243715414992,-2.0654104854551134,1.1385957499563908,1.5954992159349473,-0.025264388131057986
2.1300563495614147,1.7867757920154677,-1.377452993384689,-2.448426186089631,-0.1974492125820326,1.977250903692304,1.604865118608759,2.9085099639421146,0.43115280075059886,-2.912277770996409,-2.0653550559043277,1.1386030035816794,1.5953066898280295,-0.0253101700693397
2.1348390385585145,1.7869023392973888,-1.3805058565114996,-2.450422312130696,-0.19610005082247667,1.9792905126811533,1.5988163726911904,2.90830525977966,0.42747690472123306,-2.9123982625026272,-2.061613775665398,1.1396095616952673,1.59435318332802,-0.02249108478139141
2.134699936239605,1.7864705188834646,-1.3807334697314817,-2.450419456880594,-0.1965215484640493,1.9797279438219784,1.5988208743528922,2.9082698570524954,0.42731927228148,-2.9124099583104885,-2.0614679480663956,1.1397201917967765,1.5939488281971572,-0.022456039934702358
2.1378728632537127,1.7905608838519158,-1.3952206006450805,-2.4404194219427437,-0.1726813503131718,1.9617481556750112,1.578237580945994,2.908471779789396,0.42902862280312937,-2.9120425511213637,-2.06633757317971,1.1414437604670313,1.586369254563828,-0.029557789485094896
2.1378027694265342,1.7895666277376467,-1.394777403632916,-2.440930168201,-0.17332757206395383,1.9617164501211917,1.5791861876406972,2.9075394261794076,0.42944303579007026,-2.9114517018545945,-2.0666245838806545,1.1415672971403412,1.585213101243376,-0.030159720308476905
2.1425458431642657,1.7846486339807943,-1.3943365930417102,-2.4474948391435296,-0.18128598036055327,1.975176604824105,1.5770994029495724,2.9074839134324293,0.4312601234488459,-2.9112924887179314,-2.074750534716057,1.154913453631448,1.5938970064722542,-0.032811481533094995
2.1425144117005996,1.7846889886605533,-1.3943111028444641,-2.4476015651117806,-0.18130864184715306,1.975277856114784,1.5771299920944772,2.9074967802423757,0.43126560559390353,-2.911315610073052,-2.074749240784508,1.1548814338497357,1.5937562822444855,-0.03284814049438621
2.14706214134277,1.7860272167745153,-1.3980252939845959,-2.449868447761518,-0.1819855236500501,1.9777286613996707,1.5704903566756865,2.9072541670376895,0.42642051080273347,-2.9119335523087635,-2.069422213819258,1.1557306047231957,1.5910021697107763,-0.028959241560547563
2.153834339913562,1.7820656352144186,-1.3965173750188657,-2.4572299671698272,-0.18948722638958673,1.9884110187452813,1.5707900271174355,2.908390983979396,0.4298646424346123,-2.9114283416760376,-2.081700214742217,1.169112177396599,1.5989547636111041,-0.034578054639045216
2.1537235129996675,1.7822320060320547,-1.396928569980302,-2.4568130480032813,-0.1896887466355585,1.98841888268135,1.5706237512830261,2.9082638365248634,0.42948238950853523,-2.9114189894022178,-2.081402085615864,1.1691881746391577,1.5992875757951013,-0.03435953064092762
2.15626991840942,1.78483636999019,-1.3969691615810333,-2.4607367843493813,-0.19338349512676647,1.9946025988246765,1.5738393633816619,2.9071904894617133,0.42856884760300024,-2.911446210435864,-2.0835243318450374,1.1714536913326188,1.5934834205894295,-0.03751966688722367
2.1562908159632834,1.7851702151852302,-1.396973438483286,-2.460563326935821,-0.1931511403407152,1.9943323956089172,1.573693006330015,2.9071807964654686,0.4285950418830413,-2.91145342023476,-2.083463071392512,1.1713807503653952,1.5939734643550567,-0.03752712902496198
2.1617498962187525,1.783768008192359,-1.3970772947276178,-2.4662976371936822,-0.1929142556651462,1.9971468393409022,1.5732906212544067,2.9071200753823767,0.42789258110155287,-2.9117662546171306,-2.086071309765588,1.1744761492389213,1.5930587157815592,-0.04084525482195163
2.1617770176213,1.7838497108397682,-1.3970897412328378,-2.466333103161075,-0.1928228381148027,1.9971459930610114,1.5733030674066397,2.907145871876333,0.4278857942308976,-2.911817142797139,-2.0860827193223948,1.1745032411597478,1.5930192132660557,-0.040857800312817424
2.1694038468976875,1.7828801694868928,-1.3950767303155835,-2.4708908810507646,-0.19332679611209416,1.999324082472585,1.5742846424090553,2.9074855816786576,0.4279325195342757,-2.9116833632542125,-2.0886914596920216,1.1773782982748011,1.5930253450225282,-0.04454960044489456
2.1696292994375557,1.7831422970271318,-1.394793682319877,-2.4709480346416814,-0.1928418874859684,1.9994488975121352,1.5740413004668448,2.907501922528938,0.42794245037997675,-2.9117303988407266,-2.0887146844440667,1.1773497464599711,1.5931077831452767,-0.044551301000790446
2.1774194992035034,1.7832936968776838,-1.3926817259895388,-2.4758152322246905,-0.19326600183873266,2.001772375849389,1.5758743745738306,2.9071061514246987,0.4277689181333952,-2.9112601904359243,-2.091089931608695,1.1801055523760704,1.5932532649884277,-0.048614381367407894
2.177484927377211,1.7832227341794142,-1.3925944231314547,-2.475910416042252,-0.19319241455611427,2.001992697717916,1.575824618714722,2.9071369017627644,0.4277752577877155,-2.9113168905593483,-2.0911200107034715,1.1801276872400457,1.5931427904547255,-0.04864580849642024
2.1810847264102664,1.7898207166970277,-1.4049569886549689,-2.463949607057131,-0.16356362260645757,1.9765171654462443,1.556534029616822,2.9061974739767757,0.4263119931789339,-2.911497304905787,-2.087874662552397,1.1708897705361212,1.5784003921595127,-0.054019260145782885
2.1805578093095934,1.7900469693253087,-1.4043519048238247,-2.464416433371479,-0.16390140962389027,1.9751395621199135,1.5565332506489784,2.906842472124723,0.4262353955750657,-2.9118268862644867,-2.0882180165320636,1.1707303941074163,1.577672600452042,-0.05423696987802299
2.184472359537056,1.7885816323841428,-1.4178584236434486,-2.4590792714485312,-0.13864964740909064,1.9557972101077983,1.5351252767615953,2.9078703293704153,0.4264299670570095,-2.912405885058041,-2.088109994482225,1.1711959557012608,1.5698787992897099,-0.05961030717699098
2.184539903980463,1.7884498505723232,-1.4175660777701,-2.459296933055725,-0.13866005826969874,1.9555251880263784,1.5352140136592092,2.907734897180102,0.4266699893346598,-2.912285242307718,-2.088355333319152,1.1711895900930003,1.5697592159165428,-0.05971045199341502
2.189220455922436,1.787313132800612,-1.4219812586763145,-2.4624993117286555,-0.1434641207956494,1.9606241294749398,1.5303739706190285,2.9075350505818642,0.42130162876498417,-2.9124291688695783,-2.0828059799739225,1.1744880308349148,1.5692444395128435,-0.057204057832400665
2.1891494976130565,1.7873516866887067,-1.4220865958623043,-2.462450103126572,-0.1435492226494154,1.9608007975165909,1.5303335427724702,2.90752426285624,0.4211533981521788,-2.9124544713059572,-2.082715146153054,1.1744762273257199,1.5691718028007355,-0.05717944187244385
2.193850993993433,1.7867031457494271,-1.4248979581646177,-2.46579291942301,-0.14665680139205728,1.9657330112082099,1.524289228722959,2.907529827013787,0.4167726372809592,-2.9123939766187226,-2.078117921135501,1.1774595611648369,1.5678159797619844,-0.0543485330247546
2.193908428633572,1.7868249860728624,-1.42480742262801,-2.46588222512233,-0.14658773023553892,1.9656446551246256,1.5242295435832753,2.9075745253325147,0.41688329821936154,-2.9123809195024,-2.0781829948290995,1.177385288057342,1.5678423895860532,-0.05435761961592512
2.1983853872596626,1.7866501091928537,-1.4269658196892776,-2.470909268631078,-0.15361805349737626,1.9780342780007403,1.5185735083587841,2.9075308071072103,0.41689506670387333,-2.9105525939349572,-2.084050282687337,1.1906636427790065,1.5754745096077116,-0.05585782285009484
2.198324911789787,1.7866515275037784,-1.4270930950956977,-2.4709430949853872,-0.1537482799646355,1.9782974433597038,1.5185205526238303,2.907549567972481,0.4167837560909832,-2.91057772011362,-2.0839361309728037,1.1906537365660244,1.5752559541872322,-0.0558176250367992
2.2014891226340705,1.7884571511798144,-1.440902643504643,-2.4655025621667153,-0.1322541177270204,1.9596259603004291,1.4964108281095845,2.907553001140428,0.41562234401892845,-2.912030266349214,-2.0856517808663684,1.19248964613255,1.567757274757326,-0.059183915561194025
2.2009928601737894,1.7875006019600324,-1.4410307945950867,-2.4655397418863356,-0.13331407585414434,1.9587461321704813,1.496803729445276,2.9075023939402755,0.4158416786247512,-2.911892045071207,-2.085801539713499,1.1924800670772444,1.567677339354285,-0.05913431510177946
2.2056362274376697,1.7851813487207073,-1.4425152639698444,-2.471845125904612,-0.14127066054963403,1.9732420183733552,1.4920429238448678,2.9076154442253452,0.4164293958127538,-2.9120394617688565,-2.0945670625527004,1.2060514650045446,1.5749650892280567,-0.06179618636970484
2.2086474624681087,1.7863612356167182,-1.4447486884585374,-2.4754268274084987,-0.1468873024155285,1.9838183219790324,1.485731305036586,2.907587655704063,0.4167586729926926,-2.912063074496669,-2.1019678488482803,1.2174502855649856,1.5815695302628592,-0.06258460639569416
2.208358231344841,1.786671722102898,-1.4452858740973848,-2.4748749860597754,-0.14712806290361968,1.9840901077079813,1.485441237998875,2.9074752257362784,0.41623981914255737,-2.912107471434876,-2.101421125183061,1.217500062388331,1.5819589568722987,-0.06237155952188135
2.210916665816562,1.7828777057843044,-1.4430246254431265,-2.478014693624955,-0.1518933737698676,1.990331095570551,1.4856394024687583,2.9074036689145784,0.41409844460307815,-2.912957431073312,-2.1047457295353356,1.2176657427771482,1.5766968205721188,-0.0647101813795147
2.2107973330309965,1.7822717088273219,-1.4430649999480598,-2.4779823006099377,-0.152402176264355,1.9903432525685716,1.4859493189559463,2.9069699870397185,0.4141562614473884,-2.9127442938386685,-2.1046600194118033,1.2178122960940378,1.5763313221589605,-0.06479746269567443
2.2179413458256407,1.7845789257503457,-1.4426157394842591,-2.4833898435601713,-0.1524828097317499,1.9929690674241831,1.485034889602526,2.9069966082199086,0.4128317332913805,-2.9121255054545285,-2.1082629727620317,1.2204167277219014,1.5748399545802017,-0.0680120441357682
2.21798514500278,1.784650580301573,-1.4425707171280093,-2.483543799275643,-0.1523580339573589,1.9930364648149066,1.4850211140153462,2.9070609260321243,0.41286992233157127,-2.9121941801281706,-2.108331681627089,1.2203955917192195,1.5746833872719024,-0.06804467015064901
2.2198716226324304,1.7891201588061358,-1.4543262746007704,-2.470451666429455,-0.12750856532430901,1.965687068466019,1.4670738139607753,2.9061183238914423,0.409550977880202,-2.911613878339014,-2.1056797650703794,1.2115949315140302,1.5597590016607565,-0.07258031780948306
2.220006786470977,1.7891665919435127,-1.4541465900500519,-2.470765244434965,-0.12731541790825374,1.9656878666125817,1.4670683265137474,2.9062334344582506,0.4097197333247273,-2.911688906178129,-2.1058980327251406,1.2115415389855377,1.559501848485361,-0.07262718232519415
2.225620537131843,1.7860879520758002,-1.4547389819324286,-2.4755754402814825,-0.13238447665830086,1.9760257095590124,1.4635197068600072,2.9072220549995706,0.4113236731992545,-2.9107921979431,-2.113190166867229,1.2244232427783095,1.566813763049439,-0.07619581745955446
2.2255124175285736,1.7861627689399433,-1.4548158504712576,-2.4753844622758563,-0.13246321476915737,1.9759887139095076,1.4634912054635005,2.9071337470287353,0.4111774673491039,-2.9107649832591287,-2.113076103219355,1.2244362532555413,1.5670449544064418,-0.07615666297209339
2.2221501128614656,1.788361866894891,-1.4692438037499524,-2.4624886360884766,-0.11406029108110027,1.9545736380647638,1.4463540392253271,2.9071588884769732,0.408559974732666,-2.911935707113943,-2.1143022820654145,1.2246457851894246,1.558887289308448,-0.08130842906392681
2.222371385799165,1.7882868365039548,-1.4688035349551822,-2.462874715488004,-0.11368608838035599,1.9545322462124017,1.4463095671129735,2.907223340651971,0.40889474148753435,-2.911898498803337,-2.114655187824064,1.2245810563526205,1.5587289640813622,-0.08128048425809914
2.2259484046459006,1.7862529830645102,-1.4718169670582595,-2.467243325822033,-0.12006668313079866,1.9675896269226807,1.4412631638108815,2.9071843621406055,0.40836864394442635,-2.9109902577950155,-2.1202815597173283,1.2378481633981882,1.5660249178727093,-0.08360209231558646
2.2259084487932967,1.7862748470168124,-1.4718839650637439,-2.4672881202988712,-0.12013291077121363,1.9677604582963422,1.441234088658461,2.907195949213134,0.4082961930180343,-2.911001540239478,-2.120225044556436,1.237822771023658,1.5658738633466507,-0.08359043733760357
2.2287172058559515,1.786578343927693,-1.473792051719985,-2.470656929714284,-0.12523350079759518,1.9784814522847183,1.436892221261111,2.9070648382054602,0.4075830353944528,-2.910470321256615,-2.1245197869346266,1.2483357966995716,1.572415943457276,-0.08431609221672738
2.2329673500615623,1.7846547725113637,-1.4738956138531354,-2.4745840909321175,-0.126201049859901,1.9796464186682146,1.4382838910785,2.90705546259909,0.40609684304165294,-2.9120417487886696,-2.1243089334862786,1.246641527944195,1.5686019568049983,-0.08517617195814477
2.2329429834345733,1.7845400724626213,-1.473950163554965,-2.4745314447331186,-0.12634057769775905,1.9796368964203814,1.4382546488253993,2.906996887913292,0.40608626464084857,-2.9120193372864374,-2.1242671686420826,1.246662923503492,1.5686309393145224,-0.08510996964823413
2.239575278245343,1.7844875960628255,-1.4736056397908917,-2.4806721363219437,-0.12828435865410004,1.9856178020348927,1.4377095332739085,2.906901563270995,0.40494559036107536,-2.911909242057724,-2.1275474480080483,1.2501494432765097,1.5680990140751208,-0.08779577821878065
2.239639795308431,1.7846198314235258,-1.4735609722708647,-2.48084303015244,-0.1281315540737095,1.9856805296742854,1.4376593413770375,2.9069940326049806,0.40499475900046555,-2.9119674284270927,-2.1276211525925808,1.250106661664945,1.567945747357283,-0.08782346164643198
2.2461015222226575,1.783846368258582,-1.4729309446549592,-2.4858984431484523,-0.1308620322672447,1.9903858263468883,1.4383597795714684,2.907253912202239,0.4037511602101176,-2.9121462124776385,-2.1299423561095896,1.2536248276910773,1.5678646911507348,-0.09018007188177415
2.246155420508057,1.7839068473812139,-1.4728563165559858,-2.486055891094795,-0.13075740348407516,1.9904238609691924,1.4383430032191842,2.9072573609514607,0.4038312948415516,-2.912163518808627,-2.1300297730479856,1.2535925269082488,1.5676847796264561,-0.0902467783041872
2.2531219228311676,1.7839422988558347,-1.4715224132252076,-2.4913494963829637,-0.13283752349996736,1.9947989053430812,1.4393254798396968,2.9074814922550813,0.40254930263380123,-2.9119981677993283,-2.132373337737441,1.2565436315106844,1.568125867175758,-0.0928039989166893
2.253281192234505,1.7840646157528086,-1.4713070240972241,-2.491597652151984,-0.13247800777333354,1.9950876291123691,1.4392056509085482,2.907534409564588,0.40264655797586113,-2.9120391283185896,-2.1324924897953377,1.2564740683873579,1.567904943193296,-0.09284917692972469
2.2597579698231027,1.7843092137069398,-1.4707157309941348,-2.4965616335800433,-0.1345673418165078,1.9992171453140215,1.44037847587727,2.90752386065117,0.40097375528337864,-2.912194746069173,-2.1337770688657685,1.2594970901653788,1.5681015694194118,-0.0954140753784353
2.259725112553093,1.7843779092218006,-1.470772744262184,-2.49644995198972,-0.13458492523673737,1.9991289765359073,1.4403210730845268,2.9074746401749874,0.40093013335414823,-2.9121764545625863,-2.133716191763491,1.259509651842893,1.5682885915746878,-0.09537263404032004
2.2613402702118943,1.7887233152921413,-1.4816288058974116,-2.483414429934912,-0.11085557129772342,1.9708243181870584,1.4251372951496557,2.9059258899927687,0.39807259077844465,-2.9116535371863312,-2.129812794765856,1.2496697069193838,1.5533439303513326,-0.09885006837295654
2.2613675539111613,1.788640481772377,-1.4815776664486744,-2.4836361476642086,-0.11085714675240388,1.9710357371505454,1.4251611243116118,2.905986273171832,0.3980974422398556,-2.9117236858141053,-2.129894091297112,1.2496339493724695,1.5529870161880017,-0.09887370039559483
2.2650126750249715,1.7872632978494327,-1.481392343174975,-2.490657220262795,-0.1172587306624116,1.9839673541385512,1.4261660946688062,2.9067786016730457,0.3963709343019262,-2.910069165775025,-2.130540648833462,1.2526662724849722,1.5534653227381134,-0.10035366746332582
2.264935752657759,1.7871069336070784,-1.4814642148164079,-2.4905479865575813,-0.1174197544953042,1.9840169452085052,1.4262038997380924,2.906696481097051,0.39629642695367245,-2.91006420763312,-2.130458660729616,1.2527082485418208,1.5534907775104045,-0.10032250284860499
2.267439630179265,1.7861864700870864,-1.4817350898727701,-2.4935514155005314,-0.12212385222864072,1.9901942070117555,1.4282140251191806,2.906572992688929,0.3945237656167786,-2.9101527186708283,-2.1315491023897826,1.2553135678375436,1.5537228919686592,-0.10262776711669966
2.2699371843147658,1.7856424878757837,-1.4820387777978161,-2.496723289869072,-0.1277562936828216,1.9967457099910404,1.4313889306401937,2.9066906644943518,0.393346294828317,-2.910719495986983,-2.132578339524199,1.2566927428343762,1.553206298657392,-0.10465813757271604
2.269891828966676,1.7856470968828269,-1.4819016065449473,-2.49649936083098,-0.12780579065331518,1.9964785541582375,1.4313036378328359,2.906562255786769,0.3934184876317324,-2.9106855821488007,-2.1325117839000476,1.2566721133351209,1.553646179863491,-0.10469922196213113
2.2687080788249245,1.788946061563821,-1.4940693923746795,-2.4838515996602992,-0.10453209684986453,1.9694445349901928,1.4160863445193397,2.906751274922685,0.39104341687323424,-2.9120645276029484,-2.1286022220357474,1.2485326141144673,1.5400134524973146,-0.10838701128398831
2.2688251148374454,1.7891192518859653,-1.4939655373493712,-2.484027016325967,-0.10436264923958505,1.969636366805973,1.415946568682242,2.9068296720839757,0.39101272120142083,-2.9121316901764085,-2.128663148632668,1.2484707370759478,1.5397901761936146,-0.10838822186655082
2.2711271509816853,1.7832537890782092,-1.4958093193313864,-2.4874953387056427,-0.11161179875132068,1.9807613831465878,1.4149045499882547,2.9069214373431222,0.3899405511879053,-2.9094282370131834,-2.1332280645522843,1.2609967330115945,1.5477245287359158,-0.11113693944849447
2.2710070456297133,1.7835407234598868,-1.4959755642253802,-2.487116905568708,-0.1116077325619684,1.9808594536747766,1.4146871461636918,2.9068262126074758,0.38959989990287147,-2.9094499072024047,-2.1328997869996984,1.2610491038321807,1.5480883610877854,-0.11102409482400276
2.2737541851758105,1.7843866089042943,-1.4957047156230954,-2.49296456189588,-0.11599430321080617,1.990175878154674,1.414993650513378,2.9066091517761317,0.38702492188988935,-2.912076663800224,-2.1344952286980705,1.2635186902126603,1.547376654318996,-0.11335391895708506
2.2736478206566355,1.7841682377928452,-1.4958814422067868,-2.4927450392924984,-0.11627494373606007,1.9901828529510948,1.4150315886369296,2.906497204365254,0.3868949306451054,-2.9120225544039293,-2.1343253151372927,1.2636313747017096,1.5474784325862856,-0.11322580570255092
2.273233839283494,1.7868069267765216,-1.5065344239761205,-2.480180442036223,-0.09498564925895817,1.9631049029164935,1.4006728158946755,2.906263364316686,0.3835921231915132,-2.9121552085948004,-2.130506639211976,1.2563504815743674,1.534810496278756,-0.11708760450183613
2.270813225529567,1.7865592582464258,-1.5067678026724542,-2.4803709836659897,-0.09587657196857904,1.960666441666172,1.401083876296546,2.907214387010275,0.38353593396405344,-2.9123408047498933,-2.1307024911281136,1.2560395228393395,1.5347106977533451,-0.1172765005141569
2.267663131533908,1.787882363464352,-1.5210244519233505,-2.4722177803432257,-0.0788019914314083,1.9404797052742726,1.3828347285769638,2.9069273001347993,0.3801302597826001,-2.9125942437478436,-2.1290202946339947,1.2575411104856455,1.528544290038765,-0.12025389536399828
2.2678215553495664,1.7878783529875388,-1.520690012698563,-2.4725239072089575,-0.07844616528563113,1.9406101488307625,1.382775139792297,2.906957269395423,0.3802760496415956,-2.912572947937133,-2.1292614472547275,1.2574487071332383,1.52830505256693,-0.12028738005043972
2.268701355588319,1.7866391191280555,-1.5241740769301737,-2.4758763045299426,-0.08526704315275066,1.95386610815008,1.37553931859991,2.90765657432208,0.37805430630958864,-2.9108300471575035,-2.1309235177090198,1.269862815001292,1.5358120858548854,-0.11950628663386957
2.2687189119063915,1.7866437762644154,-1.5241224434652219,-2.475917006974039,-0.08529323908967654,1.953817675650067,1.3755367260965699,2.907655210329517,0.3780997565141024,-2.910808047745638,-2.1309666946114003,1.269830967640844,1.5358110063010078,-0.11949857716570926
2.269834921128272,1.786768130603876,-1.5275576165694698,-2.479955948339004,-0.09164022208232331,1.967013644895425,1.368327188888608,2.907664565596404,0.376848836088487,-2.910762505565161,-2.1335702806669645,1.282089711340055,1.5431707253673181,-0.11827423825623747
2.269805285281631,1.7867785582354392,-1.5276317088675067,-2.480014316913513,-0.09169691865021842,1.9672472797130345,1.3682598189703132,2.9076947315231707,0.37676119328892127,-2.910780302020112,-2.133509428951711,1.2820362663292018,1.5429664557786726,-0.1182653212687108
2.2686159554947456,1.7859659475828575,-1.529752356445601,-2.48331226353104,-0.10036603578730471,1.9773165872254732,1.3675693980199444,2.9074822730776657,0.37162462914767724,-2.9102318321053557,-2.1299439331379197,1.282774767640922,1.5425335204628634,-0.1153895827403951
2.2684119945160517,1.7860553327882953,-1.5299833156078748,-2.4829454256104366,-0.10048391471715448,1.977393341593405,1.3674062210428617,2.907309751868517,0.3713947252220913,-2.9101501897806465,-2.1296116649407404,1.2829285459299775,1.5427489892466613,-0.11526803302650586
2.264137689517151,1.7863207950611257,-1.5403912311983448,-2.470321242148152,-0.08174501289977376,1.9500404845186734,1.353781006250038,2.905015219072938,0.36763623408217416,-2.912244096333376,-2.1268446976333246,1.2737567569740462,1.5282399882692517,-0.11724073961248208
2.264495261826104,1.7862649369763017,-1.539947364908091,-2.470900800905184,-0.08129890490799527,1.9500409580734444,1.3537844139622448,2.9049499887745354,0.36806477797867526,-2.9121637620010397,-2.127314373997589,1.2736799674066128,1.5277791195891897,-0.11732801024663557
2.2686530392216686,1.78711402235218,-1.540946614549889,-2.478228144242763,-0.08672952415720052,1.966752471550057,1.3492328312187265,2.907413542822855,0.3681138039492101,-2.9116555804612547,-2.1325686225198632,1.286820562632214,1.5357138897964593,-0.11916086010475778
2.2690104867361067,1.7869206894831986,-1.5436475283662443,-2.481082031972638,-0.09003108880211015,1.9770232932870297,1.3444496370162407,2.907417189694436,0.3662367941984671,-2.9113198522496293,-2.1339261472725344,1.295333552609538,1.540105887981816,-0.11936623476034389
2.268185706156493,1.7864747615920546,-1.5443340070315852,-2.480305605955089,-0.09122023871995559,1.9765492862653355,1.3448862082951147,2.907130511603016,0.36582785389940975,-2.9112244358957184,-2.133331563500893,1.2955471482519418,1.54047885039222,-0.1193097941436926
2.2616760753592873,1.7865518070464752,-1.5565498421625414,-2.466309974610294,-0.07309394168547399,1.9497187911633447,1.332339019957796,2.904737251016496,0.3624532385829477,-2.911653569669455,-2.1295789738890214,1.2862429635718784,1.5264701216666139,-0.12246744816980512
2.2620377317516995,1.786576322053388,-1.5562542569206406,-2.4670662981624027,-0.07259360808597219,1.9499460705567357,1.3322688843837196,2.90495904625801,0.3628188035338437,-2.911741342180911,-2.130117865795739,1.2860083014295207,1.525770019724207,-0.12254828362384775
2.261833832489018,1.786071672194747,-1.5597253233294652,-2.46890490732093,-0.07897916971022695,1.9628125327628327,1.3280024953485885,2.907275183007261,0.3612626141639585,-2.9111978097349485,-2.1335010140294366,1.298033935125166,1.5328927910471029,-0.12363257182243127
2.2617114245262377,1.7853641631551422,-1.5595728929448718,-2.4688921381253808,-0.07946101964125955,1.962577043784501,1.328477438891916,2.905529708183332,0.36158258434605084,-2.910100378443626,-2.1333624717100856,1.2986209007713947,1.5319214269684616,-0.12402445839995278
2.2633192577342256,1.7835405445031185,-1.561135491448779,-2.4737354971165373,-0.08546007103830248,1.9756078686521663,1.3252719494017269,2.9055436409074726,0.3602698397942791,-2.9108755084912357,-2.1370902521988633,1.3088737135976736,1.5369436124700482,-0.12493062627815119
2.2626941562996805,1.7833759179538609,-1.5617271775835413,-2.4732338569887107,-0.08635490574085136,1.9753093726016808,1.3254465922263552,2.9055800826826763,0.3599339855477876,-2.910929570711585,-2.13664423750303,1.3089572418269597,1.5372186264114027,-0.12488224071712856
2.2618746810372006,1.785084286742735,-1.562485276696034,-2.4771147731546,-0.09368860452525313,1.9864154651258046,1.326598100270446,2.905483356705809,0.3550740829672632,-2.9111103593542462,-2.133908011371599,1.310852117250313,1.5346075507996195,-0.12499643675591196
2.2617683586692445,1.785069936067318,-1.5625535700680935,-2.4769176417394356,-0.09376147103605054,1.9863598552136197,1.3265944409001442,2.9054249805044536,0.3550195415406789,-2.9111155458112954,-2.1337430002036624,1.310949110082244,1.5348279035014913,-0.12494670575207534
2.265725558963511,1.7830455872682125,-1.5623150615172121,-2.4822989784846126,-0.09607363612312728,1.990744466476753,1.327863429358989,2.905532933505679,0.35450614940274244,-2.9108176114398865,-2.1363006715578936,1.3140058398118681,1.535069726479543,-0.12760725244608317
2.2590084139492377,1.7842493961928363,-1.5729269208455858,-2.4666734598064592,-0.07929238904537059,1.9608060697431309,1.3177580431146014,2.9032351425124525,0.3512172235526129,-2.911319170242646,-2.1322583284746686,1.3041264895420506,1.5218142579462333,-0.1300580312278328
2.259285381840536,1.784153482447736,-1.5728316400810098,-2.467204502183496,-0.07919171675464089,1.960935780743925,1.317728608773163,2.9033542695604884,0.351417921381877,-2.9113787313572526,-2.1326309856411663,1.3039273144200927,1.5212178828240437,-0.13009238667855733
2.247942982646574,1.786107567151488,-1.5879777200141896,-2.4511508787158642,-0.0658164236310372,1.9398826457242642,1.3037686499534311,2.9053732158744943,0.3477541586824068,-2.9111039245879633,-2.12941337048588,1.3027243369456358,1.5141344638855312,-0.13268563862747382
2.247936657160425,1.7860324232498466,-1.5877152308453235,-2.4513960804691566,-0.06532201492599016,1.9401613924860535,1.3037100955930498,2.905290802716561,0.3478415901132412,-2.9109629435519637,-2.1295928368872805,1.3026969019154777,1.5138946473923636,-0.1327089848977211
2.2474196960809967,1.78471779724803,-1.5919377483582433,-2.4543995604101747,-0.0714789642864668,1.9540544881719062,1.2989096199814911,2.905595360903235,0.34574394091380983,-2.9109211715381194,-2.1303016046800147,1.3129481549004691,1.51904722395019,-0.1323558778293781
2.2471640624065348,1.7843286727365446,-1.5922492537783093,-2.454317858230928,-0.07233551942569184,1.9535331754859575,1.2992754899418364,2.9056861724970333,0.345788847183374,-2.9109426638909444,-2.1303601985543774,1.3129286885870637,1.5190701476907271,-0.1324035372710336
2.2466694208324656,1.7844718302280227,-1.5965972471089256,-2.4581169462850885,-0.0780875907082746,1.96733528724062,1.2946023905556885,2.905701446535919,0.3439822989900226,-2.9108560707763957,-2.1308185889428857,1.322371368125309,1.5236930215389775,-0.1315225213795463
2.246717553038529,1.7844562640028572,-1.59654268127416,-2.458162689131941,-0.07808717054655634,1.967293820203799,1.2946568884003795,2.905569825194794,0.3440434884872117,-2.910743110627917,-2.130869632194743,1.3223814382095995,1.5235757110210226,-0.1315374097520986
2.2461121799507,1.7845397551605873,-1.6005966026948932,-2.461994422729881,-0.08425268681334801,1.9807395477633252,1.2902410870309184,2.905588331125426,0.3424764732358228,-2.9107780963795182,-2.1309879835879717,1.3314068060129043,1.5281935705408964,-0.12982385173578814
2.2455612958877422,1.7846295941905401,-1.600917028602715,-2.4611883438827187,-0.08444311123511412,1.9810473167836815,1.2901220026106266,2.9051967570933743,0.34195224864656687,-2.9106140378693905,-2.1302064692578733,1.3317366132943027,1.5285970389590544,-0.1296788753189828
2.246925183402643,1.7835928137219255,-1.6023062760053033,-2.4659448793836147,-0.08819452148846828,1.9887313899515342,1.2890921849474992,2.9051881948425295,0.3407350965922842,-2.9112741061518608,-2.1292932740303687,1.3335585161664882,1.527635317146765,-0.1279062146959022
2.2467400395059456,1.7833916718510923,-1.602316064540422,-2.465716850125404,-0.08807432222343667,1.9888974796399017,1.288991046360499,2.905059413034082,0.34054330103864733,-2.9112282305722004,-2.1290475221726837,1.3337161798490593,1.5277767780123188,-0.127717556293133
2.246075746279668,1.7852114403042814,-1.6028970081334586,-2.4698567853175795,-0.09276399995265301,1.9965305188689353,1.2914120134931333,2.9050863097952435,0.3393193011564487,-2.910423113847747,-2.1293941185696723,1.3340587227721363,1.5262308457521585,-0.12960316115160886
2.2456354776445617,1.784883334784726,-1.6023890984809417,-2.47176427158135,-0.09613255044131766,2.0020407027339555,1.2940900930080665,2.9049389316635947,0.3374164290527794,-2.910599650391947,-2.128951303662225,1.335481057211599,1.5259118942241605,-0.13139363525075257
2.2452281881431975,1.7843959106626048,-1.6025221435936141,-2.4717725990525237,-0.09646235517834631,2.0016063718711656,1.294556964207072,2.9048498553373396,0.3376046807080963,-2.910510447907624,-2.129033109214269,1.3354710893805781,1.5258687195529064,-0.1315160965734425
2.238998572396484,1.7837004726283046,-1.613410291276439,-2.457533260960185,-0.07901053839394379,1.9724602190985916,1.2867232606347168,2.9042945763263104,0.33536907377455866,-2.913228315650259,-2.125378677516936,1.3259407496014264,1.5143392253124717,-0.13559642823799148
2.239196117990511,1.783813713772055,-1.6134277953622367,-2.458018188516047,-0.07877829252349383,1.9727011140916149,1.2865416522796482,2.904450203728879,0.33542284355160773,-2.9132664757518216,-2.1256647280540366,1.3257699993641485,1.513723309963504,-0.13561916565043264
2.2299196870597298,1.7839873458555953,-1.6261566834445513,-2.443277130510947,-0.06499717238919879,1.949710587615544,1.276175704899678,2.902818710807281,0.3330396012308443,-2.911347226793178,-2.12282462192195,1.3220144602161772,1.5057940017253595,-0.13863016789451632
2.2300390672464947,1.7838194635088134,-1.6259468604162692,-2.4435120070034806,-0.06475375233988896,1.9498169573720994,1.2762488071401523,2.9020819045754327,0.3332580774486738,-2.9107712469723275,-2.1230109814320577,1.3221598708172464,1.5050358060735376,-0.13868925714430183
2.228490983943046,1.7835759883938815,-1.6301427810785494,-2.4444706041002906,-0.07044714636301751,1.9623314399218106,1.2730429970229142,2.904316607813009,0.331140357264115,-2.910430687373364,-2.12270498029609,1.3314137937414354,1.5099450565411567,-0.1384057265901333
2.2285191233121417,1.7835739260484633,-1.6300973467660491,-2.444482532786544,-0.07044899596647963,1.9622886128799923,1.2730606590446565,2.9043228931128544,0.3311545802315085,-2.9104108025915605,-2.122763515082859,1.3314021560893945,1.5099554870563647,-0.13841674234244683
2.22757236200549,1.783735417926192,-1.6342740172364445,-2.447144443610081,-0.07564194250848806,1.9751052093828265,1.2694767862891045,2.904242106384491,0.3291678218912468,-2.9106629111066606,-2.1216684620965185,1.3397037210547293,1.5131628988186625,-0.13726372098012038
2.2274217229114184,1.7838050661820206,-1.6342900829314044,-2.446857685448537,-0.07569287004898484,1.9750188737784515,1.2694808957851382,2.904178846373268,0.32905902257149844,-2.910627438003922,-2.121482597680986,1.3398141963730565,1.5134981090584438,-0.13726219138271448
2.224196759658671,1.784787330751635,-1.6382279062766112,-2.449743652294277,-0.08281212978229956,1.9864134938151525,1.2695300646651557,2.9033318279837816,0.3242251470742996,-2.9097687832087242,-2.1132780133450644,1.3386021203785172,1.5099750608205087,-0.13326425684209506
2.223822133153787,1.783253881488057,-1.6417349502358785,-2.4500776713707633,-0.08544079479717362,1.9905411174990837,1.2683203776312157,2.9035697314987963,0.3217071420877383,-2.909937647145901,-2.1096187797804173,1.340675223092346,1.5107838194923533,-0.13113906280142296
2.2235573479075885,1.7833273919622223,-1.641876841166529,-2.4497240030881358,-0.08548788217081758,1.9907024886198559,1.268218224790339,2.903520859997792,0.32144308698880475,-2.909961121589702,-2.1092623426960135,1.3407916576647434,1.5110239923512845,-0.13106099340248614
2.224689941249325,1.7838875990752487,-1.6442419650919833,-2.453055529992175,-0.08690919011591614,1.9971246559247617,1.2661645437037552,2.9042484440198515,0.3202596755222887,-2.9109782159115367,-2.1078546255988715,1.3433878761031348,1.5108227061716446,-0.13005855746007147
2.224573382084285,1.7838771670004923,-1.6442597343694882,-2.45282792467487,-0.0869625891628715,1.997007477317328,1.2661777709663096,2.904157915588151,0.3202002800782498,-2.9109934562429696,-2.107714809098924,1.3435070632874861,1.5111247295043024,-0.13006064252872615
2.2171076855831795,1.7832049425731518,-1.65513839010125,-2.4373211560754924,-0.07126751193775929,1.9693870429444087,1.2563048144288103,2.9005190784076884,0.3178665071774444,-2.909661280289134,-2.104153078576926,1.3346171941546396,1.498870242884484,-0.13242192111486503
2.217337264181206,1.7832934019485291,-1.6550548760193118,-2.437699704026379,-0.07104695156663611,1.9693235064109158,1.2562757013062325,2.9006203625177327,0.31803943920403865,-2.9097230863654264,-2.1044778713651846,1.3345003578235621,1.4985853004826601,-0.132461743298335
2.2179838337336206,1.783741234810506,-1.6578934813939594,-2.439830111259069,-0.07477401106977657,1.9798161489968198,1.2544889047759613,2.9043126744659222,0.3167524113541979,-2.910074491442395,-2.105020306357127,1.3435270327361426,1.5029348074608277,-0.1341064435421929
2.217833405840647,1.7837994387917044,-1.657926179555737,-2.439452428677339,-0.07480328379564315,1.9796175649098597,1.254478172444693,2.9042177642593723,0.31663171276422025,-2.9100489509476,-2.104833238859521,1.3437198699622936,1.5034154575611316,-0.13409713046008948
2.21818998514913,1.7839571394635603,-1.6631974790379005,-2.443313144083891,-0.07864006645628815,1.99011213898608,1.2546458706930421,2.9042993490177684,0.3144990210358007,-2.91019689702539,-2.103879894009135,1.3513036636231084,1.505831123263889,-0.1364481622553148
2.2180888755385886,1.7840194693810525,-1.6632361359408765,-2.4431012803867453,-0.07862250847266486,1.990070190909811,1.254604797902888,2.904263015076402,0.31439286747089534,-2.910201666477439,-2.103751419844038,1.351401209722603,1.506058888175286,-0.13643169153590187
2.218890926489833,1.7832375985000812,-1.6660020786085712,-2.4448705916094005,-0.08202958744537746,1.9977200967483837,1.2551608964887568,2.9042333017480515,0.31225050528927895,-2.9099240173189496,-2.1015961504607907,1.3557967746804545,1.5067480583656176,-0.1381316895244996
2.221269915538923,1.7831039452522186,-1.6675870532752555,-2.4477231324734308,-0.08441956275129019,2.004020773859744,1.2557886544921486,2.9031769381719643,0.3110378307935602,-2.9105874276630144,-2.1016082637035454,1.3599036283428534,1.5073054801932613,-0.14025059892953654
2.2210847162395093,1.7831985511760895,-1.6675086027731714,-2.447453695000129,-0.08420470566652546,2.0040850060892073,1.255703964695625,2.9030121561662114,0.3109130194344944,-2.910518009365619,-2.101379525354605,1.3600625393177137,1.507613290473734,-0.14018594931888292
2.220405333756187,1.7842327095201227,-1.6689929616803467,-2.450830316145088,-0.08913444858717269,2.012546669238913,1.2581347444508342,2.9039491026393063,0.30846455914717086,-2.909897214972594,-2.0995441991859973,1.3617554361983017,1.5057933453941066,-0.14230470355566907
2.220358256031669,1.7846042463833809,-1.668944633226295,-2.4507964281109422,-0.08889461214022955,2.0124124797398575,1.2580284521782417,2.904006558998892,0.30849773257705065,-2.90995496791476,-2.0995063779778227,1.3617510260174335,1.5060230610242342,-0.14237397331541793
2.219687602763391,1.7845729702723783,-1.6704670434741973,-2.4538383367145937,-0.09324634759912265,2.0194784505811065,1.2603991001713617,2.9038601538643802,0.3060619980419025,-2.909918204266284,-2.098013804365905,1.3634496967386072,1.5053722001930065,-0.14417058674503966
2.217623077762342,1.7813175536713475,-1.6712923281915242,-2.453732552346889,-0.09563402520235105,2.018388272840404,1.2623998878911766,2.9042168530743413,0.30621853033114915,-2.909798078691639,-2.098071168614829,1.363386383738084,1.505497669942744,-0.14423483518203217
2.20883312570728,1.7799582485509213,-1.6818198207634854,-2.4359122944913607,-0.07967145993065297,1.988092546400385,1.2536950296606277,2.9015731728342935,0.30466213551227594,-2.909543525691857,-2.093982838338212,1.354374788111273,1.4954943164727528,-0.14694634724008585
2.208933396423316,1.7795844190177244,-1.6817559039333523,-2.4362631967101684,-0.07966879316561694,1.9883237015339157,1.2537234075749635,2.9015987483090435,0.3047468725446283,-2.909527449907105,-2.0942359354175584,1.3541685423045968,1.4950319645928816,-0.14693107254339222
2.2089585596818604,1.7808738320404678,-1.6876024033069943,-2.4391874405840746,-0.08213359623053082,1.9929270331346947,1.2530481125383868,2.904215057106758,0.30176565234157093,-2.910361105379098,-2.0912281663436842,1.3577657034139938,1.4960650467081853,-0.14691839524829087
2.2089932408787902,1.7809301158065087,-1.687512976479189,-2.4393153153500906,-0.08193399436169509,1.9928683087117782,1.2530217256647747,2.9042177202925283,0.30182731397063217,-2.9103011364921354,-2.091390530827399,1.3577402635328548,1.4960145326701209,-0.14692438831985524
2.2074029755074447,1.7799953771036736,-1.691401930862898,-2.439591708877287,-0.08476980795179936,2.000140322308215,1.250630732261945,2.904397970777215,0.3003012240978038,-2.9095624854205053,-2.0919642036422053,1.3649643995135656,1.4993823100531856,-0.14794164168370771
2.207283940889863,1.7800392378718544,-1.6914239923865257,-2.4393699645135802,-0.0847817915156931,2.0001122076131406,1.2505851350824573,2.9043655763016147,0.30020146574139256,-2.909564849162964,-2.091802015507823,1.36507093948433,1.4996011782798329,-0.14790024680565014
2.207692879238794,1.7804656189632404,-1.6956675666968584,-2.442056303791347,-0.08619171677586572,2.0049526431261526,1.2497438837212809,2.9043012157260972,0.2985756212986086,-2.9111110573953356,-2.091220127382317,1.368678519680432,1.4992913302743822,-0.1492668948681776
2.207712114145669,1.7801981043482966,-1.6956929418560955,-2.4419930772331457,-0.0864111191571822,2.0049938816007975,1.2497904152975425,2.9041972801131606,0.29855436984182415,-2.91109302994046,-2.0911934632514044,1.36870725127269,1.4992602846635716,-0.14922131177617598
2.204881764179374,1.780347397044668,-1.6984158830608744,-2.4449136231493362,-0.09016819271854706,2.0110904706527695,1.2510532887216377,2.9036796266680063,0.295776502606794,-2.909631236007068,-2.0897896034450203,1.369903059862438,1.4970832651791064,-0.15130702927944925
2.2048889396797766,1.7805973572739515,-1.6984226683300185,-2.4450569173505583,-0.0899592612693085,2.011085560446492,1.2509292192007497,2.9037807851681166,0.29582953122578176,-2.909679021553526,-2.0898758184155732,1.3698465743542982,1.497030959389395,-0.15137350200600966
2.196172548454152,1.7796476359108802,-1.7090007804004332,-2.4278786534936465,-0.07485153722262256,1.9835663523413931,1.2405348516700796,2.9008625965386474,0.2931647693582805,-2.909472638520293,-2.086070060613745,1.3611865341197331,1.4865684033284006,-0.15331027317700746
2.1971492459197974,1.7802981485336866,-1.7103256222809111,-2.431745175347898,-0.07911395856639869,1.9973463663478,1.239306958622344,2.9044239711981614,0.29214035874473276,-2.9096044956075984,-2.0875069497509604,1.369957975405432,1.491544613146499,-0.1541692120085792
2.1971561368927333,1.7803621093963047,-1.7102441080086368,-2.431688232543936,-0.0791157673217122,1.9971461239986765,1.2393374874801664,2.9043885988344877,0.29215993006243146,-2.9095875354179213,-2.087565485651679,1.370012218598849,1.4917484916588526,-0.15418492124970076
2.196081124688219,1.7803511911148993,-1.715425760712587,-2.432044383025651,-0.08068680067384276,2.0041245190944363,1.2352725868388834,2.9044799836517528,0.29058718262125244,-2.909631137546561,-2.0869224454936153,1.3768702238740478,1.4939336729437587,-0.1544975379034547
2.1957599701766384,1.7799765535259473,-1.7155287241369723,-2.431446990980219,-0.0810656674490865,2.004310546749629,1.2353261730615237,2.9042563338811807,0.29028806110239885,-2.9096066399568326,-2.0863981318249354,1.3771170098137364,1.4942638358748257,-0.15439104647165344
2.18636364047665,1.778673879723645,-1.726646999914521,-2.414759042900638,-0.06636777724501496,1.9773222200305707,1.224597629264237,2.903554457184986,0.2869886073554783,-2.9129322101328228,-2.0823072357706165,1.3682916347245628,1.483037520244543,-0.15620610598586138
2.186586063128467,1.7786691263535321,-1.7265379662861284,-2.4151782492194522,-0.06617706216392852,1.9772887414089202,1.2245456659137615,2.903565775728453,0.2871625802376617,-2.912879411833348,-2.0826817258257,1.368156693927774,1.4826903885562197,-0.1562530321754618
2.184918405428732,1.7802377236011777,-1.7317158574687466,-2.4147968505935293,-0.06795746545403605,1.9852981221648167,1.2205912103348275,2.9043802301527712,0.2847099425298011,-2.9096615162222568,-2.081919203557565,1.3757669272119653,1.4855843029338842,-0.15717746699077992
2.184954185829582,1.780480097296435,-1.7316269643671276,-2.414806740226698,-0.06748373046746331,1.9853302896472427,1.2203765336149668,2.9033882306659677,0.2848790549856745,-2.9088783438261308,-2.081931301089935,1.3761892925347123,1.4849894470214189,-0.1572307182072329
2.1829052948228282,1.7805491010312626,-1.7365240680215632,-2.4147398862421956,-0.06914011807356282,1.993811273043369,1.2163016962542432,2.9033942570489555,0.2821570681232929,-2.908869121436035,-2.080023072107059,1.3828879191486894,1.4873785801624688,-0.1570977581937968
2.182954787994655,1.7805602350045593,-1.736491416678277,-2.4147878356627923,-0.06911834562860804,1.9937653273119804,1.2163255922049017,2.903409322967392,0.2821880875731524,-2.908856347594103,-2.080099860767861,1.3828706068069807,1.4873613423054368,-0.15712212461733255
2.180788096049188,1.7805626930098417,-1.7407298973517356,-2.414965678084775,-0.07090328338640141,2.002365404262379,1.2128480401132768,2.9033924360516274,0.2792731209449712,-2.908882838812795,-2.0769700375627345,1.389413969226989,1.4893291020543555,-0.15610216459287327
2.1688406924600363,1.7796443734627725,-1.7523116938054635,-2.3956768579231995,-0.05733934346925819,1.9746800389659416,1.2028962700556085,2.8999225948147904,0.2748120382050435,-2.9089637627520593,-2.06876761454036,1.3789522965135526,1.476792669998991,-0.15554099253259268
2.169004339805817,1.779536142187783,-1.752322687415636,-2.3959520372697463,-0.05736905380732686,1.974756598414184,1.2028420320649615,2.899958391703626,0.2748826174744609,-2.908960285947013,-2.068996085583646,1.3788262598719294,1.4764694112381571,-0.15546946416342608
2.1664598495633123,1.7804459911163342,-1.7573765710601177,-2.3961038220738615,-0.05904722415119791,1.9850669724775472,1.1978006333208902,2.9034130428544054,0.2727029686994701,-2.908798320178944,-2.0677101036489423,1.3866079249508538,1.4793961223818444,-0.15504544151870556
2.1665080503639516,1.7804532579500574,-1.7573340613643145,-2.396156307662971,-0.05902838602331972,1.9850075920230827,1.1978380598804446,2.9034206197978967,0.27273986754757956,-2.9087860696172445,-2.0677910149613337,1.3865931205647735,1.4793871021620038,-0.15507713467689582
2.164036088167205,1.7805493505138845,-1.7622143191786799,-2.3968714576093397,-0.06110161084917748,1.9956514942266188,1.193189044992433,2.9034380604756818,0.270151391426311,-2.9088149859057526,-2.0651839036068607,1.3934786630050633,1.4819658546161627,-0.1536259943219158
2.1638949835989916,1.780570800621979,-1.7622328615867535,-2.3966348233387853,-0.061125277392579586,1.9956642409230945,1.1931875983941966,2.9033945444733185,0.27003834511296504,-2.9088158253915486,-2.0649928054066367,1.3935771654804938,1.4821738168725922,-0.15362621024272985
2.1634707642337827,1.780938875873786,-1.7670814503877843,-2.399723460158279,-0.06274319061266695,2.002916563324461,1.1910252061045046,2.903068237404795,0.267368837437827,-2.909025547030547,-2.0604953530317247,1.3967830189002255,1.4819846151588942,-0.15188458164600505
2.163452550028916,1.7805432049592531,-1.767156577226631,-2.399640276821985,-0.06305196067431178,2.003112968277632,1.1910623490527883,2.902955775664222,0.2672820782648133,-2.9089992276087524,-2.060403862872435,1.3967949343607462,1.4818463424521409,-0.15179239560852886
2.16310302626013,1.7800783840729104,-1.7694758670391588,-2.3997689965556392,-0.06434240902053372,2.0083323247575633,1.1893349330392773,2.901869486180725,0.26537715386964994,-2.9088880541826523,-2.0590688308039704,1.4001407757101771,1.4822691138245503,-0.15167652097560227
2.1629931792610515,1.7798809969665959,-1.7695703538748149,-2.3995532074821404,-0.06449526204311562,2.0083984137838033,1.189344727657714,2.9017000701593307,0.26523160903288695,-2.9087833011691244,-2.058869912624752,1.4003193090288382,1.4823003643947044,-0.15156825770810098
2.1614177828055636,1.7812070129778657,-1.7714454964935806,-2.4025852569898816,-0.06794715128823035,2.0166286259926873,1.190260029154041,2.9026866633584247,0.2623210566063174,-2.9089037746002337,-2.0564548255226027,1.4017687444432165,1.4804090721674281,-0.1529181160035448
2.161446928898367,1.7815301608882528,-1.771409569586435,-2.4026919468355215,-0.06765086692624855,2.016522671895051,1.1901704664247426,2.902766582461004,0.26238935134375435,-2.9089709821561383,-2.056555086878402,1.4017304616747501,1.48046282373482,-0.1530085116294153
2.161510825787539,1.7812478723054945,-1.773249542205104,-2.4055204627630005,-0.07059395029329701,2.0234006565390854,1.1920701519284547,2.90270150581038,0.2594213770065515,-2.9089416872217257,-2.0539646677286796,1.4030787912719829,1.4789382493758234,-0.15498938105968033
2.161560299523201,1.7811502559304735,-1.773171105593634,-2.405639914237171,-0.07051468867681558,2.0234912116077557,1.1920651766690886,2.902686987794995,0.25947266381768175,-2.908932909177744,-2.0540503399176537,1.403023486662034,1.4788270265734436,-0.15499238476475422
2.162082813178025,1.7809272091676218,-1.7747851212735068,-2.4083290583819004,-0.0733832015495572,2.0295461816250207,1.1942266127385228,2.902849087653643,0.25577309336036735,-2.9089459194307388,-2.050831020296865,1.4042242740145658,1.4781071377771002,-0.15665294482656994
2.1620290756667764,1.7812950131076173,-1.7747599637305953,-2.4083312177954705,-0.07310227576498893,2.0294439598647864,1.1941122585890687,2.9029378900428573,0.2557880377546223,-2.908997036639958,-2.050826268196907,1.4042293175200005,1.4782590991586513,-0.15670178108719704
2.151217731854917,1.7767147082456052,-1.7838938061068683,-2.387666943515046,-0.05887242369162769,1.9999973026766082,1.1863868015095473,2.899516082418551,0.2530934545066976,-2.9086738073284613,-2.047112582654607,1.3950758729246848,1.4689841306514875,-0.1589115700307852
2.155702902548524,1.7797096729012736,-1.7822902653085464,-2.3944631206188927,-0.06309654487989351,2.014741261853925,1.187531056602238,2.903164312985093,0.25164714711379665,-2.9099575183148123,-2.0479237241089296,1.4012349438892213,1.4735705588946182,-0.15927339363617823
2.1555854303454303,1.779347009621871,-1.782296271802718,-2.3941302138381233,-0.06348727045263027,2.014685740603345,1.1876598459862966,2.902964984633284,0.2515381055687202,-2.909908468460127,-2.0477105864220713,1.4014090470213654,1.4738416323702705,-0.15921408528605607
2.1562766292046014,1.780821202514926,-1.783640567304981,-2.397159386006391,-0.06497086978311765,2.0213744514351255,1.1874501620350597,2.903045987809528,0.24870925685088913,-2.9089382734640314,-2.046170357161615,1.4034584458136337,1.473274246486089,-0.160608426601581
2.1561881192597117,1.7808485179988875,-1.7836518637329415,-2.3969567758989365,-0.06500217561820522,2.0212894204178378,1.1874353646236313,2.9030069750758978,0.24866065293516282,-2.908941813716022,-2.0460312424259275,1.4035732007587578,1.4735142086371487,-0.16059180493421737
2.158316494504017,1.7805953660674847,-1.7866185823295995,-2.3996759682358983,-0.06373058478209633,2.0245373282669683,1.1858740024917303,2.9030769485429286,0.24681673478189603,-2.909082177417666,-2.0456829124215195,1.4071667389490017,1.4739844231040786,-0.16244688133735646
2.158326856295672,1.7805930257780547,-1.7866262700022562,-2.39972806438757,-0.06373685676159145,2.0245763251586024,1.1858492202979072,2.903084524791356,0.24682059865590905,-2.9090876701175805,-2.0457067412410774,1.4071292074081037,1.4739192009101494,-0.16242879022113013
2.14786644317556,1.7769619571425268,-1.7956732054671083,-2.37975559239405,-0.04986254185917573,1.9960509861533002,1.176913904260482,2.9015894232682973,0.24361911757954802,-2.91088569572916,-2.042237520827457,1.3991883032647259,1.4647858301413694,-0.16475942786142506
2.1467325835487907,1.773597902964233,-1.7965594556643543,-2.3799436492645483,-0.053060197712154436,1.9947006153152986,1.1792375546374463,2.902255868811189,0.24379343899623843,-2.91092210580306,-2.042561494897946,1.3989788351669707,1.4646560966801248,-0.16482990545049292
2.1461135202837016,1.7770894427388058,-1.7999402651026297,-2.38035110116763,-0.05305862689112663,2.002387329338127,1.174075210447106,2.9036731260633633,0.24197517529919205,-2.909025044448336,-2.0435871107163734,1.4074267941466698,1.4690012237345829,-0.1655740078462512
2.1461236352229287,1.7771136564957495,-1.7998689944935848,-2.3803084348749906,-0.05307708790128049,2.0022615125429315,1.1741319134913313,2.9036572539594423,0.24199030333250449,-2.909006662204834,-2.0436166006791843,1.4074699186993527,1.4691274158844914,-0.16559952507609543
2.1457351969415575,1.7777021672307673,-1.8068757759402612,-2.382840761614345,-0.0547694068911625,2.005960866686707,1.1708039516503548,2.9036332684178823,0.23829216007075227,-2.9092445123802264,-2.039466261859401,1.4109890042131314,1.4694394194176008,-0.1641281149969949
2.1456745351077466,1.777679170231227,-1.8068918251170476,-2.382740143971543,-0.05478030493581573,2.006022150254842,1.1707511661642065,2.903630449021051,0.23821396571382686,-2.9092465479849587,-2.039387492425906,1.4110245497545741,1.4694735415782665,-0.16408133208131445
2.1442907793037214,1.776567096292688,-1.8109372528760266,-2.381641667827148,-0.05600883519736061,2.00864457678351,1.1676580584459066,2.9029810831441973,0.23540904312815822,-2.909674109211269,-2.038304226670334,1.4145685838063011,1.4691896365100208,-0.16437381442378826
2.1441647561866413,1.7763113481700952,-1.8108908309976903,-2.381446073477132,-0.056043189642394464,2.008589451125438,1.1677561858028178,2.9028769468781306,0.23536681469529944,-2.909610057046244,-2.0381707033626872,1.414693719559991,1.4693328373921761,-0.16431853435280047
2.1427073200319606,1.7761624180128095,-1.8144137670820042,-2.380434223190566,-0.056459292556994625,2.011087952523245,1.1649393188766126,2.903115621388424,0.2334800190521417,-2.908714413501373,-2.0380179536964453,1.418129257052673,1.4687632444983731,-0.16543609082820643
2.14264876808423,1.7762004080990208,-1.8144163552491404,-2.3803350040865285,-0.05645138977596385,2.011048064655941,1.1649223258445542,2.9030901730146708,0.23344008776988828,-2.9087307721468822,-2.0379507199560964,1.4181893698136823,1.468891986425202,-0.16543113783681337
2.1416486005279713,1.7763827874469784,-1.8176651245475055,-2.379402860498371,-0.056506896287207994,2.012716113502915,1.1626992785556605,2.9035525168555565,0.23152242116051439,-2.908889653861126,-2.0375891848378416,1.4214504496467335,1.4690130901536882,-0.1666514690561291
2.1416217204215133,1.7761632880595501,-1.817696047767065,-2.379289752822261,-0.05666811351894016,2.012778766014876,1.1627118478934062,2.9034913652389,0.23144282814750378,-2.9088514124264835,-2.037495263625061,1.4215309025354506,1.4690077786942795,-0.16654995683848414
2.1411068724904854,1.7774222960202082,-1.8206435039587638,-2.3819336756533267,-0.057818820606328855,2.017326313210564,1.1615339760054078,2.903567572899192,0.22915452234852116,-2.909014926713914,-2.0359914789014217,1.4226148668025256,1.4668509579426994,-0.16788310396665596
2.139803422828649,1.7762128394683072,-1.8230045802169146,-2.378970457514179,-0.05716348908368858,2.0169994686060626,1.1597443972102148,2.9035318854852097,0.2278328837266169,-2.9089125266330864,-2.0359247274152534,1.4251923833563127,1.467482452770922,-0.1688526555048891
2.1397785722507794,1.7761540302223902,-1.8229994330204142,-2.3788739471948643,-0.057205679393126596,2.016988034790022,1.15975307651132,2.90343736469864,0.22780136550050098,-2.908844923490152,-2.035861837707844,1.4252825223836538,1.46750508808085,-0.16880675397812597
2.1406990813114417,1.7769647591560334,-1.8279053561822507,-2.381007589578674,-0.0562991426733956,2.018392385492377,1.1574234325882387,2.903419345178582,0.225776220890736,-2.9089303531905806,-2.035296561028037,1.427844163939312,1.4666293312732572,-0.17039068791304476
2.140667275631022,1.777021827333712,-1.8279296693483222,-2.3809978009953974,-0.05626339392757225,2.018409359766631,1.1573508085402295,2.903433784450056,0.22573566706860757,-2.9089354381094092,-2.03529307189372,1.4278431004971732,1.4666378340782262,-0.1703502461121549
2.132317510007567,1.7737321772893293,-1.8369962121738888,-2.3650692985499657,-0.044942258107430605,1.9930983890181977,1.1485311659622985,2.900873308819203,0.22298855398742884,-2.9086894248141513,-2.031836091256113,1.4201898203590122,1.457303843119045,-0.1720209530204328
2.1323433562093066,1.7736991487723013,-1.8369830862295664,-2.3651125424407415,-0.044966268127672904,1.9931246468859096,1.1485079807434166,2.9008591430699253,0.2229698335130988,-2.9086937265298314,-2.0319013585998755,1.420147850721126,1.457249964360779,-0.17201022371694974
2.131132072734447,1.7768011336669702,-1.8415566278497968,-2.365297755228244,-0.0434666505938251,1.9991464363678144,1.1421845260054526,2.903483871496781,0.2210100239577988,-2.9088374328473674,-2.032752391619934,1.4270681338341977,1.4586339460767088,-0.17283634306307186
2.131150159299693,1.7767575622215115,-1.8415410161364754,-2.3653429866993503,-0.04349484369142572,1.9991754225689429,1.1421829713904652,2.903491665084251,0.2210062013069704,-2.908825661505847,-2.032792425864696,1.427031993979489,1.4585677560166936,-0.1728228385016488
2.1289916829129827,1.7767185791770062,-1.8471389263139544,-2.364697133725479,-0.04231023726566229,2.005234042524903,1.135497454437382,2.9034906774819587,0.21851318887575638,-2.909949110151454,-2.032918066197849,1.4336429841691947,1.4598456860753526,-0.17292289293028715
2.12875814765711,1.7766758791159112,-1.8471973518063582,-2.364355924694014,-0.04236392860416101,2.005388206909626,1.1354197440246987,2.9034405105487404,0.21832474190009654,-2.9099656588516187,-2.032577267289545,1.4337735066172799,1.4600380356102662,-0.17284948065361444
2.1269726293761524,1.775772901297671,-1.8508378730919375,-2.362708657871947,-0.04124341321001748,2.00775025231468,1.130928658242238,2.9034457711403103,0.21627018724066682,-2.908771327498136,-2.0317975356886873,1.4365414698522085,1.4589614357478151,-0.1730801754262626
2.126954287413492,1.775828251898246,-1.850903237932749,-2.362790491179454,-0.04116836604911582,2.007839525598556,1.1308105994543924,2.9035042955332058,0.2162311401828256,-2.9087713976700624,-2.0318242099830117,1.4364971733660283,1.4588337934157463,-0.1729951877386935
2.115753845979683,1.7723976163507627,-1.8602192144953102,-2.344946714652086,-0.03049614740986213,1.9839876941273848,1.1217961355554527,2.900561015331351,0.21290384070488336,-2.9087721721131894,-2.028586844468224,1.4297669617877957,1.4501210081967475,-0.17450922108310404
2.115802322714599,1.7719870573286,-1.8601004854364274,-2.3452016187419447,-0.03048703543225236,1.9839732030563393,1.1219098245477486,2.90061840552925,0.21298934542282777,-2.90874180797772,-2.0288209062242726,1.4296464061544945,1.4499029514777777,-0.17445678681341648
2.113965702451563,1.7764837252081207,-1.8653063634409732,-2.345407766212759,-0.02832174189016594,1.9908822409934188,1.114602254863668,2.903517117257289,0.21088678927455962,-2.9101755493157833,-2.0296215584413044,1.4371796788925701,1.4517241302929629,-0.1751013569535027
2.1139900742753506,1.7764935156136334,-1.8652751246430002,-2.3454378670531275,-0.028319327507238402,1.9908531597799835,1.1146243175609627,2.903519552208582,0.21089571581076197,-2.910164029643996,-2.029674136540537,1.437165550626259,1.4517204739600928,-0.17511700320657878
2.111223752824709,1.7763928553275394,-1.8707193671895535,-2.344822219494349,-0.0267254912803322,1.9978035848175373,1.1077481645320606,2.9035031344636173,0.2076424523534094,-2.909866378183522,-2.028832141414151,1.4437495818272288,1.4533136790150238,-0.17472702233934964
2.11108187977824,1.7763942953234535,-1.8707485080915975,-2.3446343112407417,-0.026738043952899172,1.9978671974269397,1.1076650444635758,2.9034490460620814,0.20754925401196675,-2.9098471662180483,-2.0286681354030103,1.443857233611679,1.4534158805828807,-0.17471704860722773
2.1090973359741194,1.7772143103695943,-1.875254830992296,-2.346973385256064,-0.026911055481493834,2.004938191862508,1.1032412577936321,2.9034724416140114,0.20395313801547965,-2.9086972771821293,-2.025331143084627,1.4451614046654884,1.4513622619131854,-0.1740388479577377
2.109016106064772,1.777213714077519,-1.8752625497514541,-2.346940394355966,-0.026799422042462995,2.0049736719865696,1.1031815358500232,2.9035171197047327,0.2039146536692378,-2.908711285031049,-2.025289926528804,1.4451812892080131,1.451389554909261,-0.17399061055358517
2.109219181679171,1.7765057382475364,-1.8801912339647933,-2.3489332830724585,-0.024689573094827028,2.0083799801823248,1.0986101970686228,2.903070424533893,0.2016639304478969,-2.9107335674883315,-2.0251009374670463,1.4490281190786236,1.4507236357355504,-0.17507123250612294
2.1089623017512316,1.7767581057437154,-1.8802086188511091,-2.350150038406968,-0.02539753694989643,2.0118757384356156,1.0980897097639015,2.9027309431662283,0.19946382974818816,-2.9088666237560155,-2.02387396889873,1.4489588902262074,1.449040830289019,-0.1755858607001427
2.1089368880149983,1.776957665436954,-1.8802159735848085,-2.3502275607571077,-0.02522084150452275,2.0118403692441738,1.098004478069031,2.9028049121848456,0.19946959907244788,-2.9088917061285153,-2.023930668194699,1.4489307926826602,1.449042790373864,-0.17558679898023405
2.0977142044578607,1.7709983594498468,-1.8887822564279129,-2.332298410179545,-0.01516663280559348,1.9877241311129343,1.090297163606268,2.9004294562565343,0.19627793131716864,-2.9086647134480486,-2.020685261988945,1.4423109630358812,1.4411317200042162,-0.17726523971309652
2.0978977950246334,1.7709332590451754,-1.8887539839458685,-2.332572426519517,-0.01519955525852141,1.987701494293249,1.090306623731603,2.9004643316939993,0.19637198893149962,-2.9086317470410252,-2.0209576355712286,1.4421802554425218,1.440882088538085,-0.1772428230729037
2.0962771630022985,1.7764369032287033,-1.8937384205095025,-2.332441317649992,-0.012519700528505318,1.9941171655040222,1.0832078122418094,2.9033697621306485,0.19352785457047364,-2.910124933217456,-2.0208877131070775,1.44927136241077,1.4425646300337216,-0.177675189368067
2.0962920510694896,1.7764106217490543,-1.8936366543384011,-2.3324752827933604,-0.012432705891737547,1.9940852918460301,1.083207872328569,2.9033634214652673,0.1935447480628756,-2.910099613049419,-2.02095826985972,1.4492710709810674,1.4426049209429612,-0.17766973959558832
2.0935579948521634,1.7762703132692705,-1.8990562279396588,-2.330743449678759,-0.009496981574792382,1.997887855915632,1.0755470443129473,2.903331795555285,0.18839986076488816,-2.910129759794841,-2.015381159039263,1.4519428142573934,1.4412739110441808,-0.1751462869504309
2.093463773380447,1.7762638023891604,-1.8989742093494102,-2.3305639190506167,-0.009440262209163382,1.9978645203218468,1.0755501520822348,2.903158255517217,0.1883556301029665,-2.910014581912252,-2.015244126589407,1.45207307472297,1.4414219272523496,-0.17514501934987253
2.089591752860655,1.777902199281386,-1.9046759869142518,-2.3326336895166806,-0.007745771109750721,2.0057932345265743,1.0683876595962165,2.9010089057425787,0.18367470446664566,-2.9081469660171573,-2.0099396568739536,1.4542654193150677,1.438164654311212,-0.1728339197913027
2.089701096350968,1.777076757992848,-1.908084336446862,-2.33436567565111,-0.007052838767278163,2.010359783911463,1.064226451432365,2.8996850613265237,0.1808927174808708,-2.9071507560254566,-2.0082109861512505,1.4562564483909972,1.4359348914761214,-0.17230068362875928
2.089645435132282,1.7773752463526278,-1.9080655741242507,-2.3343856126582745,-0.006821186997079884,2.01025907329841,1.0641224866240988,2.8996783122366803,0.1809141911599278,-2.9071359537167276,-2.008243510753096,1.4562802461416933,1.436035382061593,-0.17241627912532395
2.089463987882166,1.7769819239176923,-1.911762827934063,-2.3367045018126618,-0.005931974485288784,2.0160224577823,1.059278808909783,2.9003395302602883,0.1773973570544588,-2.907111472105799,-2.005267143434132,1.4585239406459793,1.432828214599525,-0.17173158871868544
2.089373331606741,1.7773012462608724,-1.9117396583937518,-2.3366643922003503,-0.005675692267241034,2.0158711857890586,1.0592035908650927,2.900407521451555,0.17739155596845257,-2.907137782713061,-2.005253644241805,1.4585907274596106,1.433027519787817,-0.17178548158814
2.0906047321353354,1.776921054884174,-1.9163492246932927,-2.3386516681705394,-0.003168619750039448,2.0189466545843633,1.0542871379742427,2.900317893223397,0.17519646438943307,-2.908183325708522,-2.004262528869461,1.4631197330025507,1.432095049987242,-0.17187505527216662
2.090545348261748,1.7764872683483441,-1.9165117270123286,-2.3386281105903284,-0.0037332606615031183,2.0186436928229536,1.0546957009263938,2.9003083280740016,0.17523858355516297,-2.9081350637066885,-2.0042931082864714,1.463151840323379,1.4320830385060912,-0.17190216834943559
2.0919972989560836,1.776497618721197,-1.9214933823909557,-2.340540670783641,-0.0015043610717374242,2.0209821462853665,1.05058727459192,2.9006015202694537,0.17306622960663817,-2.9085163989340184,-2.003779710535284,1.4672065767027596,1.4308893093721209,-0.17328269377362077
2.0920043282886254,1.7762692715601327,-1.9214770733863615,-2.3403891462885316,-0.0017115988022988714,2.0209826695813335,1.0506521422959982,2.9005145305606295,0.17301501403596373,-2.9085023855185623,-2.0036999149619246,1.4672922774332093,1.4309726928990274,-0.17324451580285505
2.085110420901174,1.7717903873875647,-1.9293893819676464,-2.3240933628887057,0.00659112104648979,1.9966618527415654,1.0437024004413347,2.9000563371021926,0.16945011912721974,-2.9096594077909828,-2.0003493317594003,1.4610676066526582,1.4221342280901206,-0.17506697321503153
2.085237824450372,1.7716588015273584,-1.9294670964326326,-2.3243229501882205,0.006248027955960711,1.996576855490511,1.043834214511076,2.9001089633389205,0.16951255123781017,-2.90964777517891,-2.000595612412368,1.4609237612889114,1.421918556044232,-0.17505829678762636
2.0834904485326704,1.7758036384018578,-1.9349049856432965,-2.3234386414177512,0.009114838926840339,2.002916184854463,1.0357709621520867,2.9012006703570408,0.16623203463610653,-2.9083639658223617,-1.9999972815026743,1.4681460792069658,1.4226378090866227,-0.17509255430162082
2.0835106780804313,1.7758071941684526,-1.9348645518481857,-2.3234698206710056,0.009097245333495294,2.0028779932148626,1.0357858825055153,2.9011998505279752,0.16623833773267188,-2.9083549229163967,-2.0000519062277573,1.468128354896107,1.4226430133345673,-0.17509809376825416
2.081548075877063,1.7765088202607848,-1.9407839899499484,-2.324923175471906,0.010813822493364825,2.009700358010931,1.0283190967674196,2.901222697352732,0.16160667903095094,-2.908266251917109,-1.99545956515697,1.4703732928993376,1.4197899861987648,-0.17351134141421548
2.081272589598371,1.7770024523695658,-1.9407501243775307,-2.3247091982419397,0.011475137907778134,2.0098096203178177,1.0279567545307318,2.901183319617413,0.16148799061004263,-2.908236002163933,-1.9951934728908194,1.47052849150202,1.4199953800296465,-0.17345002416982452
2.073057737511058,1.771589100490654,-1.9489068847874484,-2.309764779087949,0.01928690877599976,1.9897204388486691,1.0192791301390436,2.9002314002699094,0.15852090216268258,-2.90896302498105,-1.994421823569459,1.46850158395763,1.413453308292883,-0.17534391534171398
2.073223435572256,1.7716590489191137,-1.9488442371560843,-2.309989506237521,0.01930142701860056,1.9895559164633232,1.019303743900859,2.9002567685994802,0.1586331070868239,-2.9089412149644707,-1.9946954499802227,1.4684122488127749,1.4133811414689281,-0.1753742566258698
2.0711097991165985,1.7761012072723665,-1.9540293341780488,-2.3094814322119217,0.023421149450127424,1.9971153585548003,1.0094398979391543,2.901237796228769,0.1551022776728578,-2.908322056242477,-1.993747751905261,1.4758429817004304,1.414479153137777,-0.17427888474915723
2.071127603208093,1.7760876611541792,-1.954012518002744,-2.3095257530340105,0.023395450934214804,1.997131972043068,1.0094305875068825,2.901157584769681,0.15510882652543473,-2.9082469642887645,-1.9937844579617017,1.47582087066691,1.414397990811882,-0.17426980124041017
2.069227758878928,1.7760952484018315,-1.959270743098156,-2.3094457669167543,0.026987979625722996,2.0049474866066572,0.9997972808359141,2.9012275647423955,0.1520315471106926,-2.9067661273704326,-1.9924787851376633,1.4828994423222521,1.4156179095184387,-0.1726643509484894
2.068969607127717,1.776067101922042,-1.9592367460783149,-2.309084990479737,0.02705878149516486,2.005021634668278,0.9997240294870713,2.900879723861711,0.1519149003717152,-2.9065280790046435,-1.99212659853889,1.4831623134472973,1.4157732514994061,-0.1726415434345872
2.0691946475424237,1.776283928149118,-1.964512750338723,-2.311187659182989,0.029880693755800408,2.0094900222285306,0.9923247802127204,2.900670853045764,0.14876052540708895,-2.9080978152029595,-1.990704015844674,1.4868132090563901,1.4144633611020683,-0.1713482739725948
2.0686571688350703,1.7717136839847487,-1.9645539289295784,-2.310907908463546,0.025806356354296237,2.007865758829254,0.9955453111358348,2.901242325260298,0.14885286131879258,-2.9080895948668566,-1.9905867135068593,1.4869611861878846,1.4148175507188936,-0.17128488881586582
2.06868967774237,1.7719603545995553,-1.9670771832450733,-2.312802873758838,0.026440805047748227,2.012827323673033,0.9908173948186529,2.9007191254920897,0.14563044654409696,-2.9066700961408594,-1.989876746297903,1.4892656393810286,1.4126732303850764,-0.17141179331801007
2.068700834429337,1.7719624218142653,-1.9670888452285284,-2.312822776868116,0.026444240505017553,2.01282406473537,0.9907896884248928,2.9007221606098295,0.14562822022114788,-2.9066727979040654,-1.9899041289345887,1.4892581952371458,1.4126570071122702,-0.1713922503476559
2.058811563100587,1.7653204007677923,-1.9739166406947375,-2.296157256404615,0.030474810633596753,1.988555663725454,0.9866773136395544,2.899042663358634,0.14221966619578413,-2.9065698311324404,-1.9865725651525137,1.4839827827212695,1.4057625148664774,-0.17249199232777848
2.0590612105086588,1.7646276358867516,-1.9740190931235406,-2.296444963212082,0.029633661081175912,1.988437350252675,0.9871968037383976,2.8991676847822334,0.14230330266612515,-2.9065593183639047,-1.9868700909316104,1.4837582000259075,1.4054495853092168,-0.17246916469068957
2.0570481760701416,1.7709397320492173,-1.9781254025640465,-2.295913453910653,0.03179521733043271,1.9934876762672795,0.9804063492489199,2.9014578107603426,0.14009728622236292,-2.907799013657069,-1.9882466062962567,1.4914647616235182,1.4074567481532052,-0.17283718696079267
2.056965384560181,1.7709380424651415,-1.978074022967796,-2.2957679117188543,0.03177219427500745,1.9934602141465818,0.9804264597602832,2.901431951257298,0.14004394287157745,-2.9078055040622415,-1.988135431592688,1.4915548687357139,1.4076088827154882,-0.17284434574954866
2.053798500782966,1.7703631741572265,-1.982718944335334,-2.2924945130549297,0.0330097762313374,1.994791946617786,0.9747625581166293,2.9010810531385687,0.13589917827985473,-2.9071716416916225,-1.9855961884613347,1.4953195319304566,1.4071827675473654,-0.1718110716350709
2.0537300274129966,1.7703591704310968,-1.9827321616449503,-2.292379925074514,0.03299588007003791,1.994806362459701,0.9747126620795624,2.901067277066185,0.13585705304177437,-2.907184699993086,-1.9854971555863186,1.495381332367203,1.4072698586031174,-0.17177284571616863
2.046429231713585,1.7663765176976831,-1.989992541443105,-2.278732830045253,0.037812240623201626,1.974669136311204,0.9685733005226472,2.901099459561862,0.1321894578069138,-2.909124629456681,-1.982922120096959,1.4910502039158682,1.4002203268467681,-0.17284742104428144
2.0464295597502487,1.7663627045869483,-1.9899732001891302,-2.278749447988683,0.03779640429402019,1.9746832502284954,0.9685648658389148,2.901097393009073,0.1321747921534663,-2.909125030552876,-1.982944180364375,1.491029310367081,1.400201795371273,-0.1728328524377261
2.0438466173901624,1.7707905967159132,-1.9943974682422023,-2.2783999088465317,0.04130718220358047,1.9801548210542999,0.9604956317702522,2.901414392037519,0.12990965236487295,-2.9077174599691893,-1.9852465868273745,1.4984947417027867,1.4015912720428598,-0.17344667518066242
2.0438430020428564,1.7707522231324915,-1.9943946644434105,-2.278415606912859,0.041266420280505596,1.9802075854715193,0.9604655395459816,2.9014164662836914,0.12989875495115658,-2.9077051571059167,-1.985248924071396,1.4984586055325255,1.4015422191590279,-0.1734049328142051
2.0411196836998857,1.77094302532187,-1.9995757124632454,-2.278139082173057,0.0450668576934312,1.9855999691848278,0.9517796537881844,2.9013594474483546,0.12770027261382244,-2.9084815739775927,-1.9865390836471775,1.5056517568625716,1.4027644687647711,-0.17352183277081323
2.0409669768402194,1.7708053085739854,-1.9995831755800137,-2.2779484017181852,0.0450236972016422,1.9858044204279799,0.9516963261477005,2.9011875225880766,0.1275973897794624,-2.90834104002981,-1.9863050389739092,1.5057416077501238,1.4026999821597033,-0.17343436029964562
2.0404139466548368,1.7709680305362565,-2.0044947713455987,-2.2795368416172495,0.048197168042280844,1.987741044934277,0.9445659851758206,2.900855151647005,0.12482371748211762,-2.908037463346605,-1.9866097315941975,1.508786327933706,1.401031330742555,-0.1733886293211823
2.0403995112608877,1.7704971581259532,-2.0044313728209415,-2.2795470592663634,0.04789188512267128,1.9875618991686994,0.9448417443198596,2.9008620251851513,0.1248348878390429,-2.907990759509067,-1.9866184381729792,1.5088019292798156,1.4010352877956298,-0.17338056198218096
2.0400348484723017,1.770641716592366,-2.009563862561243,-2.280964685907234,0.0506636961417385,1.9892898755248778,0.9381051998403236,2.901253489172824,0.1220080594696118,-2.9080681692420636,-1.9867628911370334,1.5119197391556194,1.3995576079425456,-0.1733664440022547
2.0399886909303486,1.7706664959618756,-2.009517728116372,-2.2808406008544924,0.05064926706199851,1.989203069955202,0.9381345617493634,2.9011158307947706,0.12201377951165317,-2.9079822591351276,-1.9866827352007184,1.5120499593897807,1.3996750696092557,-0.17337788994461875
2.040143236719957,1.7706229203132553,-2.014301933088328,-2.282358245927482,0.05306657526747297,1.9907730665651477,0.9318972315224396,2.9008187624478095,0.11894836255455457,-2.907698490854941,-1.986522082653754,1.5148341028762278,1.397919473275862,-0.1734180629936263
2.040107897883808,1.770654718624321,-2.0142902628380472,-2.2822777671790444,0.05306575449439945,1.9907230694260791,0.9318741166319654,2.900809818827271,0.11892051605430158,-2.907704851136384,-1.986487863374304,1.5148957752597052,1.3980244493148812,-0.17340839349468204
2.039816673403538,1.770786533820021,-2.019618337733732,-2.2837006910744004,0.05620653676108393,1.9921136140747033,0.9250804227963951,2.900718675259857,0.11610384565913273,-2.9076587722391376,-1.9863511933636748,1.5178367898871334,1.3957579293110507,-0.17365557856480238
2.0397549701208773,1.7704391991954367,-2.0194770573358505,-2.28354556031612,0.056024393983412864,1.9919650464491163,0.9252506586803013,2.9005542507200213,0.1160791099867364,-2.907518548928344,-1.9862533366050223,1.5180024984506784,1.3958699873678762,-0.17362485460158456
2.040012834886462,1.7703988044610828,-2.0246957916862174,-2.2849423220502514,0.05888536631300778,1.9931173787380647,0.9187596005210137,2.9002466155980757,0.11294072801109951,-2.907381143425877,-1.9858034586622073,1.5205843443518365,1.3935933067836366,-0.1739140234886324
2.040027889603193,1.7704179903202981,-2.024691223477175,-2.284969382352512,0.05888691130001679,1.993109492876884,0.9187262353547414,2.9002559607397997,0.11293014444138055,-2.907378981489672,-1.9858574696702376,1.5205602343857694,1.3935777713510125,-0.17389377279948773
2.0326897279917624,1.7653889904568438,-2.0313431907072985,-2.271072231457343,0.06362941781625725,1.9741968254981044,0.9116408130544847,2.898643431275705,0.10942938368474,-2.905993695382579,-1.9825430906296546,1.5157755900382996,1.3859678093837913,-0.17432612454303234
2.032712884223858,1.7657583972761444,-2.031475771410083,-2.271205869540047,0.06383385720086115,1.9743576609475129,0.9113921948999044,2.898630531750255,0.10941782045093448,-2.9059878176825533,-1.9826546185983935,1.5156579339458696,1.385820710346203,-0.17432193782950536
2.0304241250349566,1.7704668848200746,-2.0362646531576147,-2.2706097089085433,0.06872387986933852,1.979068289371745,0.9018817665304061,2.900942814057143,0.10685290269526797,-2.9072085087060384,-1.9849199382355798,1.5223869099048766,1.385868322675971,-0.17491745832615782
2.0302830361546236,1.7698976435365306,-2.036075454773751,-2.270332561218657,0.06840597724880279,1.9789562258872435,0.9021303936796466,2.900941142626057,0.10678444171985599,-2.9072323932860984,-1.9846593155900891,1.5225532401078532,1.3860858591575393,-0.1748338294448429
2.0283533239539575,1.7698440975433227,-2.0397987820220207,-2.2697972500697507,0.07168090850505954,1.9819678936049334,0.8946914007992285,2.8991297136359204,0.1036852257921321,-2.904516457958089,-1.98328603640265,1.5252865163526899,1.382966019785495,-0.17438865401191575
2.0283803571512373,1.7698378771933074,-2.03979676069636,-2.2698134254627456,0.0716493985117217,1.9819738182528972,0.8946769214813493,2.8991244125045794,0.10368860434518097,-2.9045142252106926,-1.9833199936027697,1.5252588732365921,1.3829473544020505,-0.17437385205482459
2.0260852627619568,1.768351969856191,-2.0429959893975695,-2.2667140414367375,0.0737783230059194,1.9814871449693574,0.8893282625126865,2.899221925389947,0.10156399256736424,-2.9044135550569363,-1.9825253431182526,1.5283822434168661,1.3817416128188518,-0.17426663323239397
2.026104635461741,1.76833519943739,-2.042983669636845,-2.2667521148836833,0.07375967870213229,1.9815044772594121,0.8893242906603981,2.89922293033332,0.10156315507985472,-2.9044070436288916,-1.9825620380877993,1.52834583491802,1.3816998637814695,-0.17425025672103991
2.0263228701150773,1.7689952610521988,-2.047371971596455,-2.268410404757424,0.07604705229254471,1.9822273356939053,0.8836881946976434,2.89868285649054,0.09918718918876504,-2.9042582447930605,-1.981557612407309,1.5311238312797213,1.3799505555434732,-0.17394352608043598
2.0262706970916757,1.7690028829592264,-2.047382840088345,-2.268400003459387,0.07607480357586612,1.9822604447416463,0.883616172858601,2.898709776035776,0.09914362262244425,-2.904227702025026,-1.9815516727506908,1.5311246291705183,1.3799392246751634,-0.17387390342608786
2.0244896580796135,1.7690590299763533,-2.0505245887563626,-2.268378748762746,0.07833636801433395,1.9844057881214776,0.8777776401166829,2.8982537679532117,0.09530085565603102,-2.904280965599921,-1.9791756902625934,1.5328124995513854,1.3766844440275632,-0.17321155372070357
2.0177230134726307,1.7641729949983131,-2.0554551877282745,-2.2551079186981067,0.08158647591779845,1.9660130389077162,0.8729117978495573,2.898640918945276,0.09285436507791667,-2.9066752836185907,-1.9770282056477513,1.5286623086066289,1.370824647112414,-0.1733206321103658
2.017794791452438,1.7641385592138563,-2.055474769664649,-2.2552464749619263,0.08156647362832518,1.9660631968864177,0.8728542331435267,2.8985512845799284,0.09286555018493699,-2.906562474375654,-1.9771659753414763,1.5285626311724965,1.3706362832846963,-0.1732540480068885
2.0145771155271626,1.7684302442479807,-2.060404973730531,-2.2535480739312437,0.08651518845821642,1.9700023851419617,0.8634199024917961,2.8987215882048565,0.09045848536733085,-2.903931467926224,-1.9784472811042524,1.5354132716935969,1.3709308769710302,-0.17291700229749365
2.014512648810104,1.7681175198911872,-2.0603360135710833,-2.2534242386915677,0.08632431825528318,1.9700183577937016,0.8635219346968996,2.8987359634778245,0.0904113114215385,-2.90393938772743,-1.9783122392330776,1.5354666350178683,1.3709796453695235,-0.17284359618599662
2.0133903726406195,1.7687036673976226,-2.065815452147264,-2.2544625429422727,0.09064872912235195,1.9712231528455748,0.8556061801361029,2.8986696718269287,0.08718329184706354,-2.905188825289963,-1.9777710818936918,1.5391088207495915,1.3692716120286696,-0.17278531423516008
2.0135338462078134,1.7680810095840924,-2.065792734048377,-2.2544438437577465,0.08981812170287587,1.9710658920086948,0.8561653910908307,2.8987396542027493,0.08720061126464371,-2.9051822266713456,-1.9777886446451867,1.5391170587620302,1.3693135294384244,-0.17278917076695627
2.0107038342325705,1.7669551140487134,-2.0694376630434324,-2.252058801077754,0.09356451064760403,1.9717995114248488,0.8486303359103957,2.898725351661532,0.08369238243620788,-2.905380189807361,-1.9770121608489228,1.5422140409697969,1.3674346579590169,-0.17240605146312757
2.0107154192345993,1.7669396064013627,-2.0694309327263474,-2.2520653205158387,0.09353065821099088,1.9718024034604655,0.8486141473945438,2.898724017018211,0.08368766388268595,-2.9053727470948605,-1.9770322193843952,1.5422008796960085,1.3674278092041947,-0.17237768606313167
2.0086755489267185,1.767891661866647,-2.073372085262227,-2.2519572394032776,0.09650735832938269,1.9739744420321614,0.8415917072148169,2.898188075176898,0.0790633634216583,-2.904133663325616,-1.9744152232824004,1.5440790153812647,1.3644314165613123,-0.1716650586110389
2.0086959747873694,1.767957457567439,-2.07336557993139,-2.252028887102308,0.09653530218582254,1.9739534679976296,0.8415881872640031,2.898199336588843,0.07908039121692005,-2.904143778387206,-1.9744894530249395,1.5440234733240015,1.3644042136413064,-0.1716870351916369
2.0061593909025106,1.7667447934692013,-2.0771080009073173,-2.2495675868231766,0.10000872870810897,1.9740139237458447,0.8343572126904018,2.8987537378706083,0.07550389525756733,-2.9053761555529123,-1.9733611144159613,1.5466434325529579,1.3627026652147411,-0.17101197720985353
2.006217059645893,1.7664909105289552,-2.077059082139038,-2.2496372887659053,0.09983272645986231,1.9739169131311594,0.8345035550865016,2.8985870566593417,0.07553842536512591,-2.9051596909549273,-1.9734232032435364,1.546634436370599,1.36259193938822,-0.17096923238942036
2.005101882547597,1.767394991559195,-2.081287700853799,-2.2491171323573846,0.1035857301544204,1.974234189599856,0.8270413170430728,2.898617163438776,0.07248852657918131,-2.9038479173204905,-1.9717112595243755,1.5494406019288258,1.3606472904421678,-0.17025948875145672
2.006560290647384,1.7626373927795045,-2.0802052174118892,-2.2490880288747648,0.09852008729029986,1.9732547400071436,0.8310295188252087,2.8990876328732216,0.07267124761394345,-2.9038702112407306,-1.971672281211662,1.5495943315398908,1.36088396629192,-0.17019566498300498
2.005800137850885,1.7625727804448237,-2.08403550113439,-2.2483262691856214,0.10017294200276157,1.9729848515332158,0.8252105296732362,2.8990864167030854,0.06991309170625157,-2.903820542035577,-1.970064511461298,1.552000331537017,1.358716246234997,-0.16935874626191916
2.005756774170721,1.7625793327035268,-2.084004950036273,-2.2482680419529797,0.10015936526510776,1.9729737673296217,0.8252108947183165,2.899071882297218,0.06989255392862499,-2.9038287787589923,-1.9700182881231623,1.5520397850467935,1.3587825558815603,-0.16935997902573363
2.0048830900291037,1.7633031448004934,-2.0870041379602258,-2.2491635743420306,0.10100914865736035,1.9731056223156513,0.8202057432970148,2.899074061398299,0.065868503933744,-2.9038897171379734,-1.9670057553501406,1.5526990784409995,1.3557444681515929,-0.16826902793237142
2.00493465447759,1.763274265663857,-2.0869779418624836,-2.249153179885284,0.10096421131074607,1.9730658651122923,0.820253121111292,2.8989318911543625,0.06588204444181005,-2.903790702650077,-1.967021897321482,1.5527455247590811,1.3557340894369663,-0.1683060285231633
2.0032358018043968,1.764121789262452,-2.090107771234769,-2.247559338701361,0.10316621804008681,1.9720530717555989,0.815353181656417,2.898956153323451,0.062746853749314,-2.9036109962097645,-1.964966170561846,1.5538540013328244,1.3537914841802698,-0.1680079899930801
2.0033277915672913,1.7639451726084223,-2.090061486325477,-2.2475791018466293,0.10298502727515282,1.9719823087181532,0.815486987694993,2.8988566282155244,0.06275375463436648,-2.9035041488835853,-1.9650078038537326,1.5538859428460672,1.3537720375287658,-0.16803096073289112
2.0010668190150627,1.764364553031167,-2.0932366363524877,-2.245855733747107,0.10583136507969007,1.9712866255819628,0.8107246282897178,2.898856730429716,0.05951250541739388,-2.9035276603800457,-1.962577959978284,1.5549689066258057,1.3519564223472775,-0.16788656583003828
2.0011933944042672,1.7641928380240528,-2.093212412934324,-2.245949173821701,0.10563415917791523,1.9712590329329553,0.8108722112388854,2.898893884976789,0.059522542625456365,-2.9035191146938875,-1.9626850323066445,1.5548942364316665,1.3518847505554634,-0.16786619181478166
1.9988130464673635,1.7643305910169902,-2.096081427127717,-2.244278633312831,0.10834651654973652,1.9710730355204256,0.8065954201693375,2.898881165943416,0.05635232655768359,-2.9035738193805156,-1.9599694955780973,1.5561005435439543,1.3505084193133938,-0.16744836698602109
1.9974857788634899,1.7645706126484346,-2.0979744872025305,-2.2432782284783275,0.11018172644971876,1.9704373120957137,0.8038034240648939,2.8988836663040587,0.05427066036239104,-2.9035946730838327,-1.9583230848253361,1.5567082203775033,1.3494539947263877,-0.1672557950457705
1.997591167577561,1.7643260137262027,-2.0978777305747984,-2.243262193633304,0.10989406935643438,1.9703795665777806,0.8040129631141306,2.898786453209278,0.05429005874165625,-2.9034915450166,-1.9583161534451918,1.5567536913917022,1.3494475937507013,-0.16724037060498925
1.9947731241282731,1.764242629888194,-2.101060734039445,-2.2414047368479064,0.11297980692111416,1.9702013397549394,0.7991913317307437,2.8987835828378046,0.050662904034128486,-2.9034691091150195,-1.9551111698539432,1.5578421582042006,1.3478270935235175,-0.16654966583074057
1.9948227724958905,1.764246598808342,-2.101077251435823,-2.241477624921619,0.11297989437311398,1.9702040813028399,0.799175114082495,2.89879440631143,0.050665107139556416,-2.903457895382188,-1.955198926309833,1.5577836815024833,1.3477616046201333,-0.16653343451851846
1.9943879007018723,1.7627138021825521,-2.1036775321877585,-2.242355860191094,0.11463933983635484,1.9705629232491901,0.7959521826361131,2.89808619400406,0.047415860032094775,-2.903549363608026,-1.9526765299998654,1.559166532570557,1.3462937122204317,-0.16629786706964644
1.994467140862534,1.7625540442202248,-2.10360978076096,-2.242342691471181,0.11445433027720103,1.970519982208247,0.7960804624115276,2.898093103303906,0.04740905450456149,-2.9035491120593,-1.9526906918530735,1.5591808484429814,1.3463146827785233,-0.1662816093522662
1.9918654270576412,1.7636449075266172,-2.1069789428571806,-2.24034487921225,0.1174990993882269,1.9704144201268432,0.791298063118315,2.898042322689089,0.04426384108757701,-2.9034975758775987,-1.9504782094081985,1.5602564952071825,1.3444932455604066,-0.16602297888274434
1.9891488404184832,1.763104537506731,-2.109150343429791,-2.238119079530943,0.1194976707074397,1.9701969950452778,0.7879087493626008,2.898841484640472,0.04120470557156888,-2.9034245545860418,-1.9479857919883603,1.5608277507532131,1.3433113144251332,-0.1654452534760394
1.9891523529576558,1.7631008457952886,-2.109136979280659,-2.2381010754991566,0.119481629862491,1.9701797990300784,0.7879027299204097,2.8988345021836928,0.04119480773298839,-2.9034239701637703,-1.947988454206633,1.5608473842166302,1.3433343130112414,-0.16543500605057845
1.9891578427237457,1.7631005138951632,-2.1091179630984853,-2.2380805969280444,0.11947155725274544,1.9701547027740485,0.7879177293482443,2.89883011064456,0.04118761716236705,-2.9034284663321124,-1.94798531533035,1.5608751727163614,1.3433646085167703,-0.16544361151662063
1.9867581869127386,1.7627705662657114,-2.1116410159700805,-2.2359644406491355,0.12144131795253696,1.9694696693260554,0.7846306984233232,2.898898481204759,0.037885880284309656,-2.903472882023048,-1.9453036970885824,1.5616806926363984,1.3418712953124339,-0.1651565562745272
1.9841971164363914,1.7628138928647916,-2.1134097306233137,-2.234023916320177,0.12338345438912895,1.9692593919817312,0.7819607896800709,2.8988932739444846,0.035190034588380846,-2.903431421686144,-1.943119314670551,1.5621063488563613,1.3409386114015533,-0.16489374886407393
1.9841806750576554,1.7628233331440657,-2.1133903023743206,-2.2339698527374354,0.12337832432769011,1.9692175558557234,0.7819641806881397,2.89889132902257,0.035174009912955065,-2.9034351393816586,-1.9430956463702855,1.5621680720593996,1.3410043742051359,-0.164896304647387
1.980985257623911,1.7629650366480465,-2.116068503007857,-2.231722084852513,0.12616055805832144,1.9688746187701027,0.7783558182076112,2.898903798672496,0.03173012860761034,-2.903448143342703,-1.9399956364738136,1.5628766733710677,1.3395517784554138,-0.16460776491730086
1.9810125766432736,1.7629620378569448,-2.11607295842915,-2.231746962369091,0.12615309283967235,1.9688628383786577,0.7783510431428156,2.89877990005757,0.03173731553187251,-2.9033215954064913,-1.9400319995914805,1.5628837920099197,1.339502225120301,-0.16461683439810232
1.9775180650838482,1.7628957990473637,-2.118370806400703,-2.2293086355480365,0.1290676420498895,1.9685297288918253,0.7749543851477753,2.898775614929434,0.028312569509663488,-2.9032879741300137,-1.9372504258342924,1.5633591935053797,1.3383355579524683,-0.16453741952905926
1.97751366195488,1.762767150956876,-2.118365215585671,-2.2293481136657145,0.12903113714702566,1.9684813718527052,0.7748830241464996,2.8967320023807894,0.02846142340261868,-2.9011858288297496,-1.9372640545553899,1.5636714784527064,1.3379550184257905,-0.1646218344941479
1.974122449670924,1.7629854313260038,-2.120868366726201,-2.226992452377856,0.1321247735664883,1.9678531729215372,0.7716063451482182,2.8967264905559555,0.02505786124291339,-2.9012471116060983,-1.934171929394523,1.5645648332213906,1.3366476692044362,-0.16468980781157477
1.9742369298959492,1.7627775599579631,-2.120804760061401,-2.2270098948068666,0.131895451060693,1.9678233306270938,0.7717751613798236,2.8966389166293682,0.025062038964622935,-2.901120523330226,-1.9342065728065194,1.564565957036628,1.3366252804422727,-0.16467434785925839
1.9705778555931763,1.7637970974112867,-2.1232256369806746,-2.2267028560605358,0.13415345057480202,1.968836452876781,0.7688471471821253,2.895547893993904,0.02192249187479481,-2.9010290671653354,-1.9311666900793807,1.5645341629460179,1.3345200500698398,-0.16474420218411417
1.9706126008519242,1.7638542876590984,-2.1232383610348404,-2.2267733282070106,0.13417654474471727,1.9688075565543288,0.7688683255304499,2.89555597943514,0.02192717747771357,-2.9010278809356524,-1.9312537079790477,1.5644838401323502,1.334490794452189,-0.1647774553698085
1.9663269926694487,1.7628301373668387,-2.1257414868165716,-2.2237622105692125,0.137805388255031,1.9683904999023527,0.7653596544103788,2.8949088620258108,0.01873687275235746,-2.9010575482988576,-1.9281374801246727,1.565427246609108,1.3331706542095834,-0.16479492818828562
1.9663334659543799,1.7628371721670555,-2.1257353680177213,-2.2237609177459,0.13780407139552583,1.9683847765327047,0.7653572413580246,2.8949132772594064,0.01872984526419917,-2.9010534253982683,-1.92815174302256,1.5654252046285957,1.3331730151721204,-0.1647934944339256
1.9620752961920598,1.762853289929053,-2.128178601835938,-2.2209977334012163,0.14141329458333263,1.968219996367677,0.7618639069986257,2.8942743260302217,0.015571205296948961,-2.9010505917915976,-1.9251060522819399,1.566279654432432,1.331914421925094,-0.16464673090862664
1.9620797033270843,1.76285691823803,-2.128172487183133,-2.220994668478977,0.1414148952859159,1.9682088806595253,0.761863364731521,2.894277094479154,0.015562790435456492,-2.901048597300236,-1.9251169599892133,1.5662868535351537,1.3319210683724598,-0.16464725664912258
1.9578355732412387,1.7629535595364199,-2.1306318870021363,-2.2183525448255548,0.14514086459653366,1.9681037227382439,0.7583682570048852,2.8936409069236664,0.012369520617068204,-2.9010580691718477,-1.9221395706493212,1.5671062747930093,1.3306904896075926,-0.16458231931271966
1.957839545634037,1.7629578533429213,-2.130624447529904,-2.2183485700449332,0.1451389039742218,1.9680950351328403,0.7583676083261872,2.893643224554398,0.012362186763433484,-2.901056029513069,-1.9221492545872194,1.567110555054465,1.3306975183126928,-0.16458180824925212
1.953612129567497,1.7630211966785068,-2.133048977825422,-2.2158280352681365,0.14890864040384352,1.9680742369640023,0.754874495512781,2.893010936698282,0.009155467350100595,-2.9010611619350137,-1.9192250296733735,1.5678991884205555,1.3295003260550708,-0.16451639266289275
1.9537289761323946,1.7628055734071946,-2.1329624481972322,-2.215826457954543,0.1486588535907486,1.968029255616487,0.7550639700368643,2.8929178527952595,0.009166061673006161,-2.900943671100721,-1.9192322005600362,1.5679289587418435,1.329507510038955,-0.16451627344851083
1.9495226947678808,1.7628715780369797,-2.1353617146416215,-2.2134332442957345,0.15246034515506518,1.9681154384697992,0.751593221416315,2.8922811045295718,0.005954532543453213,-2.9009431293166457,-1.9163439544518297,1.5686596038996883,1.3283079909476716,-0.16453331292416637
1.9495284831768778,1.7628767556529152,-2.1353540907733004,-2.2134276701707254,0.1524566475966313,1.9681045225499456,0.7515918292810263,2.8922872903714665,0.005946978255695987,-2.900942753721101,-1.9163552158497752,1.5686652498925444,1.3283168482209218,-0.1645318446329348
1.9454536421005306,1.762948870054182,-2.137620110664533,-2.211224514344126,0.15606726100318288,1.968284131054138,0.7483014029252842,2.8915674534341633,0.0027456897007043283,-2.9009452830210463,-1.9135100556001066,1.5693806763683726,1.3271222108518288,-0.16448452348559153
1.9470520396054727,1.7600872532254268,-2.136474067693341,-2.2112138583748866,0.1526278592130594,1.9680960702765018,0.7509935612572817,2.8913712735119694,0.002883813610051637,-2.9005478197218264,-1.9133755310632952,1.5696074371689868,1.327272912588268,-0.16447379087202368
1.944104155717704,1.758265196582179,-2.1373164097991384,-2.2103062186830607,0.15247901650936221,1.9693854819975463,0.7506521076883081,2.890753468134365,0.00020467880073159238,-2.9005346572254025,-1.9109818932051186,1.569316629892349,1.3258448594173855,-0.16432093936684322
1.9441062894383987,1.7582735640756086,-2.1372830506087537,-2.2102769051945876,0.15245242466122022,1.9693801282122643,0.7506493925101393,2.890752999221253,0.00018876679737304903,-2.900528933113479,-1.9109846647386108,1.569323279591857,1.3258740045716735,-0.16431380425002456
1.94276177232091,1.754228009957549,-2.1381201249711155,-2.207840545270438,0.15125015611608714,1.968723880143881,0.7501854501608917,2.889922829143797,-0.0025940279105151373,-2.900504311651024,-1.908803846008344,1.5700523452005681,1.3247727747480147,-0.1635981643489222
1.9427648403708544,1.7542362390664743,-2.1381086186307305,-2.2078124170446856,0.1512452121060161,1.9686926585522835,0.7501965444212824,2.8899236768743073,-0.0026037592022324523,-2.900503330792111,-1.9088009228943739,1.5700909072496925,1.324809308830447,-0.163609036354055
1.9410937382440216,1.7505447771766578,-2.139023991088538,-2.20575609903527,0.15042702477586095,1.9687308062938662,0.7497306532923437,2.8891470081246107,-0.005163679602909919,-2.900464402718953,-1.9063586103155583,1.570662420244113,1.3234573589629801,-0.16303325559481802
1.9392844403328133,1.7475485886227156,-2.139750340521482,-2.2036138352722934,0.1499130524893048,1.9686192308152908,0.7500135623894402,2.8885240522244007,-0.007544102043270809,-2.900475187856685,-1.9041587607040635,1.5712021443300423,1.3225238441486435,-0.16319773354826783
1.9394105351808926,1.7473952969579174,-2.1396663684304587,-2.203603087962205,0.149705106443429,1.968585706132433,0.7501587656848878,2.8885286835678428,-0.007547515926713592,-2.900468641523785,-1.9041717876584228,1.5712381089722762,1.3225467154232842,-0.16319515597626802
1.9371729608231443,1.743324250431019,-2.140686058655167,-2.2009444630249635,0.1489586676587676,1.9684623925157634,0.7502660631259603,2.887683548598398,-0.010721073706859829,-2.900453458220192,-1.9012279253576072,1.5717977208848903,1.321102408366794,-0.16319435754799383
1.9372895535047767,1.7431444565844263,-2.1405866020656994,-2.200934274359931,0.148730101407362,1.9684579226752894,0.7504300218001251,2.8875695702765047,-0.010718048378645635,-2.9003190815262743,-1.9012248607125388,1.571823482790308,1.321113509079383,-0.16319183460787853
1.9351615719407131,1.7391925103067705,-2.1415722603478162,-2.1984116229254482,0.14805572518100277,1.9683761879988002,0.7501954340286601,2.886670266176469,-0.013887654752921865,-2.9003262025090444,-1.898303938909809,1.572360237059725,1.3196276324494065,-0.1629088927040592
1.935134063709627,1.7391826728954953,-2.141566192092596,-2.198399761393363,0.14805229828025435,1.9683701810349234,0.7501701162773011,2.886337586577709,-0.013883160293408874,-2.8999460012049085,-1.8983020780179432,1.5723953823251942,1.3196380676558523,-0.1629110080050709
1.9330680624578969,1.7352275446586267,-2.1424177409346683,-2.195995232291634,0.14730888877773898,1.9684596178845335,0.7500123037857814,2.885252298456538,-0.017114240288665483,-2.8999501542221684,-1.8954310665692473,1.5728982901892152,1.3181895998574524,-0.1626163348015037
1.9330768459187735,1.735236786389173,-2.1424122734319413,-2.195985602424806,0.14730676819914879,1.968435229723856,0.7500126231599988,2.88525813117406,-0.01712148493347174,-2.8999463346032384,-1.8954432973225812,1.5729180430153602,1.318206001246037,-0.16261722532458167
1.9310002653167473,1.7314503643175196,-2.143287217255685,-2.1937461579630413,0.14675398470886095,1.968619774436505,0.7498371963083926,2.8839754039662773,-0.020381462382618613,-2.8999492105874243,-1.8925946340080873,1.5733689635698531,1.3166501205507843,-0.16251619910119725
1.9311154941895157,1.7312760195928711,-2.14318990404566,-2.193733160686624,0.1465281213972657,1.9686060598980888,0.7500020484323067,2.8838779830327277,-0.02038088689047743,-2.8998215739621234,-1.8925931974469778,1.5734032136621536,1.3166759463016953,-0.1625142759539113
1.9290930929255308,1.7275977277286567,-2.1439911029899816,-2.19168084059272,0.14601653849628748,1.9689290721427564,0.7498868225374674,2.8825711187117435,-0.023685879909766554,-2.8998244928631727,-1.8897948053088962,1.573768013033638,1.3150509816890854,-0.16252746679544058
1.9290854353588538,1.7276019726459049,-2.1439825776562045,-2.1916675133797114,0.14601497514335307,1.9689160921290505,0.7498781519090456,2.882466293884611,-0.023689598506622833,-2.8996950671017223,-1.8897974533132673,1.573788098035849,1.3150677344079782,-0.16252703834255386
1.9271601086137002,1.7239026212856192,-2.144663284820266,-2.1898023068337378,0.14540843275620394,1.9694207640581753,0.7498846488740644,2.881076052665385,-0.027024726300698333,-2.8996902535678313,-1.8870305405652774,1.5741042431978682,1.313425450069377,-0.16255126043871387
1.9271568976942322,1.7239072525190273,-2.1446558271998737,-2.18978941363426,0.14540412582834975,1.969403256251487,0.749877103176859,2.88097206006341,-0.027027745211587642,-2.899559129495205,-1.887036622492649,1.5741260428476975,1.3134435185761066,-0.1625507417240491
1.9252386931264773,1.7202977534835961,-2.145293605352887,-2.188094983942121,0.1448434567627198,1.9700885489294062,0.749884463051069,2.879501234085298,-0.030355711413658816,-2.8995567680308887,-1.8842978171646,1.5744053938334475,1.3117644753674313,-0.1625814218043802
1.9237691590590014,1.7167564320794453,-2.145639987077094,-2.1867457940188766,0.1438892767577312,1.9708910580293697,0.7502223964058227,2.877976970177339,-0.0333260566599231,-2.8994206782752965,-1.8818444528409093,1.5746293522535162,1.3102341021681367,-0.162593351177252
1.9237916168626343,1.716774984477962,-2.1456416137430305,-2.1867396495320235,0.1438818927629437,1.9708523573305703,0.7502196001900291,2.877988501944835,-0.03333098223922963,-2.899412154658815,-1.8818735675226712,1.5746514250330992,1.310252665315153,-0.16259262563610516
1.9221180873708594,1.7128722717262037,-2.146066080233706,-2.1853180890319934,0.14290235954031116,1.9718718380013966,0.750549360891836,2.8763361104461533,-0.036583504754798324,-2.899394442423548,-1.879125816049039,1.5748057214175586,1.3084364647582882,-0.16261019233128163
1.92222649071613,1.7126975443001882,-2.145966254835998,-2.1853041869097045,0.14267947795779,1.971863131231248,0.7507040099761544,2.8761458760102356,-0.036583826301008246,-2.8991549638871947,-1.8791236836574214,1.574842574608438,1.3084645025172232,-0.16260816470661058
1.920642851811021,1.708780339636509,-2.146367674991747,-2.1840628748234145,0.14162726758508165,1.9730805320353042,0.7511430075482538,2.874372371263246,-0.039770020247975435,-2.8991451478918098,-1.876384448959828,1.5750055220044354,1.306601311547573,-0.1626507149494364
1.9206474084496357,1.7087927470945627,-2.146358643432517,-2.184050313678829,0.14162408975882954,1.9730665675661494,0.7511431593424659,2.874378203158235,-0.03977649204660636,-2.8991376415241987,-1.8763918756572773,1.5750161610194213,1.3066159192817137,-0.1626524800259265
1.9191124482776003,1.704901950690699,-2.146703438679918,-2.182990658533276,0.14054021010869425,1.9744857203353903,0.7516376449703006,2.872560155499028,-0.042949738047454646,-2.899129148751762,-1.8736678669096052,1.575137136638016,1.3046998801461285,-0.16269917533357048
1.9191174316703545,1.7049132280550423,-2.146694104056577,-2.182978161866399,0.14053806693104018,1.9744710596378863,0.7516381891255788,2.8725667709860816,-0.04295721497048001,-2.899122583573167,-1.8736756102502612,1.5751490930531575,1.3047142101377025,-0.16270116231468684
1.9176062449803726,1.7010846766947116,-2.1470349494870224,-2.18209522748933,0.13948042013016454,1.9760604190684954,0.7521384783144319,2.870762789872079,-0.04613026620231504,-2.8991023531223714,-1.8709679990790336,1.5752130250661558,1.3027629010510784,-0.16276247438157537
1.9176001672235645,1.701093115902276,-2.1470260052148773,-2.1820810627729075,0.13948085663407225,1.976043228502085,0.7521313059432948,2.8706773796424008,-0.04613606067288203,-2.8989860628118462,-1.8709733838492972,1.575232348282903,1.3027818051856206,-0.16276303116003438
1.9160970615674293,1.6973613427588599,-2.1473312986837265,-2.1813313775012384,0.13846124469523363,1.9777742105584344,0.7526329579047308,2.8688322947332816,-0.049260240430909014,-2.8989845587000227,-1.8682808929123265,1.5752755120418924,1.3007920873057577,-0.16282361705109444
1.916280300645789,1.6972228435294343,-2.1471620117665484,-2.181223300912725,0.13825444194063466,1.9777426719708726,0.7527231923722292,2.8687443451084067,-0.04925852604558374,-2.898883792122205,-1.8682430439351492,1.5753803572969944,1.300847408500384,-0.16276653893761475
1.9148707165823808,1.6934959903312605,-2.1473725896974734,-2.1805671916189984,0.13717302084465988,1.9796121063499086,0.753271804075826,2.8668277063204664,-0.0523635458791397,-2.8988751143715588,-1.8655397380376146,1.5754233111089064,1.2988448916031607,-0.1628029779768852
1.9148790820544277,1.6935071558189325,-2.147363203840018,-2.180555206201293,0.1371678866886086,1.9795963209239182,0.7532738541222361,2.8668358380034054,-0.05237088298365683,-2.8988685400948078,-1.8655495954984092,1.5754352121037765,1.2988593637996673,-0.1628040303907243
1.9135821061379443,1.689817166604173,-2.1474810751555955,-2.180025842569024,0.1360249993581957,1.9815972324308544,0.7538762298537232,2.8648843934671437,-0.05545710743353173,-2.8988651309339177,-1.8628548707322226,1.57548318159936,1.2968611492769413,-0.16281877674054934
1.913576769931393,1.6898437416070307,-2.1474710012330407,-2.1799992471115157,0.1360439716572284,1.9815762427724963,0.7538486340863894,2.864807854349899,-0.05546292313091497,-2.898763712151267,-1.8628560060746935,1.5755096294072857,1.296885035912021,-0.16281258461623624
1.912307881209881,1.6862391411127122,-2.147537858941868,-2.179631839094917,0.1349261752243841,1.9837017941949942,0.7544581373477672,2.8628618711701574,-0.05856039445699936,-2.89875783846162,-1.8602012364886755,1.5755038606435163,1.294885830937017,-0.16283214437643265
1.9123160173600087,1.6862507847200983,-2.1475291761888657,-2.17961850719343,0.1349218313794091,1.9836856370209925,0.7544592508906354,2.862868951714979,-0.058567428436655335,-2.898750009326821,-1.8602100938445052,1.57551701574035,1.2949010120728315,-0.16283319605316937
1.911068947920464,1.6827534836398026,-2.147563648875884,-2.179402038127418,0.13382215006832254,1.9859291622996718,0.7550563561099546,2.8608582925360757,-0.061678836238062015,-2.8987486420082043,-1.8575892809222436,1.5754768669309611,1.2928970712124106,-0.16284271377605317
1.9110579050673917,1.6827819488466806,-2.1475558748223893,-2.179375110514706,0.13384603743898565,1.9859100642874334,0.7550225639489414,2.8607567091011075,-0.061685414792658606,-2.8986180141717472,-1.8575903352365954,1.5755018683086175,1.292921828158852,-0.16283716711981278
1.909761105787802,1.6797550907458256,-2.1475816193929216,-2.1792688439687216,0.1329616411823095,1.987990809981943,0.7553770462660618,2.8581233722910806,-0.06417329605988192,-2.8973086307419385,-1.8554575154150617,1.5754767032552395,1.291413243172335,-0.16281396978283136
1.908767195323211,1.677479970053179,-2.147791839606806,-2.179550274526139,0.1321945969048811,1.9899064828210806,0.7556411485711199,2.8557811241075073,-0.06657730818269554,-2.897322654672837,-1.8535012434167981,1.5754643594335882,1.2899365584068885,-0.16271242544381415
1.9087614996262046,1.6775036026660377,-2.147795458438627,-2.179536020571514,0.1322023462908277,1.9898706102489774,0.7556178419227981,2.855698856454853,-0.06658469377762072,-2.897185610221677,-1.853522579662761,1.5754868397297523,1.2899722767032116,-0.16270941507035036
1.9073795098025352,1.674374667699666,-2.1481187653764056,-2.1797673451110677,0.13126749883162853,1.9923662505160658,0.755974210687226,2.8522811254055855,-0.06981469583767426,-2.8978813115156528,-1.8514083068608524,1.575654825119285,1.2879138473141187,-0.16276012618392413
1.9073823236314928,1.6743818266117274,-2.1481051015408603,-2.1797507779949963,0.1312667390184366,1.992348679930897,0.7559753985907257,2.8522877968303373,-0.06982678229824707,-2.8978765679968137,-1.8514128280165345,1.5756751612159317,1.2879327086387296,-0.1627621341632632
1.9060230650062757,1.671183332469384,-2.1481370662234758,-2.1797454954450113,0.1303552349018617,1.9947321440773351,0.7563372917069756,2.8487283570712925,-0.07294131175512227,-2.8975198001627986,-1.8493274060724956,1.575728916697783,1.2859276742957104,-0.16282502235593888
1.9060017075428262,1.671200171048353,-2.148133423003996,-2.179728548899037,0.13036601218600233,1.994718831829108,0.7563147283902621,2.848641307414025,-0.07294864220650961,-2.897386140235221,-1.8493312740396657,1.5757386044803172,1.2859584800281374,-0.16282247140556746
1.9046198916552564,1.6678781445317765,-2.148256606535612,-2.1799063852426785,0.12942986286438965,1.9972324241113366,0.7566729750947714,2.84540764582902,-0.07601625089100073,-2.8971602967215446,-1.8471683008066255,1.5758660986932533,1.2838664948724663,-0.16287954719280276
1.9045862071030344,1.667982627737216,-2.1482692541982122,-2.1798604833761726,0.12953765478498253,1.99720163664689,0.7565691414111416,2.845408258664233,-0.07602694713059237,-2.897158035841664,-1.847168221962621,1.57589868597551,1.2838886227960615,-0.1628602735179426
1.9032038523941994,1.6644832552543531,-2.148489612294765,-2.180005893354311,0.12846981446136374,1.9996981791994348,0.7568992217647806,2.842108989954734,-0.07905907754065257,-2.89706253072242,-1.8451024902578925,1.576162466706623,1.2816873491066856,-0.16291439886859158
1.9032112759227147,1.6644966151280958,-2.1484757213877397,-2.1799878839905102,0.12846500489677046,1.999678338099736,0.7569005504395048,2.8421160635603933,-0.07907066729414497,-2.897050819834777,-1.84511253928001,1.5761801700677898,1.2817081607300678,-0.16291624484456804
1.9018099469770926,1.6607532927004052,-2.148758937461425,-2.180071637535102,0.12732247710728167,2.0022080879658497,0.7571305186192759,2.8388304804532467,-0.08205708881181158,-2.8969666481358187,-1.8430962150219978,1.5764826703479147,1.2793164610640917,-0.16294372227575563
1.9018228698938155,1.66076793722222,-2.1487471241576013,-2.1800537196672187,0.12731130679950806,2.0021863347006144,0.7571301683358551,2.838840877456945,-0.08206729934178873,-2.896954521229204,-1.8431114960714232,1.5764986257281566,1.2793374245851228,-0.1629421676562056
1.9004378606513181,1.6566604568281322,-2.149017370460483,-2.1801046296730573,0.12586796236222586,2.0048246227986493,0.7574304722516748,2.8355707759630406,-0.08504886918092704,-2.896851174661252,-1.8411372477258297,1.5767864019824482,1.2768317571247825,-0.16285704020385672
1.8993588155996102,1.652976095573083,-2.14917673523556,-2.180113385957218,0.12436267016056077,2.007070723140127,0.7576005487943115,2.833305249790294,-0.08715621250297678,-2.896722871594803,-1.8397321102334443,1.576909103078814,1.2749721931415772,-0.1625182496849685
1.8994057710532495,1.652950134494652,-2.1491622456213313,-2.1801083567208446,0.12427940972328869,2.007046734775725,0.7576448305577199,2.8333279531708224,-0.08715950906268657,-2.896701586128485,-1.8397649739440347,1.5769158175833493,1.27499410083064,-0.1625175246564491
1.8980299335359356,1.6479365448480534,-2.149224284737745,-2.1800983690250217,0.1221878048314419,2.0100624042129294,0.757889879139823,2.8301168427885375,-0.09022361030959948,-2.896466297174364,-1.8377081297068671,1.5769044858945285,1.2722433361877543,-0.1619882416335967
1.8979645865839085,1.6480599450648563,-2.1492460840118195,-2.1800539023198406,0.12231557359109783,2.0100355985484555,0.7577493748262456,2.8300243421135067,-0.09023552738451139,-2.89633992042567,-1.8377131645990765,1.5769221763077126,1.2722789219554604,-0.1619592289057285
1.8965984699432266,1.6429174181366457,-2.149407946517278,-2.1800060272747483,0.12001258795189333,2.013052022869597,0.7579346960252864,2.826788272911776,-0.09332612698397937,-2.8960300160189734,-1.8356916706965134,1.5770082842023374,1.2695790241576654,-0.1612717971284552
1.8966081817851652,1.6429331338370428,-2.1493974018402278,-2.179990873063847,0.11999967186256823,2.013036534547817,0.7579271776338071,2.826799111996274,-0.09333502779099169,-2.89602017862703,-1.8357078254283488,1.5770156517012757,1.2695963382045574,-0.16126527354774967
1.8952413235612966,1.6376976885349508,-2.1496507153898174,-2.1799000750099182,0.11765028399095309,2.0160093484813655,0.7580377104141742,2.8235294838489713,-0.09643857321190377,-2.8956418185853283,-1.833718161333711,1.5771967196405894,1.2668662867439293,-0.16056156333484636
1.8952202166827155,1.6377655252159162,-2.149652431664971,-2.1798670371396653,0.11770924332421169,2.015988802800996,0.7579723654032274,2.8235342431137878,-0.09644979309429569,-2.8956396307094785,-1.833721967658969,1.5772161427787956,1.2668862166766564,-0.16054692510828047
1.8938874419081924,1.6324183240850791,-2.149929863954089,-2.179744575523808,0.11529651147611472,2.0188917405069593,0.7580652520920863,2.8202848212839156,-0.09959172256050511,-2.895257514449969,-1.831773758104977,1.5774501940635641,1.2640965566470277,-0.15986450733740248
1.8935372859911332,1.6330658924157937,-2.150095057154759,-2.1795535808803628,0.11611378095691337,2.0188133457492006,0.7573347208713541,2.8201530877781225,-0.09962579665786764,-2.895191756319149,-1.8317166374977805,1.5775439286669006,1.2641380198442065,-0.1597535822529571
1.8921607067100472,1.6276722229070195,-2.150360194607886,-2.1793697283749824,0.1137877142639007,2.0216886452627003,0.7572988569805585,2.8169068532379025,-0.10283687233201749,-2.894790674919691,-1.829774293073206,1.5777565391811461,1.2612924120928548,-0.1590798492365651
1.8921651917930238,1.6276829910638635,-2.150347756893894,-2.179352625654335,0.11377890668077453,2.021675730856478,0.7572950231226776,2.816913004111453,-0.10284619977369278,-2.894781843737961,-1.8297813819827855,1.5777682939409332,1.2613107389845157,-0.159075922826814
1.890497806873592,1.6228335491098662,-2.150769917071049,-2.1789838088911684,0.11215052962960864,2.024365500288531,0.7566791216800233,2.8135541765153995,-0.10610618186409447,-2.894346774411135,-1.8278667604481045,1.578133690600435,1.2584993770225177,-0.15837229374102096
1.890503743054667,1.6228448116424894,-2.150756769674673,-2.1789622534357815,0.11213883321826643,2.024350718548578,0.7566767562112479,2.8135640383622587,-0.10611471168330079,-2.894338259849996,-1.8278721620425809,1.5781489854517563,1.258521184615188,-0.15836859389812405
1.8888348917784616,1.6179232111500246,-2.151047709730667,-2.178560738285734,0.1106162293798362,2.027012093812232,0.7559610448639464,2.8102189850186132,-0.1093920088963168,-2.8939014883864456,-1.8260115142581201,1.5784773557020204,1.2556863883922225,-0.1577130688228855
1.8888098419144494,1.6180005626402767,-2.151050258314311,-2.1785237256260017,0.11068749784384876,2.026993478958877,0.7558858433558437,2.8102231229825523,-0.10940228510510494,-2.893901757792849,-1.82601198305806,1.5784969066574037,1.2557055088805416,-0.15769860562848073
1.8871351749404845,1.6129577463856242,-2.1512215597571402,-2.178082263048001,0.10914290615128937,2.0296299069431543,0.755156441882768,2.8068959893799894,-0.11265552067149062,-2.893463203015507,-1.8241985132258058,1.5788091224114518,1.2529118539137263,-0.15698733116665545
1.887113029855663,1.6129776217941851,-2.151214936118191,-2.178061952403597,0.10914863950794665,2.0296189104828977,0.7551303486428803,2.8068118995079514,-0.11266531563087434,-2.8933295548329916,-1.824205954620501,1.5788127163801058,1.2529483508397756,-0.15698054934280858
1.8854157972638277,1.6080071261191125,-2.151348105620096,-2.177575844215641,0.10758817424366787,2.032246312225892,0.7544057843848193,2.8034871579479916,-0.11585467657030918,-2.892890110027671,-1.8224513733448338,1.5791481126508853,1.2502480278774482,-0.1561383771425212
1.8854235278963754,1.6080255448122487,-2.151337339338735,-2.1775597968181564,0.10757495746587742,2.0322359215471186,0.7544014572658443,2.803500103862948,-0.11586149546467664,-2.892881087771534,-1.8224644368667977,1.579150594462948,1.2502645990703514,-0.15613423747129634
1.88370153997913,1.6030661267310524,-2.151403135344524,-2.1770467033689367,0.10593846699415471,2.0349159011018023,0.7535706237681685,2.800107138329767,-0.11895913806464832,-2.8923224874667697,-1.8207571121484558,1.57947273440096,1.247676582046751,-0.15514062255499747
1.883572604890749,1.603293875114275,-2.151443907401802,-2.1769778138360225,0.1062209503731135,2.034892736279289,0.7533087789960103,2.80000814761925,-0.11897769221358637,-2.8922164969985786,-1.8207453836021839,1.5794978339162316,1.2477067210235229,-0.1550995697294052
1.8820445416541869,1.5988707709407324,-2.1514421750409656,-2.176495488396153,0.104597194631611,2.0373075147798585,0.7526762447906519,2.7969755864699613,-0.12164782317654053,-2.891715136835284,-1.8192875956708159,1.579795556055052,1.2455052944490925,-0.15407231550270986
1.8806469706678421,1.595465026222186,-2.1513259504624176,-2.1760193354077755,0.10355264666249558,2.03939510832107,0.7517739753077242,2.794429032687495,-0.12369279046507904,-2.8911734472980974,-1.8180780392062443,1.5799260280791632,1.243812343906854,-0.1529824498404417
1.880037705561028,1.5960118782728923,-2.151490415433285,-2.1758730220847613,0.10436626596877771,2.0393195961128523,0.7509625089949622,2.79358701004596,-0.12375249089121057,-2.8899519596323153,-1.81805665684401,1.5799488733557867,1.2440612289210071,-0.15281727456979752
1.8778229514047942,1.5914864833540117,-2.1513807962646876,-2.1751588314105987,0.10309773229328029,2.0422349797179145,0.7496206019153973,2.789727875861651,-0.1265009005483414,-2.888611539354367,-1.8163420520053895,1.5800310183608335,1.2418979996911896,-0.15122992056791215
1.8776958363584761,1.59161916780275,-2.151398719396396,-2.17512871957164,0.1032785627860385,2.042231274646925,0.749442966884488,2.7895724940173636,-0.12652353682130615,-2.8883801817584924,-1.8163440610636197,1.5800146367545345,1.241948538932489,-0.15120537387173746
1.875180233611422,1.5875003788195232,-2.151574482043731,-2.1743320588266095,0.1024374187865021,2.0449872702455774,0.7474646242890476,2.785234227447981,-0.12932303532841447,-2.886366141598483,-1.8146770026839572,1.5803198321141807,1.2400323532639166,-0.14936098555735433
1.8751891811397132,1.5875137322679345,-2.151570984902723,-2.174321566352971,0.10242349167073522,2.0449876626528805,0.7474541471762607,2.7852489665515328,-0.12932529963672018,-2.88636220588521,-1.8146898775231184,1.580310967995193,1.2400377552774031,-0.1493507399886659
1.872584496329166,1.5834736381833077,-2.1515944106588902,-2.1734928628773886,0.10163253747481012,2.047764929753962,0.745528064586532,2.780831048101362,-0.13214249367783487,-2.884185127187762,-1.8130449035103788,1.5804856015984226,1.2382406514849464,-0.14748767659744416
1.8725898035757524,1.5834829939572326,-2.1515842430949745,-2.173486426424282,0.10162131755031875,2.0477655489636097,0.7455267985877562,2.7808382305035297,-0.13214911977248756,-2.8841799241836914,-1.8130557377923204,1.5804776403766525,1.23824682652139,-0.14748426160408576
1.8700173907645745,1.5794978165948628,-2.151655447687575,-2.172645386601474,0.10078814552786458,2.0504526635068543,0.7436605252070542,2.776442292912115,-0.13497552275910368,-2.882005634963481,-1.8114663131496824,1.5806961386371126,1.2365314624097032,-0.14565268735619546
1.86997970196876,1.5795241003675757,-2.151654383488307,-2.172632199485384,0.10080455211271606,2.0504489263704535,0.7436147793065501,2.776371787566366,-0.13498473171541842,-2.881877261040944,-1.8114756996533585,1.5806812512229595,1.2365649682195565,-0.14564008267402367
1.8674059159073257,1.5755655568362914,-2.1516739420851962,-2.171774049459715,0.09998683793639523,2.0530827914243885,0.741677719793291,2.7719705785744964,-0.13782335361538217,-2.8796529049271937,-1.8099147781846598,1.58083291056324,1.2348834411548306,-0.14374873787206321
1.8674121477622336,1.5755789043600383,-2.1516658478860924,-2.1717678906199596,0.09997143003306821,2.0530788272819436,0.7416718145072788,2.771980003865486,-0.1378267900889199,-2.8796431219137926,-1.809929175612687,1.5808255160447968,1.234890338949995,-0.14374162420985387
1.8648209541554375,1.571659230824708,-2.1516811466882313,-2.170890353667594,0.09918638745146949,2.0556794831889795,0.7397345047088358,2.7675418504271447,-0.14067854122613074,-2.877321878215067,-1.8083944651306876,1.5809544076765614,1.2332801520819596,-0.1418752755288061
1.8647903134358808,1.571741223221721,-2.1516803249875336,-2.1708639148334554,0.09927396265753294,2.055677115680076,0.7396471268956045,2.767541623132032,-0.1406859457628972,-2.87732546235991,-1.8083943837154195,1.5809586973661802,1.2332857201232248,-0.14185545471268823
1.8622066870051266,1.567877871103563,-2.1516464458203663,-2.1699694611278533,0.09850845683765012,2.0582143526155363,0.7377272333986221,2.7632616341420566,-0.14354368543106893,-2.8749962190591796,-1.80688120050647,1.58107084453669,1.2317411953965052,-0.14002044766552424
1.8621781123197585,1.567958826486814,-2.1516473513604017,-2.1699431807428393,0.09859787379379054,2.058213488356643,0.7376403750209782,2.763264136251319,-0.1435519211555711,-2.8750057551834587,-1.8068819145677042,1.5810743029204832,1.2317455289653103,-0.14000043566929346
1.8595852123223837,1.5642104485941046,-2.151615313328698,-2.1690192880664423,0.09791712442810774,2.0606537505573477,0.7357230512973042,2.7591043232254786,-0.1464218790406187,-2.872647733111712,-1.8053485809541927,1.5811669259220333,1.230260897818002,-0.13822140500107316
1.8595146290065785,1.564315434802012,-2.1516276557819527,-2.1689876176727108,0.09804100973712333,2.0606480258972844,0.7355884506408159,2.7590319535475563,-0.14643341041972152,-2.872536922734279,-1.8053522881093953,1.5811600875626113,1.2302927142659275,-0.13819267260383356
1.856905524980278,1.5606613855103988,-2.1515957323674026,-2.1680332251812486,0.09747669537709978,2.063018876100089,0.7335575498781434,2.7548178740638467,-0.149314126160318,-2.8701949753754175,-1.8038639537951744,1.581238910300879,1.2288624151197667,-0.1363845005755222
1.8568305093329627,1.5607012673492988,-2.151603764685142,-2.16802348249472,0.09752151316959184,2.0630111992668647,0.7334768240994337,2.7546745043130856,-0.14932720655296955,-2.8699466700160854,-1.8038791948081092,1.5812083325312976,1.228917979765517,-0.13636800043757555
1.854130270206277,1.5572705599804577,-2.1515824654558067,-2.1670106391007677,0.09721662037202726,2.065321243520748,0.7312379159707705,2.7504745655524445,-0.15222832248174376,-2.867488860389421,-1.8023956459674315,1.5812862609514904,1.2276074682078266,-0.13453793331312713
1.8541333299449685,1.5572797647401353,-2.151575226422525,-2.167007375271763,0.09720812829122913,2.0653224294179164,0.731233496779931,2.7504798069257315,-0.152233435165009,-2.8674825239431656,-1.8024066475504248,1.5812768796360557,1.2276101094310177,-0.13453353245206573
1.8518289702317403,1.55476267273309,-2.151574651663258,-2.1661199052393707,0.09727183631570917,2.067063819526349,0.729216012711172,2.7470166741681408,-0.15460641082128923,-2.8652497400436734,-1.8013634528209441,1.5813404661113388,1.2267320900489693,-0.1331062551358846
1.8454036552272512,1.5488638331757574,-2.1512209235516657,-2.1575100435596637,0.09609679388389664,2.057647575541718,0.7290305311503464,2.743490443901602,-0.15678089122608452,-2.863003617389854,-1.7988748287325265,1.5769329970505277,1.22320207299646,-0.13254966602810406
1.8453246069367455,1.5491438175814138,-2.1512441302667837,-2.157466328209786,0.09645687584305944,2.0576454343928976,0.7287160499167218,2.7434772956083457,-0.1568003692646628,-2.863039769293765,-1.7988942389468485,1.5769288929074685,1.2231705878131995,-0.1324875785517416
1.842367514552842,1.5460530475668912,-2.1510966698551486,-2.1562796031673246,0.09665444448131351,2.0603312551901105,0.7262428540852907,2.7388887914895834,-0.15990247098436397,-2.860298110147736,-1.7973314151349287,1.5771955029368727,1.2222034245722984,-0.13068008823630625
1.842305343490473,1.5461362453219663,-2.1510873082163573,-2.156259510148206,0.0967568674569044,2.0603330314092005,0.7261381424150285,2.738812047303638,-0.15991948926980037,-2.860192496423016,-1.7973341745255538,1.577177810585281,1.2222311565160946,-0.13066273494775085
1.8393437682179323,1.5432731054582496,-2.151158637240314,-2.155050080871943,0.09717313238695642,2.0627861309349944,0.7232770421268211,2.7341809972651103,-0.16289469581321703,-2.857464257412248,-1.7958822385283668,1.577631572612274,1.221298677704892,-0.12869109002087128
1.8393239388277356,1.5433430332426161,-2.1511502471399093,-2.1550242171562335,0.09723982867318955,2.062795445410556,0.7231972491406218,2.7341817726321205,-0.16290101885986263,-2.857471263767374,-1.7958822624552984,1.5776225786837696,1.2212998158866613,-0.12866819410483601
1.8362881273084926,1.5405206634655024,-2.1510039524984723,-2.153779958742139,0.09787592742514857,2.0652877487221186,0.7199531356966826,2.729520345740167,-0.16589559161984418,-2.854686915088302,-1.7944616787153467,1.5779152511010532,1.2203426781661029,-0.12646006317209518
1.8362940289420526,1.5405313492531112,-2.1509979755293536,-2.153780167752209,0.09786397169436849,2.0652906109008695,0.7199488979180161,2.729529059284738,-0.16590036736102387,-2.8546831435915556,-1.7944776867654566,1.5778997074843555,1.2203428058526917,-0.12645463697186127
1.833148331930642,1.5377951673772918,-2.150873073621229,-2.1525238837526506,0.09852583827961509,2.067750002555413,0.7168796986546628,2.7251408167348226,-0.16890083563939073,-2.851885710305642,-1.7930403334204659,1.5782108284018856,1.2194509345150755,-0.12441113241505782
1.8331532523163894,1.537808344106153,-2.1508696335259203,-2.1525248698268884,0.09851219638540822,2.0677553062525575,0.7168728268551936,2.725146173652344,-0.16890205555232604,-2.8518802128166123,-1.7930551744594336,1.5781909108022436,1.2194502956121551,-0.12440409815684286
1.8301310311329433,1.5350892770003075,-2.1506958392140034,-2.151266581236182,0.09917088376380051,2.0701345781658813,0.7137972882698121,2.7209154356140646,-0.17190705076405235,-2.849054919713714,-1.7916232217526145,1.5784309835639236,1.2186898151890388,-0.12232654126004097
1.8300399269063505,1.5351837282943603,-2.150697523895341,-2.151242004548737,0.09928844188538966,2.0701377677289416,0.7136579081120052,2.7207919282236106,-0.1719233045917839,-2.848859242993364,-1.7916278075207852,1.578397386441738,1.2187372220062993,-0.1222972665746377
1.8269623320296264,1.5325507542570111,-2.1505201373705973,-2.149917607844871,0.1000258126756505,2.0724613149935713,0.710310409780194,2.7166057518487237,-0.17494592766836564,-2.845916031862501,-1.7901331594944174,1.5786833741213486,1.2181722526426177,-0.11999992203798515
1.8267122966574811,1.5327506678804825,-2.150584849668696,-2.1499181193467036,0.10030771490098737,2.072456109583287,0.7099726426152508,2.716266011276951,-0.17500800713396059,-2.845300475494456,-1.790164696577296,1.5785534919422468,1.218298348634401,-0.11993039123434501
1.8234502650560702,1.5303396896169694,-2.1506071360546555,-2.148513496998743,0.10138321574812005,2.07419297742965,0.7066366313002045,2.711802374495411,-0.17810561331646685,-2.841903003200814,-1.7891887133546729,1.5787579676761436,1.2177902181852176,-0.11822944426243046
1.8233619750873686,1.530486343057892,-2.1506190851089246,-2.148474427519455,0.10157654612524776,2.0741799798087746,0.7064304981401442,2.7117000176928783,-0.17813466468908715,-2.841744207257086,-1.7891871805973303,1.5787431785299106,1.217834293091861,-0.11818257085909618
1.8195920415067133,1.5283353142775935,-2.149910673857531,-2.147142962948356,0.10304053163244391,2.076325334474608,0.7033105466596138,2.70661308715072,-0.1814590878066628,-2.8379795908112238,-1.787965859561309,1.5777638324157321,1.2166181471279265,-0.11708356312343561
1.8195348426957956,1.5284420113025499,-2.149913087371446,-2.1471318226360268,0.10314926423530388,2.076324267491236,0.7031810142280631,2.7064579753197644,-0.18149394175022282,-2.837754445355705,-1.787972833652861,1.5777013133111164,1.2166674265029906,-0.11707121751852136
1.8159911692239241,1.5263518414734567,-2.14996950283834,-2.1456377657772623,0.10483180203855855,2.0775125388172437,0.6995680451949341,2.701223418695628,-0.18466585783261327,-2.8338148099937044,-1.78739254342103,1.577756950221785,1.2162220092762268,-0.115797201857362
1.8159764746625227,1.5263954051323385,-2.149940085709876,-2.1455978779377523,0.10486181919624464,2.0775069144307112,0.6995347918625715,2.7012216037114145,-0.1846695065986003,-2.833823383634008,-1.7873677611926224,1.57777788642874,1.2162516243359724,-0.11579160814204909
1.8082923596235128,1.5211790174745994,-2.149342843889231,-2.136514970344391,0.10522606066401681,2.0684579052454155,0.6973489200967529,2.6959582128818136,-0.1878506429677937,-2.829597472083635,-1.7855356285962223,1.5739408334615232,1.2135337823734464,-0.11486013640166762
1.8082831125670171,1.521211367281837,-2.1493601658836043,-2.136539693686167,0.1052357988197291,2.068478466131723,0.6973001647107373,2.695914241953258,-0.18786151826391811,-2.8295115735178125,-1.7855779462961388,1.5738709987555497,1.213523276492168,-0.11484943926967124
1.804549730152726,1.5192375868716643,-2.1491612936034556,-2.1350415929156914,0.10673299515410707,2.0705495923953054,0.6937958010782993,2.6906133248980746,-0.1911758675098877,-2.8253800072344473,-1.784658340063483,1.5739624518209705,1.2136343947343087,-0.11311345835392389
1.804559403279103,1.5192238068941604,-2.149158425272741,-2.1350676469498473,0.10667319465464391,2.070567732147374,0.6938258526609979,2.690625380907541,-0.19117912483593466,-2.825366933530734,-1.7846921410842023,1.5739117733597452,1.2136238011501794,-0.11311413750129277
1.8009907627233184,1.5172833490201796,-2.1490409973076763,-2.1335862366672886,0.10834416735463655,2.0726499805860144,0.6898498674623402,2.685373300212953,-0.19437580041378033,-2.821231157136212,-1.7836519074764356,1.574197250941452,1.2137302121089473,-0.11095645623450585
1.800994613676782,1.517305583833633,-2.1490297221295194,-2.133588460113581,0.10833175047039226,2.0726618897046643,0.6898496656305477,2.6853821661346107,-0.19437989853980314,-2.8212303944935666,-1.7836690119431151,1.5741658550210347,1.2137301509715805,-0.11095685002438015
1.7974056967948773,1.5153631461512918,-2.148787396475646,-2.1320642582722202,0.11010899816684258,2.074783836572203,0.6856598485592114,2.6803679803043896,-0.19757817412890713,-2.8170663795403925,-1.7823224844349042,1.574394225795003,1.2138253506621675,-0.1085866190196135
1.7974776436409428,1.5155196035422214,-2.1487446784301607,-2.1320134672983095,0.11027960803470566,2.074777747567463,0.6854656640909739,2.680319180010174,-0.19759930416364566,-2.8171223238027414,-1.7823227908401247,1.574403845302529,1.213780571731963,-0.10850619827379271
1.7938679656136034,1.513660891891848,-2.1485806495263655,-2.130479047295955,0.11191791113248195,2.076631054006086,0.6820390292648062,2.6752400059017,-0.20083511047962638,-2.812836399342191,-1.7812462516047285,1.5745037732376967,1.2139770922143291,-0.10683535040005387
1.7910645408284585,1.5123761581733615,-2.148465850240255,-2.129189379277538,0.113567009555611,2.077648097727236,0.679232576390118,2.671164064057275,-0.2034573444320066,-2.8094670923517993,-1.7806972063066835,1.5744942272514542,1.2138786634000498,-0.10591584956934574
1.791040841045465,1.5124206300053784,-2.148464105587585,-2.1291725723303476,0.11357828238583992,2.0776178614919734,0.6791916557595336,2.6711323370207243,-0.20346989439597116,-2.8093776582211745,-1.7807090775600418,1.574492735152514,1.2139334897337108,-0.10590314598200933
1.787500696701329,1.5107922826180424,-2.1483966138592283,-2.1275583466218784,0.11573220555412193,2.078724443917383,0.6754702416114152,2.6657304978551988,-0.2067332937411431,-2.8050955727811213,-1.7800224935753264,1.5742614516579936,1.2137842717138745,-0.10471127622599055
1.7873942525879227,1.5108699805117949,-2.148354182099188,-2.127476294561323,0.1158217848324352,2.078711059170317,0.6753730469922246,2.6656460711564702,-0.20676521007591975,-2.8049478863469606,-1.7799515388981983,1.5742781585666528,1.2138963968057905,-0.10469566609951214
1.7840469103972747,1.5099581653593384,-2.1488055301297724,-2.1270304573803105,0.11854795323868092,2.0798403076259797,0.6706236319168131,2.660182681917638,-0.21007013247431086,-2.8005858287577547,-1.7793475171571742,1.5740404573908844,1.2132778647224565,-0.1033121756575947
1.784041875378234,1.509972048618179,-2.148794204287099,-2.1270015813992935,0.11853160613807327,2.0798420728574216,0.6706130246444627,2.66018454995718,-0.21007501170502685,-2.800582300431038,-1.77934357193215,1.574042555815603,1.2133024559312906,-0.10330428457443638
1.7803423316207827,1.508589964034522,-2.1484173776389537,-2.1252793810968518,0.1211892635352267,2.0808080831561933,0.6661612144934188,2.6547147803096,-0.2133729592991715,-2.7961123113640127,-1.7787160471457393,1.5735297652336522,1.213145412216496,-0.10187170084216449
1.7803517841163232,1.508600642211398,-2.1484083364023805,-2.1252703495308074,0.12117305435944467,2.080811119457731,0.6661574035977461,2.6547186003697845,-0.21337594746938937,-2.796113084638339,-1.778722978398425,1.5735205501116034,1.2131519246019924,-0.10186692080497439
1.7764039700774819,1.5070885573885942,-2.147472655165726,-2.1235768377320863,0.12368151159283543,2.0822565966791617,0.6619510720558471,2.6492733351899527,-0.21708531730271902,-2.7916715272460975,-1.777594738667984,1.5722893581352397,1.2123505049143155,-0.10058948287279007
1.7762599161950618,1.507258827509856,-2.1474327098755692,-2.123528469108343,0.12380250737828831,2.082231947466665,0.6617140512467627,2.6489294037914815,-0.21720262871119797,-2.79108745907509,-1.7775207918261273,1.5721485225851364,1.212532504218365,-0.10053229609878325
1.7721797275198168,1.505871358996096,-2.146189014355898,-2.1217762854210913,0.12659796517965416,2.0834797127558544,0.6575243424786252,2.643455552778497,-0.2208751316140815,-2.786613727873961,-1.7763972122299898,1.5709662433992335,1.2119832340101662,-0.09929171472671534
1.7721692406188208,1.5059426792578179,-2.146196340947229,-2.121793659847773,0.12664785931964032,2.083484340720822,0.6574736962170831,2.643411902103743,-0.22088731174318937,-2.786540746197549,-1.776417879667741,1.5708938003620352,1.2119792709321526,-0.09928558194138516
1.768325287525656,1.505573876550083,-2.14596700275751,-2.1203998510493185,0.12987234787001412,2.0841347278244835,0.6529067131987261,2.637931203940026,-0.22432423428204992,-2.7814523898946777,-1.775783974178649,1.5701722809322283,1.212388245316021,-0.09799978300016395
1.7654121044983426,1.505663217546058,-2.1461575451689705,-2.119889966801202,0.13263529930151027,2.0846607833660986,0.6488284914000622,2.633474763383643,-0.22709138578963262,-2.7773567837870834,-1.7755097844068217,1.5695026993692764,1.2124719249295164,-0.09692439610902409
1.76538211301118,1.50571828123768,-2.1461320449953836,-2.1198295946013794,0.1326602786275238,2.0846247361152748,0.6487811199104967,2.6334454073536686,-0.22710932283253363,-2.77729952133038,-1.7754743369264179,1.5695283907074031,1.2125448208948786,-0.09690984068738297
1.7616207245952247,1.505881411916956,-2.1461085948343714,-2.1189310771564167,0.1364173751183702,2.085150284347421,0.6436064706566847,2.6276078416314426,-0.2305602609527095,-2.7721423283744753,-1.7751831320584732,1.5684369479349456,1.2127320675530102,-0.09564849975588947
1.7616029580567887,1.5059198504727096,-2.1460858088843784,-2.1188932447115185,0.13643654102868252,2.0851524654987474,0.6435683166633352,2.627573547007412,-0.23057883920297184,-2.772100010279069,-1.775158409972726,1.5684207660736216,1.2127614794970927,-0.09563783397084405
1.7578245203815306,1.506190672172071,-2.145809697451675,-2.1180354450496286,0.14025817765993415,2.085831039578293,0.6383560501430338,2.621722343383792,-0.23404254692384754,-2.766912049551605,-1.7748621550018215,1.5672952738124155,1.2130476375387744,-0.09429963438950494
1.7578193999306744,1.5061970827766498,-2.145767172026913,-2.117982475233924,0.14023382690436356,2.0858215594862246,0.6383646215842571,2.621720365194028,-0.23404480271414083,-2.7669247857124954,-1.7748195868169816,1.5673257337428537,1.2130900204360913,-0.09429625796649303
1.7533294001147255,1.5052486870390493,-2.143649534908722,-2.116082860974152,0.14397585995817422,2.0867909749948224,0.6335164034907627,2.6158670205992314,-0.23803375418044764,-2.7617789850150047,-1.773720890147896,1.56539677582878,1.2129293885445775,-0.09285352974702057
1.7533448235076041,1.5052430894141757,-2.143616801875192,-2.1160309757096765,0.14393254275873474,2.0867879373620704,0.6335307837341573,2.615862908523775,-0.2380345682662949,-2.76179426908367,-1.7736834752569726,1.5654331646691626,1.2129676326046546,-0.09285568918762374
1.7488384804818526,1.5043495156230895,-2.1414121611414627,-2.1141027884389154,0.14751987169032144,2.0876741275330226,0.6290033237022937,2.60999502320397,-0.24202545430719535,-2.756611750597617,-1.7726147184207608,1.5635206964191752,1.2130783825899238,-0.09143619774748069
1.7452475078509353,1.5039906458757992,-2.140776055412582,-2.1137264375178564,0.14998234292029405,2.0884750072372094,0.6259380559190968,2.6052949695746204,-0.24528022418785994,-2.7525033574797697,-1.7717765049682708,1.5617618973841159,1.2135140444495809,-0.0901920114128974
1.7452510090112245,1.5039908242168043,-2.1407307075189803,-2.1136580151654396,0.14990271848683656,2.088448620826763,0.6259561785090609,2.6052730568298115,-0.24527931891834917,-2.7524529473878965,-1.7717208377670186,1.561783801905149,1.213588186040952,-0.09018456659097923
1.7406140432403399,1.502429976911547,-2.1393405621941186,-2.106405584169841,0.15044397941722887,2.079333671979719,0.6235735400554558,2.5994355695512246,-0.2487257887042833,-2.7470219418545003,-1.7699010909706643,1.5564962450173994,1.2122051456163085,-0.08850156317700619
1.7404619153176073,1.5025511312277726,-2.1393555810488953,-2.106453135447193,0.1505573882880545,2.0793820707774486,0.6233952169662451,2.599360673106526,-0.24878657078715544,-2.7467482109524424,-1.7699165569513486,1.5562979402083743,1.2122407441916958,-0.08845395043454438
1.733085847844168,1.500999109570279,-2.1376709459931087,-2.097817690599134,0.15133621574734832,2.0707244425755476,0.6204782077138327,2.593464688475959,-0.2522332314167505,-2.741206500876961,-1.7681312831510947,1.5515166477234872,1.211493239825776,-0.08622548115456974
1.7331433197423411,1.501040973812602,-2.137690773644858,-2.0978285572968622,0.15135948979559727,2.0707249077450407,0.6204364741397616,2.593460281209823,-0.25224406089276613,-2.7412338704545878,-1.7681817829098088,1.5514287107706468,1.2114176747889924,-0.08618131940676532
1.7246617107016926,1.4974415619722103,-2.1358080005944706,-2.088495502095127,0.15216616125998056,2.0627840957539982,0.6180118362564248,2.5876211959624302,-0.2557602439378872,-2.735510900951577,-1.7664815422208613,1.5477042082305503,1.2115075825939603,-0.08409541309107808
1.7245578788043645,1.4975911319742459,-2.1358415286840695,-2.0885916791772354,0.15230331697693986,2.062794292776898,0.6178425628277021,2.587540928129703,-0.2558516704620577,-2.7352214718429417,-1.7665341986547232,1.547488284811891,1.211520242156533,-0.08406196788449383
1.719980496463116,1.496804730500199,-2.135093241733244,-2.0865376668191544,0.15517377344525607,2.0652830380358123,0.6135629271838534,2.5821746865136777,-0.2594124309678805,-2.7295572203287413,-1.7660621360977957,1.5477978999627109,1.2140202664082869,-0.08201874647730913
1.7163337199144995,1.4963335134312166,-2.134641949200349,-2.0849820968120403,0.1578441943333088,2.0670333682276323,0.6099648264194035,2.5778063332093644,-0.2623878345865165,-2.724681666394608,-1.7655558065146824,1.5478032589857218,1.215790069240042,-0.08052306126100829
1.7163635182084316,1.4963756622818944,-2.134654814220464,-2.0849986279543002,0.15782924930480582,2.0669873142393724,0.6099801238467216,2.577812460290664,-0.26238165061567764,-2.7246857733459318,-1.7655952786816087,1.5478125437760968,1.2158098815252656,-0.08053933866594402
1.7120737569221234,1.495790929229329,-2.133993610977848,-2.0830490756796323,0.1608279366063145,2.0689071276269764,0.6061904607269661,2.572416770143879,-0.2661587352193855,-2.7187226585879607,-1.7643782323440556,1.5476124067670778,1.2180161606990871,-0.07883798213241745
1.7121209815497316,1.4957577382053908,-2.1339622017870803,-2.083044852921483,0.16074203440120272,2.068900288105671,0.6062501922924973,2.5724170343520045,-0.2661626023660002,-2.7187347183949684,-1.7643851345641852,1.5475996782596901,1.2180144743536132,-0.07884169516316578
1.708194375283648,1.4951329034085636,-2.13337364832009,-2.0810927870306735,0.16364657420109116,2.070416309701836,0.6025297200842229,2.5669656657333695,-0.2698156203300498,-2.7127994482760682,-1.7630652516659688,1.5471761820555774,1.2199632318343374,-0.07713996725645773
1.7082153746563187,1.4951178793843292,-2.1333421566523856,-2.08108316952329,0.16357582744616014,2.0704154434953814,0.6025544515843553,2.5669233549384978,-0.2698459528925974,-2.7127383349765486,-1.7630639799114782,1.5471284967639556,1.2199816251710498,-0.0771309097332657
1.7043358918949354,1.4945249768714002,-2.1327680033192316,-2.0791322123518152,0.16648578420103322,2.071721419439178,0.5986740518330993,2.5614889315597407,-0.27351562888163444,-2.7067759081999587,-1.7617428314909276,1.546530597272168,1.2218485523641986,-0.07528469983321566
1.7043288134983583,1.4946359003192957,-2.1327509849332555,-2.0790622088378354,0.16653784905023072,2.07168870746009,0.5985800942449099,2.56143120765458,-0.2736061106422138,-2.7067088689814747,-1.7616995092318213,1.5464314353703674,1.2218921106148173,-0.07523769867519113
1.700465308329743,1.4940753893865386,-2.132080196420961,-2.07709750256498,0.1693858028989883,2.0729393077153024,0.5945891868301872,2.5559192706120384,-0.27731277931157183,-2.7006966378890205,-1.7604082797983582,1.5456674573522666,1.223807825261042,-0.07321200161153124
1.7004346500777527,1.4940853795964906,-2.1320278172971654,-2.077035653366112,0.1693727833825741,2.0729308937446786,0.5945949912216663,2.555921507504036,-0.27731593215261746,-2.700705130817471,-1.7603490371528747,1.5457201897563864,1.2238731393787166,-0.07321860086912764
1.696616374626936,1.4941687527422145,-2.131656612753257,-2.0754046963642105,0.17282388954545191,2.073747158647355,0.589791083500942,2.550406860321458,-0.281113364469098,-2.694581875055727,-1.7594341875757422,1.5445684406342646,1.2255554766156573,-0.0711604102723692
1.6965973537134578,1.4941862976668479,-2.1316410535613057,-2.0753905021645926,0.17280993377197823,2.073762088712052,0.5897791653767471,2.5504167594002767,-0.2811082299122959,-2.6945768907929777,-1.7594301980119122,1.5445489631685987,1.2255690725581534,-0.07115170117585992
1.6930222161213888,1.494022371264958,-2.130908207096804,-2.073434610619056,0.17582766488758694,2.074206979753871,0.5853516071570872,2.5450869441582733,-0.2845206184794579,-2.6891501965121005,-1.758873305302127,1.5435766095969443,1.227200018166327,-0.06921668480117366
1.6868061103788787,1.4928966148636285,-2.129431282827234,-2.0650069401141176,0.17599812093622638,2.0660334730054477,0.5839947940614969,2.5405802212789546,-0.28726815513610965,-2.6846124492592947,-1.7574527736565955,1.539458844721766,1.2264971264947868,-0.06799101340894957
1.6868128473051176,1.4929368568013928,-2.129467615773801,-2.0650688903141505,0.17600471206121865,2.0660652746750947,0.5839525022310027,2.5406003412834077,-0.2872710952283237,-2.6845839175147628,-1.75751408577348,1.5393409270640526,1.2264466446763123,-0.06796509216679734
1.682838309821264,1.492994870331535,-2.128739137416099,-2.0634519570332377,0.179493825896359,2.0672201164447745,0.5792659450063792,2.5349951804190782,-0.291062385520153,-2.6784510326216715,-1.756667256912924,1.5382937667884402,1.2287313671515487,-0.06579606145493497
1.6829125830721194,1.492951564447569,-2.128733611027756,-2.063453938163519,0.17935680568912332,2.067272978054958,0.5793059423961366,2.534983051947677,-0.2910753730666635,-2.678465169941061,-1.7566863069414875,1.5382441070016808,1.2287142093518766,-0.06577567482669665
1.6785611665057012,1.4926532400858796,-2.127795827554635,-2.061367018679024,0.18292079623588306,2.0680816226545957,0.574363933400824,2.529165556172439,-0.29486946082532683,-2.672368719965544,-1.7563250414062395,1.537265298239315,1.2308140718738072,-0.0636818637322986
1.6786015947202932,1.4926505952279623,-2.1277856613100083,-2.06135344109982,0.18283113712484436,2.0681044447084505,0.5743931438247363,2.5291533075921175,-0.29487186933015724,-2.6723667189727793,-1.7563146980764381,1.5372546493839498,1.2308346520912457,-0.06368172824354722
1.6749191415578395,1.493182606177253,-2.1276575589853337,-2.0606344537499215,0.18676663339765096,2.069004829240669,0.5688134950403825,2.5235812478769373,-0.2986956284806367,-2.6662154962762097,-1.755789240612774,1.5359873476832504,1.2324278885216526,-0.06174420417484469
1.674941599696817,1.4932012069384886,-2.127628964820906,-2.0605823736703783,0.18671154837673853,2.069015793344811,0.5688300539391872,2.5235570965024223,-0.29870587721512093,-2.666222718735613,-1.7557430355249024,1.536017453387914,1.2324797163747092,-0.061748622908101736
1.671232259772633,1.4938584467661278,-2.127435780565231,-2.0596237191999016,0.19075095425822744,2.0697928726659742,0.5632794923449332,2.5178138870149622,-0.30252840341137166,-2.660107015293613,-1.7553416925940604,1.534642046409023,1.234088335015536,-0.059862320625977905
1.6711469677971156,1.4939889410038374,-2.1274096217485416,-2.0595899146724688,0.1908549372960892,2.0697671059548233,0.5631898241253318,2.5178250382264817,-0.30259515552175237,-2.6600308175624785,-1.7552829752827508,1.5345861556377467,1.2341865621341261,-0.05985513896716823
1.6646498946323982,1.4930401473931054,-2.1258070327499423,-2.051507664593988,0.19183330336317383,2.0622196227977514,0.5611880783681124,2.512300752318094,-0.30600670055214146,-2.654464653517128,-1.7537911516462377,1.530240245573312,1.2340706025449066,-0.05838356775756317
1.6622490913525578,1.4934534995264204,-2.125332992515644,-2.05181884367802,0.19521289732784106,2.0650910673123666,0.557039343466865,2.508264621672702,-0.3088642152065957,-2.6499216384254907,-1.753908954290709,1.5300824562071276,1.236475676615705,-0.056805844082305434
1.662252408072021,1.4934886260483988,-2.125313551258469,-2.0517835710634436,0.1951992290306202,2.065074152032455,0.5570127330570869,2.5082795795891597,-0.3088871877561213,-2.6499196470373105,-1.7538915793247514,1.5300700013621722,1.2365152921425562,-0.056784600620636866
1.6579392451273456,1.4932003773686426,-2.1233673242267948,-2.0496943706305513,0.1990313200311637,2.066149436752724,0.5521156894348017,2.5021801969266737,-0.3131606095519797,-2.6439210032017915,-1.7528929812453615,1.528332099095911,1.238081340697535,-0.054873769550675654
1.657935108276204,1.4932858815348669,-2.1233286340096207,-2.0496057834768537,0.19907751299280818,2.066076045415775,0.5521023362598834,2.502161719937059,-0.3131937648364315,-2.6439172283154404,-1.752824374654644,1.5283491393329545,1.2381475959419739,-0.05486839710783476
1.6540477215425318,1.4943182409328628,-2.1228714541422447,-2.048422214759767,0.20337292474365642,2.0667771682435903,0.5468188758322149,2.496332870994308,-0.31710464490429585,-2.6377309538493954,-1.7522529508171583,1.5266136864225772,1.240221853578163,-0.052787638723092264
1.6540393546207077,1.494315198032209,-2.122845475559728,-2.0483851582658468,0.20334188039441942,2.066787805650422,0.5468149455135919,2.496350197826776,-0.3170991713761614,-2.637744833076628,-1.7522254119258651,1.526627774548634,1.2402467337733214,-0.05277471904170814
1.647493635241527,1.493917220039396,-2.1211909803553355,-2.0412347238787594,0.20478073228532936,2.059790889267798,0.5441893554713223,2.4902604752205066,-0.3209972013104203,-2.631473014003177,-1.7506633882533869,1.5218589368351518,1.2406687412002078,-0.05092008015137045
1.6475032391383193,1.4939259006307466,-2.121219180682462,-2.041300840441806,0.20477387470823816,2.059855229018186,0.5441596421614167,2.490280547014638,-0.320985167957475,-2.6314691040016185,-1.7507322770379024,1.5217278260924503,1.2405841052219415,-0.050889772902466275
1.6404376445746012,1.4933261256852883,-2.1193980491855,-2.0332495088644262,0.2059534066772802,2.053054237563658,0.5416922719920867,2.4842066648758645,-0.3248767454358384,-2.6252192894684963,-1.7492300036433872,1.517288348094382,1.2415483771611981,-0.04865982636724781
1.6404447726851323,1.4933140617902272,-2.11937685892913,-2.0332407043746437,0.2059084986403365,2.053075878906623,0.5417098923411441,2.4842100081187914,-0.32487340859962965,-2.6252179314167234,-1.7492282089063829,1.5172425234978475,1.2415342748951856,-0.04864402843921499
1.6333146469710085,1.4915631412207258,-2.11751825903797,-2.025186721858779,0.2070350578173048,2.046771672470776,0.539039093306108,2.4784648764843733,-0.3287808096767512,-2.618970509585362,-1.7477407539265462,1.5133599687519876,1.2427782240113678,-0.04606719232469222
1.6333598838931547,1.4915622136029072,-2.117523212201753,-2.0251949434718832,0.20695507741255148,2.046821645522487,0.5390587163961632,2.478453699622168,-0.3287863574531799,-2.618970700831435,-1.747756388201671,1.513286524172522,1.2427545642033593,-0.04605012209221392
1.6260885464584791,1.4894771105962616,-2.1158557622205425,-2.0171522121182344,0.20830352518377293,2.040737683335168,0.5360336979505038,2.4727432276320673,-0.33269719175272106,-2.612715405672669,-1.7463120863231483,1.5097381575395155,1.244219899573185,-0.043226758689258245
1.6260823992017173,1.4895424859038744,-2.115812521405122,-2.0171259227137166,0.20828978033820122,2.0407177691036344,0.5360096684469525,2.472762638371915,-0.33278459743847066,-2.612672290800746,-1.7462699398637729,1.50961790695184,1.2442634646550006,-0.04319145132892633
1.6216713352678223,1.4896139486778286,-2.1148683469561105,-2.014948853578552,0.21198901823314723,2.0422291735602096,0.5308253667033178,2.4675017043888055,-0.3367125851043815,-2.606436097297848,-1.7458301079143708,1.508789696737255,1.2476500481982298,-0.04025153724991813
1.621651892424169,1.4896394678136096,-2.1148118672687652,-2.0149009948478565,0.21195558996255423,2.0422034490301355,0.5308386634104014,2.4675311174601307,-0.3367575474414714,-2.606431525403427,-1.7457664287034622,1.508786879650982,1.2477251104295,-0.040253285854016455
1.6184016450811605,1.4906554873850157,-2.1144615927831247,-2.0142214742717437,0.21575408844117602,2.04364632660296,0.5256087553188475,2.4630716316702768,-0.3404608991407168,-2.6006566891441936,-1.745729299127595,1.5077688978563293,1.250620152287311,-0.03800091857074276
1.61546481313074,1.4910796053205897,-2.1137966875872785,-2.0125975324669003,0.21862900900742613,2.0443924543349334,0.522000495126409,2.4590758803688253,-0.3434336200012842,-2.5960911823932515,-1.7452414258339983,1.5068368386367261,1.2531640913274038,-0.03605502839414837
1.6154680183400274,1.4913886744511726,-2.1138335505247614,-2.012515951020269,0.21866787647061195,2.044304860445071,0.5218887708723577,2.45919759902291,-0.34366466285109215,-2.5961257391516233,-1.7451235799420834,1.5066419662179993,1.2533334616892955,-0.0359742945147027
1.6112534101418055,1.491809953788974,-2.1127969370831146,-2.010230998344015,0.22239713370531455,2.0452137733179527,0.5169127416863306,2.4539301064401116,-0.3478663039595043,-2.589845041124341,-1.74460645257607,1.5053323015776103,1.2567459133249457,-0.033444452940739965
1.6112514158625595,1.491854126666914,-2.1127900900087635,-2.010224079357394,0.22240183001169936,2.0452134104962605,0.5168983640191008,2.453974187253633,-0.3478860045906459,-2.589878877286711,-1.7446027541223248,1.5052837529650187,1.256748019545401,-0.03342865030093806
1.6075951544968747,1.4928359330032408,-2.112515840611372,-2.00933788916247,0.22677301555854887,2.0462067112416835,0.5110528137110587,2.449013025424082,-0.35223842642917785,-2.5835621756605986,-1.7439126568097791,1.5037437816739394,1.2597699931253497,-0.030959663550642228
1.6076282481754325,1.4928331102182066,-2.112508796183121,-2.0093537721821377,0.2267062283390861,2.0462223436942275,0.5110738953521651,2.4490524128076743,-0.3522534118663799,-2.583589160552235,-1.7439378247609714,1.5036592523208538,1.2597476461532096,-0.030938497011857677
1.6037505656600626,1.494040482196966,-2.1117895243518383,-2.0074525767653846,0.23092994567156733,2.0468157045803816,0.5057530259878023,2.443748227079731,-0.3565813979645156,-2.5773959178989854,-1.743191611407368,1.501877551952065,1.2629080410075284,-0.028355861598514876
1.6037517967263675,1.494067294677502,-2.1117563011716425,-2.0074150258810186,0.2309001561356612,2.0467973628706186,0.5057803507310752,2.4437876866301855,-0.35659941196345407,-2.577424631533879,-1.7431514342236885,1.5018752879913895,1.262952137574287,-0.0283594203379534
1.5998902683569252,1.4954276081042326,-2.1110575274077057,-2.0057719311607616,0.23523585932119598,2.047469155363242,0.500342765810224,2.4384976124851345,-0.36093869594463096,-2.571253377008174,-1.742427955131153,1.4999188549385902,1.265921553582821,-0.025741737375797536
1.5999149838322546,1.4954104527708632,-2.111034953828499,-2.0057334111606933,0.23517663184154153,2.0474617473408925,0.5003820148634929,2.4385005094832186,-0.3609390787422319,-2.5712647508900006,-1.7424081597679384,1.499926451317276,1.2659402146369776,-0.02573980358373269
1.5964422386516524,1.4969611244125387,-2.110189782702504,-2.004541203313783,0.2391535661731989,2.047933230571552,0.49567735813824665,2.4336575729124066,-0.3648814895907971,-2.565782232379723,-1.742078131860756,1.497878036989164,1.268494482348371,-0.02374258300648547
1.5927058945496504,1.4966447612407598,-2.108769153690795,-1.9988746775717556,0.239775983484212,2.0420318189677236,0.49410432978800045,2.428920863308693,-0.36844666272874144,-2.560770384183076,-1.740540219092217,1.493581067570373,1.269167812411905,-0.022004952405598275
1.5926970249092651,1.496686793110463,-2.1087855918112557,-1.998909906471973,0.23979155319696308,2.0420535308634675,0.4940761973172061,2.42896253278248,-0.36845395484390747,-2.560782227363265,-1.7405727211196995,1.4934999347147289,1.269142851034952,-0.02199086630239251
1.5862784390999118,1.496916014178198,-2.106820339697264,-1.9920671902310163,0.24109204292853456,2.0366156696364963,0.49168532978678176,2.4233644702237367,-0.37280356076504867,-2.5546824470039606,-1.7390531899548258,1.4890348384987493,1.2708145645277544,-0.0197445895133073
1.5863034632147128,1.4969549569201004,-2.1068711719976445,-1.9920898777896494,0.24106409463812328,2.036680331391179,0.4916708187101156,2.4233630651932168,-0.3728068572582234,-2.554690961764566,-1.7390902568393924,1.488941994330845,1.2707839652484658,-0.01973010510971199
1.5818287574293184,1.4978774307406928,-2.1056643992483957,-1.9903776988666049,0.24524881479133534,2.037956435132992,0.4867016496270558,2.4183579839449116,-0.3771855119624993,-2.5486167001694375,-1.7384660483244347,1.4872517997258279,1.2744066009997135,-0.017179719167696297
1.5817905292973464,1.4979608532241184,-2.1056569760382025,-1.990361610123773,0.2452917922249063,2.0379483635311257,0.486655821329521,2.4184063635924464,-0.37722619803579777,-2.5486295209534817,-1.7384540124837444,1.4871849826070538,1.2744408383265924,-0.017157257858747825
1.5781546467063734,1.499533763810302,-2.105194389463233,-1.989890728125052,0.2498309954844044,2.0392488439080068,0.48082113381406716,2.4135042317817583,-0.3816284369524806,-2.5424986374692837,-1.7378850548373759,1.4851411164216817,1.2775045078706393,-0.014621797487349061
1.578162791912687,1.4995353840262526,-2.1051498278720833,-1.9898488443062756,0.24977501402753194,2.0392434095321104,0.48085432634637365,2.4135572732270196,-0.38164216148125046,-2.5425478798120333,-1.7378440541701718,1.4851363151876706,1.2775343107506425,-0.014614114111069675
1.5721310311291652,1.4999862930808676,-2.103342493184432,-1.9834418867295396,0.251317758919463,2.0340124276944156,0.47791399726889255,2.4081692343466283,-0.3860279395674851,-2.5364773947278674,-1.736328916419094,1.4806615920399877,1.2791978560674442,-0.012013885369560317
1.5721325498460985,1.499992488335623,-2.103343702732506,-1.9834585935694315,0.25130849022320356,2.0340576407091118,0.4779117573064312,2.408179418537897,-0.3860216735602703,-2.5364845388047477,-1.7363553930337672,1.4805923920400315,1.2791641893743129,-0.012008305181116254
1.5666259555706292,1.5004212357981754,-2.101695397385597,-1.9775651145792412,0.2525383293940965,2.029671920195386,0.47535071029045856,2.403669032343852,-0.39003326943777,-2.5311109422041915,-1.7349015740603706,1.4768475379008656,1.281025205285808,-0.009469710624591572
1.5638487513255146,1.50148893173214,-2.1008703403810043,-1.977741864183449,0.25645433532633605,2.032073267583235,0.4709264420810947,2.4001296237700687,-0.39327714096014454,-2.5267705445538526,-1.734796668894327,1.4756744437346274,1.2841202968843042,-0.007284125106736145
1.5638931685278086,1.5015140876004027,-2.10089867470498,-1.977713001197392,0.2564109835989143,2.032062934572263,0.4709393045200459,2.400127554772859,-0.39327636245133435,-2.5267974103503055,-1.7348028732198106,1.4756648593226607,1.2841295285016046,-0.007279817573948372
1.5580718177051927,1.5020557505272707,-2.0991065946224645,-1.9715271394110745,0.2578463329625493,2.0274337682695247,0.4681164428796745,2.3950307641204236,-0.3977004681432941,-2.5208588797004134,-1.7333175373766985,1.4714349263641302,1.2862370704433166,-0.004512782905756943
1.5580113359425458,1.5021693820626476,-2.0990971804760568,-1.9715137530724616,0.25792020367418883,2.027459683246662,0.46805430157010564,2.395153528239934,-0.39774763664713214,-2.520939160418161,-1.733276672954546,1.4713687248767076,1.2862659521731021,-0.004493029228219922
1.552215366562441,1.5028431849792823,-2.0974634248817074,-1.9655978824779128,0.25968417832970886,2.0231399164118415,0.46486405396919467,2.390228138579046,-0.40219702651436834,-2.5150196037223003,-1.7317591582018255,1.4672419425327277,1.2885569637191299,-0.0014100207352400439
1.5522029283559087,1.5028913134204187,-2.0974781427679403,-1.9656035741564648,0.25969451129912446,2.023182473093566,0.4648378800889038,2.39027723273165,-0.40220969664643863,-2.5150591034924834,-1.7317619644768505,1.4671681989672822,1.2885445627119823,-0.0013926899230497702
1.548396501894985,1.5046576257468027,-2.0970540351662086,-1.9649660487789478,0.26472847545988054,2.0244442715271758,0.4588971060861878,2.3858860377988695,-0.40670912574354956,-2.5091782087867536,-1.731123671492842,1.4650580529724264,1.292339966258847,0.0016144300806037793
1.5484226360432376,1.5046455814983073,-2.0970170030746473,-1.9649375380238234,0.2646569897999302,2.0244341498067007,0.45894866587044125,2.385939708828811,-0.40672081701955565,-2.5092365291572305,-1.7310977637345668,1.465051652959545,1.2923574666298185,0.0016177814266029873
1.544509519773929,1.5063710704587163,-2.096184189671338,-1.963574867595221,0.26936159901184104,2.025410789962019,0.4535759968217463,2.3814596815008136,-0.4112124350299568,-2.50347329231051,-1.7303676254941944,1.4628256783784088,1.2960840603475112,0.004523088817696889
1.5445238869553082,1.5063885575602407,-2.096181006499914,-1.9635855205686263,0.2693319645514074,2.0254144983692335,0.45359210858861354,2.3815215100656904,-0.4112179572440693,-2.5035277361376114,-1.7303848775020503,1.4627647909480341,1.2960633855452546,0.004536261762910135
1.5403314672416015,1.507853416500389,-2.0949023977147756,-1.9618976277027214,0.27373450035705665,2.026255635745657,0.44844871985456214,2.3771079466332043,-0.41571369474710945,-2.497836382938613,-1.7296291793112948,1.4604766087765708,1.299895279716727,0.007525986562428347
1.540330808574707,1.507891952154976,-2.0948943634371577,-1.9618811787580293,0.27373190729353636,2.0262511773724756,0.4484514568447338,2.37717541407546,-0.4157176952262081,-2.4979034882994546,-1.7296156126614046,1.4604492569764957,1.299894219465434,0.0075339613717495205
1.5364740911333667,1.5096214808401687,-2.0938540032513795,-1.9603585189553372,0.27816465103073834,2.027021186190895,0.4432718790314431,2.3727571959428424,-0.42020670057428045,-2.4922690975738426,-1.728740949855574,1.4579440927729805,1.3035750618761814,0.010539395972432017
1.5364884453253445,1.5096359202701752,-2.0938256949398166,-1.9603138745132829,0.27812303360554214,2.027017423415913,0.4432971435945007,2.3728217381037555,-0.42021064508656764,-2.4923415994869065,-1.7287003123023996,1.4579489594231319,1.3035920987577132,0.010545260519129199
1.5324971722899825,1.5110410071241862,-2.0924274251957367,-1.956289895102767,0.27976260971494277,2.0230158653274404,0.4401098645849006,2.3681883712420175,-0.4246910975268105,-2.486767752554456,-1.7271446362104552,1.4534400315992781,1.3056053244687496,0.01351208520780303
1.5324959858730034,1.5110664651418573,-2.092433159877865,-1.9562959279552137,0.27974786508920796,2.02307448337212,0.44009821008331657,2.36824682786509,-0.42469865727597145,-2.486816129954588,-1.727156533377153,1.4533552755387125,1.3055791276955677,0.013530973575643658
1.5288047796198534,1.512901407917673,-2.091368750252171,-1.9559183877029835,0.2841406172735677,2.024428212228639,0.43478945579440403,2.3638887530913366,-0.4292148419526003,-2.48127807084831,-1.7266510843250613,1.4507785853899497,1.3091627955328493,0.016563930325832248
1.5288188383289218,1.51292132024993,-2.0913524449420895,-1.9558947333892758,0.28410914721798364,2.0244287402234606,0.43480025072424777,2.363958728638512,-0.42921574505096655,-2.4813530219797917,-1.7266387080261152,1.4507570546446977,1.3091574230608478,0.016575980671198958
1.5239540744102482,1.5132384558495062,-2.088336049945349,-1.9533646041825659,0.2886902520006915,2.0254739877124948,0.429460753514864,2.359028523761561,-0.4339238682933417,-2.4761038747685036,-1.7255122804308223,1.4478278782312728,1.3120708879852574,0.019669416627859183
1.5239108553307024,1.5133617046372219,-2.088377947587501,-1.9533413282678138,0.2888078079847748,2.0254523010362666,0.4293877163658327,2.3591136897068945,-0.4339237175338422,-2.4761815053672724,-1.7255094091494956,1.4477943154976305,1.3120644230430476,0.01968204295006611
1.5199270766275,1.5152073682118279,-2.087247600623589,-1.9529474578931152,0.29284097372457163,2.027218622997122,0.4247514369554442,2.354258922923904,-0.43841597032346297,-2.4709441189509693,-1.724741559361638,1.444746134982592,1.3154235766807523,0.022653828558076877
1.519932471184113,1.515242973411752,-2.087231253051615,-1.9529048161264113,0.29283368624941913,2.0272180889580835,0.424767585986776,2.354316577577835,-0.4384137249114829,-2.471004419049574,-1.7247021637670992,1.4447387243220018,1.3154322888795402,0.022648441790554766
1.5164374434713166,1.5178058762861957,-2.0870695869118294,-1.9503145786328038,0.2929426832804566,2.0223707461250218,0.4233144559658214,2.3500829292650467,-0.44240121840239893,-2.4662020051430282,-1.723184584691911,1.439303853599129,1.3168866643490038,0.025444633534267676
1.514334299905789,1.5201341167019902,-2.0858312088131936,-1.9516704056587717,0.2977569031905239,2.0262107405697947,0.41780695167266685,2.346680363831694,-0.4456557854700967,-2.462481037747506,-1.7231356006788066,1.4377422938959967,1.3199625433345665,0.02825225722070436
1.5143301776577769,1.5201547965056001,-2.0857966922773077,-1.9516189693006443,0.29773066562207334,2.0261943418163626,0.4178164555538692,2.346683363375088,-0.4456577325937043,-2.46248336817859,-1.723100630666981,1.4377865101917324,1.3200217921728257,0.0282466733836599
1.510675376607517,1.5225157631160202,-2.0843468171520296,-1.9525343949880154,0.3022586823635836,2.0287428906209604,0.4122947376320294,2.3420120463333567,-0.4503648382379792,-2.4574501551907093,-1.7218729845533305,1.4342148686073193,1.3230142530246987,0.031878781599555275
1.510721765739449,1.5224743290410236,-2.084307726975211,-1.9525091319256478,0.3021218902815912,2.028786407677018,0.4123665044550438,2.342021131972732,-0.45035395148220786,-2.4574690439939064,-1.7218554022168897,1.4342120458577967,1.3230388266442348,0.03186679016977443
1.507127134237308,1.5248566634814402,-2.0829350622002205,-1.9533719657083566,0.3065981231899569,2.0313640622174005,0.40661518740394,2.3373631015106318,-0.45498201286276785,-2.452425289673564,-1.7205886527155592,1.4306258313930273,1.3259421469791235,0.035766934826096546
1.5070834105918147,1.5249384896977587,-2.0829041254815372,-1.953344722029014,0.30663793509814646,2.0313458951460053,0.4065843995251785,2.337463078183726,-0.45498682550721814,-2.452502949199624,-1.7205498532514545,1.4306383982107924,1.325980158385371,0.03577470141217255
1.5034759264540323,1.5273590143524507,-2.0817024765992507,-1.9539855043243888,0.3110874932057372,2.0335028727256867,0.4008823965488456,2.33287230945955,-0.4597266961819533,-2.447517905259557,-1.719292672255496,1.4270137378010537,1.3287449128868858,0.03959551573141849
1.5034983400655162,1.527370216913016,-2.0816799529091887,-1.953964271711655,0.3110605909518405,2.033509278436686,0.40091560776191265,2.3328626188149046,-0.4597292806029782,-2.447527890681372,-1.7192773386967442,1.4270177647066693,1.3287635724750455,0.039572941000297096
1.4998527021426358,1.5298719762353294,-2.080446940333292,-1.9544564413318628,0.3156949041530895,2.035572786192928,0.3951732472357931,2.3283382104597554,-0.4643716482110977,-2.442575420597884,-1.7180077018584905,1.4233267909190017,1.3315814038974247,0.04327303580126917
1.4998764910123716,1.529901893541693,-2.0804387497362655,-1.954400534814483,0.3156850734914137,2.0355320740418708,0.3951894429581472,2.3284170937502875,-0.4643720397683064,-2.44267632602379,-1.7179881505434913,1.4233313647737609,1.3315789146016868,0.043276674930847574
1.4960626686861702,1.5328460454252275,-2.08007394221852,-1.9516398949161062,0.3170037758761791,2.0310861380360246,0.39216296098977993,2.3239653227825277,-0.46874631299720965,-2.437577278823995,-1.7163468684978178,1.417574440647939,1.3329357595287517,0.04667593572130812
1.4960429262686907,1.532881794035655,-2.0800872098061958,-1.9516955533099853,0.3170344288996577,2.031142157957103,0.3921316693475742,2.324036619889026,-0.46873995668874907,-2.4376274241506937,-1.7164047991529927,1.4174513361779877,1.3328669244770945,0.0466969955646734
1.4921382426362868,1.5354290359434837,-2.07844875333386,-1.9479028654691837,0.3187995569693015,2.0273025374275724,0.38867150464761674,2.319661234778261,-0.47312689817858694,-2.4326187606452883,-1.7148144338660174,1.4121546012057067,1.3344041583040975,0.050210107558581574
1.4921476360568555,1.5354413151881134,-2.0784418557588733,-1.9478974892314307,0.31879607715143204,2.0273190808783927,0.3886695865588427,2.3197385298765165,-0.47312526864450866,-2.4326997046220185,-1.7148249575483698,1.412106208228223,1.3343623454875888,0.05022474609074084
1.4869813965770806,1.5367582364396686,-2.0771854131449254,-1.946464691076281,0.32415624891256906,2.0287812742559614,0.3834172099101619,2.31540770613523,-0.47750865118327146,-2.4279534155713183,-1.7136161770348346,1.4087864901956733,1.337337569063713,0.05331773825748124
1.4869799193630315,1.536798589389305,-2.077190139548625,-1.9464715077679433,0.32417553483132727,2.028784497286058,0.38339542647429387,2.315526069002112,-0.47751468951246145,-2.4280573689494247,-1.7136362528869118,1.4087280409471634,1.3372973564528123,0.0533423790440912
1.482808694712646,1.5389466978185773,-2.0752400625181275,-1.9419907661561968,0.32580891158868014,2.024888752196986,0.3811229733300808,2.3113155610533855,-0.4818999231931014,-2.4232149995672656,-1.7120619336969152,1.4035805431731494,1.3392182867272584,0.05615014574825673
1.4828097992548388,1.5389873317102332,-2.0752368473796254,-1.9419940985697188,0.32581831679447737,2.024891627506423,0.38111509235641333,2.311444858519756,-0.48189859178929867,-2.423339339724176,-1.7120780335946313,1.4035317121338096,1.3391787745123966,0.05616645966375888
1.4779725874793492,1.5412871831146788,-2.07405249051206,-1.9413350851521196,0.33124077002994406,2.0269680845293436,0.37630350573894567,2.3073301317660677,-0.48647283536097635,-2.4188031032460238,-1.7109158313310764,1.400463067989207,1.3425189769205825,0.05897740198675449
1.4779671544841577,1.541302908296922,-2.0740402131691313,-1.9413263773343017,0.3312413759646081,2.026993012918919,0.37630367289787636,2.30734770798953,-0.4864600456816075,-2.41881394596511,-1.7109107158287804,1.4004393348336492,1.34251028859697,0.058975137562448376
1.4742849071514348,1.5441141946615737,-2.0724018947743112,-1.9421642251548692,0.33618532105769816,2.0299777753928505,0.37180419065594067,2.303314833326689,-0.4911330565550879,-2.4143478083760748,-1.7097306310615048,1.3970823641366557,1.346068587748848,0.06178540101100868
1.4743180652554893,1.5440980145001428,-2.072375326351027,-1.9421405096263245,0.33608222972867335,2.030000825903994,0.3718632034460888,2.3033752034063104,-0.4911268041080693,-2.41440147770146,-1.7097107098904232,1.3970842182472263,1.3460922726314606,0.061780349708184724
1.4704293410653535,1.5471973809842687,-2.071672250479667,-1.9393171860109062,0.33710582091798796,2.026029783650834,0.37002408267927306,2.299409047605519,-0.49548101924577387,-2.4097269879591483,-1.7081089874185147,1.391471016436031,1.3479672904904003,0.06483849606428183
1.4704608171935718,1.5471943802028616,-2.071688712557545,-1.9393294036744435,0.3370529072178194,2.0261037124891144,0.3700437772852894,2.2994263198682896,-0.495471628591042,-2.4097657098754155,-1.708148974266236,1.3913804115080715,1.347918647385285,0.06484435472655166
1.4667858857061724,1.5504905497895671,-2.0706087740150285,-1.9391560622104242,0.34227000958650705,2.027776454949472,0.3642874137116705,2.295624678621161,-0.49984679962668027,-2.4052737173480216,-1.7072824368618396,1.3883289677084967,1.351217587787668,0.06827621695256382
1.4668112605792876,1.5504770637509666,-2.0705856174563517,-1.939106762172694,0.34221556754343907,2.02779255732868,0.36432764068917656,2.2956351764087946,-0.4998351326172343,-2.4053082752473376,-1.7072506179972848,1.388323746176036,1.3512165392308935,0.06827792843575184
1.4631912276451131,1.5533296370029879,-2.0689591611804086,-1.939545901601117,0.3470374466162287,2.0301908796874715,0.3590547050983186,2.2917123489791336,-0.5041628148323765,-2.4009474462963825,-1.70604496694837,1.384734240325505,1.3544716907330345,0.0718395908401779
1.4631755717754946,1.5533934193246808,-2.0689529306539227,-1.9395538413231648,0.347058824787797,2.0301848330005843,0.35904212634434696,2.291786989756964,-0.5041500594106624,-2.4010149915548444,-1.706054352592157,1.384712907403684,1.354472381754295,0.07183602073195434
1.4595784790450752,1.5562553959202317,-2.067579088928298,-1.9398632604561126,0.3519222155170084,2.0323561786823063,0.35351590980719977,2.287900609895023,-0.5084530933193411,-2.3966853581692695,-1.704825968047102,1.381107217424954,1.3575619926354408,0.07556894705042681
1.4595862823598185,1.5563011740108723,-2.067592579304489,-1.9398244659583324,0.3519079256276673,2.0323552085521,0.353528408770013,2.287924424702927,-0.5084414461072704,-2.3967196791677146,-1.7048033440090293,1.3811271889110424,1.3575925581191142,0.07555338145995413
1.456251056180546,1.5595867918856872,-2.066644348858151,-1.9411983741577261,0.3568142422382892,2.034624664252681,0.3479871853328474,2.2841080300716263,-0.5127538512319004,-2.392368541701087,-1.7039604911993846,1.3774317668333664,1.3604386148705254,0.07910767943439824
1.4564042464990234,1.5595225116847868,-2.0666249243553434,-1.941066408320842,0.35659261634974665,2.0345689988507303,0.34814661591507684,2.284536646418915,-0.5126973742132926,-2.392878024244118,-1.7038952055559609,1.3774924877181465,1.3603157678720421,0.07914245805346418
1.453082050809582,1.5628872899917345,-2.0657538222901803,-1.942234376873603,0.3616778642570065,2.036653170171766,0.3426065809324008,2.2807392511672036,-0.5169962324236218,-2.388576218466131,-1.702907447251194,1.373813526102895,1.3631381016973172,0.08255198858611275
1.4531228260595705,1.5628547293600323,-2.0657286451531514,-1.9422075769637603,0.36159563872823103,2.036661247711649,0.3426640620492268,2.280759564210508,-0.5169857710523968,-2.388609417874477,-1.7029075347618532,1.3738047800974855,1.3631333086754271,0.082546008497173
1.4497585142006577,1.5661960797797039,-2.0644818978630433,-1.9422894903875942,0.36658167645591233,2.038348229454266,0.3374944203727187,2.27738887294106,-0.5213988654297963,-2.384857959174691,-1.7016906063039705,1.370132515468279,1.366039723790037,0.08594465390119421
1.4497649899168248,1.5662147590677877,-2.064461888099203,-1.9422476217079576,0.36655748693479695,2.0383284326756366,0.3375271199561675,2.2774670693589383,-0.5213837384328174,-2.3849430267411633,-1.7016594503706715,1.3701600022058142,1.366050441472175,0.0859340718850822
1.4462931097478628,1.5695952644440188,-2.0639485623170843,-1.9391682180250973,0.3675582881716139,2.0339470008507012,0.33530713858541594,2.2741365396083673,-0.5255849499926777,-2.3811022566903097,-1.7001190409178086,1.364711126153803,1.3675569355040713,0.08929780924521154
1.4462756444808127,1.5696237955363064,-2.0639264725011977,-1.9391754444390115,0.36756439480962666,2.033984940456349,0.33530030349054457,2.2742075587747896,-0.5255630018609063,-2.3811762859874577,-1.7001217854845772,1.3646675152103969,1.36752128277252,0.0893046710085454
1.442748252038057,1.5728133595297078,-2.0633174090341186,-1.936033682043258,0.3687342324444506,2.0300903027804713,0.33286023031068074,2.271112852155039,-0.5297577716606247,-2.377423092704923,-1.6985290509699973,1.3595632177395909,1.3693479841412715,0.09293940628614163
1.4427863677412747,1.5727534275285229,-2.063307731106247,-1.9360508959439835,0.3686034526933179,2.0301995297771915,0.3329182904295613,2.2712298477149444,-0.5297345914517746,-2.3775271340954554,-1.6985552942687736,1.3594823255784543,1.3692801066298819,0.09296512952734026
1.4391188539087538,1.575799707913095,-2.0622426490423407,-1.9328862432904528,0.370301755144539,2.02680010797797,0.3300314525126649,2.268242819367322,-0.5339112627782988,-2.373852395499365,-1.6970475354600496,1.3545352496048504,1.371139383234922,0.09669007119209785
1.439169900721844,1.5757574457101493,-2.062241087495452,-1.9328917528156713,0.37021037300227116,2.0268736617833416,0.3300776755120508,2.2682549977122726,-0.5339044622205175,-2.3738878360101867,-1.6970795348840895,1.3544721571717935,1.3710960343040521,0.09669495373512138
1.4358273718201295,1.5784875812807209,-2.0612252420416612,-1.9300435406093177,0.3722474169327256,2.024208201199501,0.3271577714272294,2.265701074967615,-0.5376300486256295,-2.3706903704954425,-1.695739243039818,1.350165050600976,1.3728594010752697,0.10005363388159362
1.4358239693851726,1.5784961127370989,-2.0612204515032766,-1.9300601565670434,0.3722591454741358,2.0242343986413496,0.3271615835278789,2.265702144753473,-0.5376305097748426,-2.3706893277499805,-1.695759273946023,1.350117553851076,1.3728344243953832,0.10004934876241126
1.433019990590102,1.5812939803414878,-2.059892066124567,-1.9297829904796835,0.37697396048571113,2.0260234317253842,0.322546870988502,2.263578514070873,-0.5410401258354884,-2.367892555690097,-1.6955649870254375,1.347820236229773,1.3758335734440625,0.10250321285292568
1.4298977179012158,1.5837614030641403,-2.0592583962043793,-1.9266980080443954,0.37829917517845646,2.022645822271306,0.321306602211041,2.2613470427431537,-0.5444880424094786,-2.3650029760627262,-1.6942875385562302,1.3437112649108243,1.377513603512332,0.10474702730269123
1.4299415868978436,1.5837503567790197,-2.059289643795918,-1.9267144044893216,0.37823879201508076,2.0226501879162746,0.3213513412854314,2.2614595667861868,-0.5444521799617087,-2.3651221156161233,-1.6943145424012047,1.3436963505634538,1.3774526547011998,0.10475280103191742
1.4265337097390758,1.5872116479616456,-2.057779875465055,-1.9263175646257256,0.3837644045668067,2.0245906637479725,0.3169909142932901,2.259056709236544,-0.5485786326817136,-2.361736981866067,-1.6935984428617266,1.3409302169525255,1.381316686777423,0.10701980114562652
1.4265649942845176,1.5872074059135957,-2.0577696220372097,-1.926285963114024,0.38372662558797116,2.024583843673844,0.31703568961628603,2.25913010624923,-0.5485564671538693,-2.3618315529715415,-1.6935771032578026,1.340952850400216,1.3812940350246088,0.10701027956258202
1.42292374010515,1.5902753278629809,-2.0567229973982397,-1.9231244877758153,0.3856125344952133,2.021387973604178,0.31589685778437354,2.2566222003093266,-0.5526395701254928,-2.358522508297543,-1.6919933417752957,1.3362269235818829,1.3834682188702916,0.10926742082857703
1.4229211077943715,1.5902843588022544,-2.0567205111737583,-1.9231486526339667,0.3856210990723908,2.021432365651503,0.3158963911442155,2.2566282936606283,-0.5526367819177864,-2.358522907680388,-1.6920306100546239,1.3361505683518315,1.3834279625173578,0.10926954130402293
1.4193733507869015,1.593287878693194,-2.0550123446786235,-1.923254614651995,0.3911328118379103,2.0240157687509956,0.311784195250164,2.2541839716616243,-0.556676772918135,-2.355545728323805,-1.6908345659967263,1.3334218154734219,1.3869590081051233,0.11156112956924095
1.4193792352593608,1.5933121419329543,-2.0550181890381864,-1.9232597282524373,0.3911212677426242,2.024032275815572,0.3118090035516053,2.2543013580938736,-0.556641998520179,-2.3556613966457918,-1.690831021682157,1.3334173439200028,1.3869189719290267,0.1115540837853324
1.415730222393317,1.5964421340846229,-2.0538701496594376,-1.9200747485327203,0.39291076487409193,2.020917237033848,0.3106873368662562,2.2517589885400877,-0.5606918844083945,-2.352453130600123,-1.6893118048808278,1.3286362845512873,1.389052295670279,0.1139821776536979
1.415734795079018,1.596451470999366,-2.053861921348742,-1.9200498675791993,0.3929026795111508,2.0209447217813863,0.3106986006284476,2.25183131141817,-0.5606641112937769,-2.352541228979461,-1.6893072277618817,1.328605499862328,1.389001571417224,0.11399108376686873
1.4123908173216517,1.5996155358799222,-2.0521719553562763,-1.9205603984451036,0.398318474408658,2.023602859148563,0.3064606927385436,2.2496144243311695,-0.5647021066693784,-2.3494929642534763,-1.6885714325953396,1.3256996943888026,1.3924933109181807,0.11650625994346617
1.412417175044078,1.5996128709290949,-2.0521618280220424,-1.9205444954666289,0.39826454224546604,2.0236356702151665,0.30649895687009654,2.249682496793598,-0.5646773280903186,-2.349581759470345,-1.6885608336636433,1.325701905497521,1.3924680647727563,0.11649953925211395
1.4089276961266688,1.6027825508149451,-2.0506437647019173,-1.920540376361313,0.4037229649819979,2.0257066308591214,0.30208260740330817,2.247414284424154,-0.5686763200407592,-2.346649738443008,-1.6877137512848044,1.3227369913040803,1.3958882905610166,0.11918568217785996
1.408942207202083,1.602792866517272,-2.050638498152334,-1.9204987615529552,0.40369980961649976,2.025703494207256,0.3021115372128658,2.2474360862314136,-0.5686608881126138,-2.346688180630455,-1.6876958644161473,1.3227383416805205,1.3958907574372592,0.11917454740636159
1.4053404064269377,1.6059989062563242,-2.049659157940299,-1.9172399932868895,0.40582184164313545,2.022367426187014,0.3001092204033072,2.2449899716912283,-0.5726153430565096,-2.3438185666568043,-1.6863869289724516,1.3182115603686626,1.3977770880044214,0.12200574580675619
1.4053028472507032,1.6060505393496636,-2.0496490280497235,-1.9172647119147757,0.40586244452015874,2.022404226835838,0.30007986826157185,2.245119943005977,-0.572561048956347,-2.3439490343744063,-1.6864012645353375,1.3181697657090399,1.3976971682867976,0.1220178101323109
1.4016680775185897,1.6091726594443612,-2.047938871793742,-1.9166176704546876,0.41075241246282623,2.024071771168237,0.29548137961831733,2.243018165009432,-0.5765067698749017,-2.3411521349084996,-1.685370821072313,1.315144578927036,1.4010470313124155,0.12531523770197983
1.4017180832562253,1.6091386593501915,-2.0479077668756944,-1.9165285218580994,0.41063806961064697,2.0240764608854827,0.2955701459941291,2.2430953534067664,-0.5764754975773245,-2.341257947882813,-1.6852993143712525,1.3152182316862424,1.4010652654270133,0.12530014309410503
1.3980228861471788,1.612197025908321,-2.0463882708089667,-1.9132589370812851,0.4131581832077599,2.02107776355867,0.2928091605439592,2.240806071297757,-0.5803556860151515,-2.3385686396199454,-1.6843099074574306,1.3107385827888594,1.4028469589415342,0.12855058239116898
1.398067341747821,1.612174995371044,-2.046401225361296,-1.9132135084768305,0.4130856948722091,2.021111410429498,0.2928637455776128,2.2408760673454173,-0.5803244152158266,-2.338675292102977,-1.6842918502944526,1.3107424201891524,1.4028095651613137,0.12854919069822496
1.394434882164599,1.6151592856536423,-2.0449742869072627,-1.9098390529085718,0.41480095434233044,2.0182052613266617,0.29073832977701286,2.238800011191305,-0.5841564402003393,-2.3360770976162657,-1.6830351924675258,1.3064124024154318,1.4050156352231253,0.13191026553830842
1.394420447335314,1.6151763296261938,-2.044957710196104,-1.909832422162232,0.41481452749367753,2.018232736956227,0.29074101591451196,2.2388031032121147,-0.5841551779800113,-2.3360773953612033,-1.6830334794628907,1.3063773669673686,1.4050083635189459,0.1319043271676226
1.390746022465301,1.6180899582380828,-2.043231750664878,-1.906415670158732,0.4171631221136119,2.0155714705344274,0.2882617793415459,2.236768366580767,-0.587952566037147,-2.333610436776099,-1.6820193028644321,1.3021467730287797,1.4070750236454388,0.13512857891355967
1.390758922841034,1.6180772386914035,-2.043232926383809,-1.906388596783573,0.4171210775205195,2.0156192733628604,0.28828482409759926,2.2367884712687713,-0.5879411936912163,-2.3336334521801665,-1.6820104183774314,1.3021280978710887,1.4070654528725286,0.13513088131055498
1.3864311327551673,1.6209673193263758,-2.041053443495126,-1.9029811403477077,0.4186674122488206,2.0133237298522526,0.2864061951087576,2.2348002466895136,-0.5917138987318289,-2.3312437282918776,-1.6805083986836498,1.297647009185449,1.409043985273784,0.13833580506804
1.3864548993337833,1.6210127744250558,-2.041095700609052,-1.9030626854513082,0.41867168873968585,2.0133155608416615,0.28640773702014016,2.2348422645072614,-0.5916851175336135,-2.331307545196821,-1.68059243741849,1.2975821763340083,1.4089847440684846,0.1383274014867656
1.38294119508393,1.6239405044399087,-2.0402343605152624,-1.90155235695002,0.42377369718035623,2.014540957642103,0.28243699716864923,2.232783723123712,-0.5939631817645947,-2.3286174945977076,-1.6848587535134552,1.2977409475773234,1.4153907599658613,0.13907347906823334
1.3829029012401222,1.6239269928699247,-2.0402327926811075,-1.9015521157450128,0.4237764831516715,2.014602536839557,0.2824008192613709,2.232786028915265,-0.5939430649379351,-2.3286322441754184,-1.684853903113505,1.2976883414895106,1.4153505530182944,0.13910758992067382
1.3790606377138155,1.6267469175395572,-2.038769978985865,-1.8976512300129176,0.42585964753820515,2.0117609733693285,0.2805115884039454,2.231601802855637,-0.5983609305205532,-2.3262506055973837,-1.6832605594084433,1.2940729366462713,1.4183266878232856,0.14159810071717338
1.3790573861716013,1.6267719204080549,-2.0387592629969933,-1.8975368671773822,0.42583636913222206,2.011800284784064,0.2805320374839475,2.2318038551070694,-0.5982790703873716,-2.3265011230150763,-1.68315541861962,1.2941744424033401,1.418248661216389,0.14161022881377713
1.3756358905113548,1.6296126311774688,-2.037127980635742,-1.8952747451913654,0.42855153956327285,2.009470832183014,0.27784423080300696,2.2299025290156544,-0.6015443972754281,-2.3244277412165566,-1.683442400603494,1.290710368002699,1.420195428009189,0.14380749212110186
1.3723394723165763,1.6320391307639857,-2.03548355489818,-1.892197291289288,0.43035884710398997,2.0071103009321742,0.27560342012541267,2.2286858848710365,-0.6044884756602641,-2.3227633939455323,-1.6830788082655197,1.2875548518803652,1.42212544384756,0.1464088450806047
1.3723559001520045,1.6321181145544155,-2.0355349719816447,-1.8922550845547983,0.43037005002523965,2.0070605105205948,0.27560537142990177,2.2287555735595435,-0.6044290935820008,-2.3228592469820324,-1.683113108320916,1.2875551752995127,1.4220954627605398,0.1463838523699205
1.3680230533440971,1.6350494736522638,-2.0336022584609412,-1.8892677539541778,0.4355118419986891,2.008172173200578,0.27111011614850866,2.2269993581090746,-0.6065610065378417,-2.3201538488024336,-1.687662976211089,1.2879761827507954,1.4291579471876803,0.14773325271780463
1.3679690650296334,1.6350204913085549,-2.0335662498520484,-1.8891922015495357,0.43550317602966193,2.0082551116222938,0.27107629494672797,2.22699929702213,-0.6065403175544233,-2.320154957866824,-1.6875793243031951,1.2879674626967574,1.4291563224131485,0.14777197735675074
1.3643971196602447,1.6380982451428898,-2.0312245507528157,-1.8854658076130775,0.43716629044031874,2.004867286244829,0.2691063963593575,2.22569747674768,-0.6110633224248228,-2.3181940558496925,-1.686951602464766,1.2834784665928796,1.4320572897925525,0.150889482997497
1.3644306576602299,1.6381126438672997,-2.0312335318105426,-1.885442236406164,0.437106755722873,2.004916216272786,0.2691407771445649,2.2258184067835276,-0.6109906365437763,-2.318380410944628,-1.6869338326352263,1.2835016682609004,1.4319654190098685,0.150889892084576
1.3613765715685997,1.6406899032487117,-2.0298023720783065,-1.8826567197192225,0.4390114206655772,2.0023404608484547,0.2663068260493825,2.2246812020686693,-0.614008113256616,-2.317024737939162,-1.6867946703348116,1.2805227127803658,1.4338940374921674,0.1538278096928106
1.357940258629566,1.6430934331951286,-2.0273301460035156,-1.8788985086170606,0.4405872718846592,2.000130745825128,0.2639579326761412,2.223556869601123,-0.6173610382178927,-2.316087591761046,-1.6854244039189172,1.2773814030452189,1.4359216565043693,0.15748633957452515
1.3579748702573673,1.643132040314956,-2.027383601209169,-1.8789420169540483,0.44055390140740225,2.0000970310934236,0.2639692887808912,2.223548300428908,-0.6173371512945083,-2.3161019281638238,-1.6854730340465787,1.2773591275751164,1.4359345838247342,0.15747155556604173
1.3545258390517998,1.6467949685242858,-2.02590128829426,-1.8760236807725639,0.4444715079347957,1.998908748547234,0.25952664024577626,2.222950653852585,-0.6219849409381095,-2.3149205065567657,-1.6833607884441713,1.274246803079122,1.4394557992569006,0.1621647280123113
1.3544678770370138,1.646808621531621,-2.025923907077593,-1.875983648456622,0.44451847148753676,1.999009364737816,0.25946936716677904,2.2229844179137697,-0.6219589497243998,-2.3149552166718816,-1.6833405381006938,1.274182602644695,1.439390920381135,0.16220461035966496
1.349899180847482,1.6500911205852928,-2.0232897687912317,-1.871268080415946,0.44705882746649267,1.9959683392985168,0.2564597608218233,2.2222707816317437,-0.6266438017099123,-2.3138124746827624,-1.682121986855607,1.2704615976633042,1.4425006761480859,0.16606924793220615
1.3498759460702654,1.6501340382537664,-2.0232838590000704,-1.8712662723178455,0.4470701176562831,1.9959637112144706,0.25644728985948767,2.2223495798605737,-0.6265893441577713,-2.313889952373704,-1.6821040780585887,1.2704766311973639,1.4424795014305634,0.1660701094577551
1.3453909330435296,1.6534643557671915,-2.0206004679070473,-1.8668522962191725,0.4494622159899061,1.993046149209596,0.25343182219344107,2.221835219127094,-0.6311689636632066,-2.3127647915958223,-1.680793332163555,1.2668300603323353,1.4455890693858389,0.16998477062013206
1.3454015767704943,1.6534764561491915,-2.020666102256004,-1.8668448527818364,0.44944085289725744,1.9931096455626638,0.2534510927097033,2.2219254830814874,-0.6311062999824358,-2.3128798849396737,-1.6808072172847304,1.266791966153715,1.445499612601944,0.16999126805229084
1.341450781657342,1.6568049930069044,-2.0185185741090206,-1.8628545316505507,0.45163318182337747,1.9902601679397516,0.2506467236328626,2.222260011772332,-0.6357364322531839,-2.311549525772842,-1.6792528348069946,1.2629906330191618,1.4484899952119,0.17377252420223827
1.341477730850321,1.656831723110768,-2.018581253991174,-1.8629149947940775,0.45160372368051005,1.9902362805489764,0.250640051616328,2.222254381831747,-0.6357060598663272,-2.3115801445024395,-1.6793144844722272,1.2629588477036717,1.4484752458673251,0.17377249109447193
1.337782094261964,1.6602673218260882,-2.017370297677869,-1.8596963911111086,0.45642233054408266,1.988940859430601,0.24673766145126536,2.2209654329372817,-0.6385953994637935,-2.310459672413096,-1.678186603381961,1.2597440064293266,1.4522531841769395,0.17742399252077296
1.3377650080578054,1.6602966456126693,-2.017362065856092,-1.8597010096990976,0.456430032302521,1.9889901765905915,0.24674468150149773,2.220974285727255,-0.6385729544387447,-2.3104766068313576,-1.6781923658385234,1.259677261713373,1.4522281191206015,0.17741425334518723
1.3337268689624313,1.6635993099572701,-2.0146565065788056,-1.8562497052109064,0.46237275785089493,1.9907643255228566,0.24205121712410974,2.2201794966854655,-0.6415814743664564,-2.3079163544974866,-1.6832272233571506,1.2612261081910854,1.4615251161483283,0.17885808956353474
1.3310000061307028,1.6670610464347293,-2.014705583489172,-1.8533677601918714,0.46328815321313727,1.9863306309167967,0.23974705706205474,2.220245669024843,-0.6454541591564718,-2.30726982809524,-1.6817895583934934,1.2569298068604584,1.4627819999616045,0.18254642842598312
1.3310257269253811,1.667119239922478,-2.0147404439197802,-1.8533851267065322,0.4632679188868127,1.9862670905056656,0.23974687496412306,2.220312289934386,-0.6453900331601803,-2.3073593724946453,-1.6817912513278657,1.256986160077638,1.462782835906902,0.18253339425626466
1.3274691424595715,1.670932187182479,-2.013281445075403,-1.8498304470071922,0.46603339536280336,1.9832653445577322,0.23580593137771133,2.219166419243215,-0.6495490511597508,-2.3066737579665975,-1.6805505327121926,1.2534254490519088,1.4651469626658369,0.18700675471240558
1.3274985193107964,1.6708824585105035,-2.0132795781702226,-1.8497731089188822,0.4659469278083568,1.983365852317878,0.235861562022162,2.2192846353327207,-0.6494636077325197,-2.306829747338443,-1.6804965437002213,1.2534508607080481,1.465036294811852,0.1870179363154539
1.3236919113158039,1.6747306601382106,-2.011670374327777,-1.8462314308525756,0.46895460194025906,1.9806131258172048,0.23212490261953153,2.2195621919864617,-0.6538896648982719,-2.306110018568882,-1.6789948033238584,1.25022605216675,1.4677840636830128,0.19109342167123167
1.3237276728935714,1.674698549572109,-2.0116885541562106,-1.8462139585454662,0.46886267000886556,1.9806475775426664,0.2321953192718046,2.219657181996031,-0.6538152580178107,-2.3062315737568384,-1.6789722048405906,1.250255371846949,1.4677301425506133,0.1910845627649016
1.3194481638705071,1.6780602109190568,-2.008392656613199,-1.8426024388665538,0.47404922961154417,1.9813272291892907,0.22750181518975776,2.2187756420821407,-0.6565740147616986,-2.3032190785998066,-1.6848163727719476,1.2511176835033948,1.475530759888163,0.1921730997082738
1.3194575390933725,1.678064806841655,-2.008409383485585,-1.842626370622548,0.47401903787845007,1.9813529375224352,0.227495696283129,2.218797704321947,-0.6565297958239131,-2.303272903236774,-1.6848348459099256,1.2510900355817922,1.4754895918155022,0.19218332019345077
1.3156944973047986,1.6818636465015264,-2.005991188935996,-1.8387082486729818,0.478655179827583,1.98093877913698,0.2235247110971843,2.2179316341107245,-0.6591458675303377,-2.302480849388698,-1.6896614723624916,1.2515646910749945,1.4834865838962246,0.19370007713702062
1.315674660309399,1.6818191333959516,-2.005936997311869,-1.838639251823488,0.47860852924910496,1.9810838633449273,0.22353922794423683,2.2180321718178084,-0.6590624868101534,-2.302608280161485,-1.6895837474982336,1.251562422656628,1.4833689318165488,0.19372429164676522
1.311972679210926,1.6855673520002712,-2.003792868891914,-1.8336055051459723,0.4800095571186512,1.976280034357308,0.22101548106443983,2.2171974115785704,-0.6630741442792131,-2.30223631685969,-1.6880919246426334,1.2471864721181434,1.485263913940681,0.19817251765261232
1.311960846445777,1.6856168143937154,-2.0038327974095855,-1.8335423556196757,0.48000966273227813,1.976317617991951,0.2210116581993531,2.2173300540996306,-0.6629700023203314,-2.3024060891385085,-1.6880329591545762,1.2472325551674828,1.4851707852502292,0.19818205598707916
1.3085463578093268,1.689686642624152,-2.002617078617065,-1.8299228520124462,0.48156385313342676,1.9722400353906702,0.21750279242817935,2.2166014374153913,-0.6668370984241049,-2.3022520785369074,-1.6865316009595783,1.2431145821024492,1.4868283271648244,0.2031434339771002
1.3085158996859758,1.689715687741162,-2.0026249914854355,-1.8299151119000514,0.4815694010435197,1.972276290663736,0.21747571154527076,2.2166118869690368,-0.6668074330401944,-2.3022580931962,-1.686529035036001,1.2430683427550984,1.4868168070647636,0.20315950897211746
1.3048414752664947,1.693859876527016,-2.00070249866815,-1.8253560872429364,0.4835773969009668,1.9682582132542772,0.21384699352636768,2.217211606552247,-0.6712717273952408,-2.302126753760187,-1.6849069023036762,1.2391002786151697,1.4891983108332894,0.20800932996725666
1.3048213843376901,1.69388363980026,-2.0006990966017257,-1.8253560969572926,0.4835872669486891,1.9682917072055983,0.21384263077998386,2.2172192993138014,-0.6712540998481307,-2.3021407327725747,-1.6849089896615594,1.2390562697956606,1.4891821203400597,0.20800713832748954
1.3010580328461148,1.6973053187286464,-1.9982407411492336,-1.8218601576906222,0.48843855035628647,1.9682782556651537,0.2087655391417522,2.216605160951391,-0.6735359968941432,-2.3018722036987467,-1.6913303289452006,1.240386436338913,1.4971474048831905,0.2094665853767333
1.3009945555416782,1.6973098463150404,-1.9982824546830673,-1.8218033508426323,0.4884600526966273,1.9683599970689813,0.2087441650028672,2.2167340092725136,-0.6734498594872582,-2.301983196875662,-1.691267640839611,1.2404090152914864,1.4970565185191285,0.20949570909998094
1.2972230590687737,1.7013013514936117,-1.9963836118313212,-1.8181112775598844,0.49298660454860255,1.9669917754476658,0.20496081195201996,2.2161930504693204,-0.6756877455095016,-2.300474756058275,-1.6968825250826172,1.240799206254144,1.504320739934951,0.21043415892787828
1.2972624468006748,1.701269835746439,-1.996325818783982,-1.818084335601952,0.49289813298532686,1.967076323972686,0.20500511839672814,2.216302162696505,-0.6755793828735206,-2.300650817356143,-1.6968206715062937,1.2408595823557622,1.5041949638017402,0.21043437875935772
1.2934428025433435,1.7050381889345787,-1.9942702531790204,-1.8143426880334712,0.4970639394779735,1.9654766081006263,0.20114816164866126,2.2159033725450623,-0.6776785561449431,-2.2996626638808397,-1.7022308609796348,1.2406312021245256,1.510849972935199,0.21173815554671202
1.293365329514742,1.7050580373386617,-1.9942330123568686,-1.8142948891281063,0.4971032574484262,1.965591743920383,0.201105942632652,2.2159357815298324,-0.6776411314350941,-2.299673023544119,-1.7021910817896724,1.2405487843506742,1.510798166754122,0.21176796397225273
1.28968246794971,1.7089316771828005,-1.9923289974114633,-1.809195860229927,0.49817978930374057,1.9603997269000002,0.19874348660825922,2.215526308573008,-0.6811499173858298,-2.300137881081682,-1.700437345784453,1.2363109609384164,1.5116207902610328,0.2162739527332288
1.2897314997937215,1.7089409660019876,-1.9923990710798207,-1.8091694498877826,0.49809600518410774,1.9604179443822403,0.19877899490069945,2.2156116520426914,-0.6810631233720467,-2.300287415669148,-1.7004160772019918,1.2363688776365427,1.5115657993151046,0.21627230891963609
1.2861997502974265,1.713406410982938,-1.9914508450637427,-1.8053950052791872,0.4997768000257887,1.9559019922733532,0.19540021632215535,2.215228543494635,-0.6844820090135963,-2.300823841246196,-1.698637320929365,1.232496419102376,1.5125874016729621,0.22099063838847086
1.2861665932187414,1.7134151659661438,-1.9914228189186944,-1.8053675630811776,0.4997938584845595,1.9559744969319015,0.19539441406506675,2.215237236647478,-0.6844697542492802,-2.300834123511361,-1.6986167285962237,1.232442131895447,1.512558322206722,0.22099621331260388
1.2825809261881476,1.7174954090841432,-1.990600388690885,-1.801807777870976,0.5026796587561955,1.9520241359316421,0.19159619618800197,2.214249453533552,-0.6861652107230659,-2.3010355696938216,-1.6978470457576147,1.2285911349577134,1.513862468675924,0.22529622102702854
1.2825681856951272,1.7175768952866,-1.9906223437137973,-1.8018675036860936,0.5027226686800295,1.9519802461884013,0.19161602538684575,2.214277515187847,-0.6861335045473264,-2.3010766321611187,-1.697884883707875,1.228561967353071,1.5138515233810816,0.22524483612705068
1.2790957833752936,1.7218056495737957,-1.990148501183603,-1.79802706389396,0.5044231507240493,1.948083148278522,0.1888065100378001,2.2140179987560207,-0.6884484284324969,-2.30266521950363,-1.6963086548642887,1.2241250802355612,1.5152055318353472,0.2305023794906861
1.2791415983663434,1.7217712455929497,-1.9901385801097933,-1.7979832977727899,0.5043481258220373,1.9481155880726206,0.18887119952220918,2.214039173988561,-0.6884423442501555,-2.3027043343149303,-1.6962865432893275,1.2241439130724456,1.515206180663939,0.23049046367748488
1.2752757256039777,1.7254981583572717,-1.9881419179695037,-1.7942206369592724,0.5089934925070349,1.9477530994561358,0.18475388245762325,2.213861331486038,-0.690271178026321,-2.3011946285451104,-1.7011289819764221,1.2252392931311478,1.5218823248791127,0.23173279132146138
1.2752264873490722,1.725476667315139,-1.9881171504806447,-1.7941267611343226,0.50895579496695,1.947884139706336,0.1847841044700577,2.2139884424967975,-0.6902043720843866,-2.3012697834091855,-1.7010449766968458,1.225244387582413,1.5218248930380078,0.23174956796114052
1.2716061145812183,1.7295514018574434,-1.9872703521936201,-1.791606665438367,0.5133936179096911,1.9469523128356543,0.18091188423494736,2.213809892462914,-0.6919849372257949,-2.3003964951295384,-1.7056766507599654,1.225659258716837,1.527720917943666,0.23308457569743635
1.2715453007073747,1.7295858776677242,-1.987247913079072,-1.791587922359587,0.5134247923470693,1.9470220253160584,0.18088149478917837,2.2138365741209585,-0.6919496106345975,-2.300399878776759,-1.7056565847112684,1.225588317975374,1.5276850405156255,0.23310225115462402
1.2679891768010778,1.7338076019024438,-1.9863867967201023,-1.787682395337753,0.5154034338851191,1.9429569471951083,0.17810063255884034,2.213013173340977,-0.6935249542885432,-2.3007770393435525,-1.7045350520757838,1.2221683811386395,1.5286438696752058,0.2372015811027131
1.2680767548123344,1.7336990164183286,-1.986346722981356,-1.7876795714347833,0.5151809843147432,1.9430670524586053,0.17827642770339794,2.213068730078388,-0.6934806828432404,-2.3008608658592573,-1.7045367383181314,1.222155185115459,1.5286257158865992,0.2371605750048964
1.264602337331792,1.7380261884618948,-1.9858327802405944,-1.7837667162952484,0.5168798605361006,1.9392330713577626,0.17525133806084703,2.212944470716119,-0.6949899989888181,-2.3039766484628488,-1.703223357646603,1.2182219143894795,1.5297125241884668,0.24261722041237824
1.2646451006839985,1.737987869952187,-1.9857985349517582,-1.783753165262889,0.5167794006305116,1.939287261866494,0.17532554908013734,2.213020479411595,-0.6949251350284922,-2.3040704688240763,-1.7031978297926602,1.2182568477139295,1.5296686545927323,0.24259408694705298
1.260989014701765,1.742122068976615,-1.9848177313516577,-1.7797670509323396,0.5186406235870467,1.9361416210821791,0.17219188305498903,2.213019885500136,-0.6963581408339614,-2.304459778142164,-1.7009491156089371,1.214723020242892,1.5303690188508772,0.24778801910404957
1.261162859428034,1.7418243431729297,-1.9847268704442511,-1.7796890750501582,0.5181906614629554,1.936333687619789,0.17248312551033385,2.2131589279591344,-0.6962710553938638,-2.3045960200215547,-1.7008690046733692,1.214818853169811,1.5303248109797452,0.24778292927602566
1.2574429294814158,1.745587824531802,-1.9826114789576954,-1.7757787319595075,0.5222688844970448,1.9358463462274664,0.16860777910664523,2.213221861898437,-0.6978073210092764,-2.3051423504842297,-1.7058006450226646,1.2159914024369394,1.536495646666728,0.24951872215736676
1.257407811302167,1.7455959088369808,-1.98258927559698,-1.7757149610329648,0.5222819491025461,1.9359416758268875,0.168605594575953,2.213302211793978,-0.6977434327020212,-2.305213027779252,-1.7057321245312709,1.2159855472266856,1.5364139909973238,0.249526980371962
1.2538719408940406,1.749351472855224,-1.9805755136863483,-1.7701466112612008,0.5225382972178061,1.932053237788913,0.16757140468550438,2.2135907782536046,-0.700589633329,-2.306221377258447,-1.7039878954906174,1.213598017455271,1.537920861269524,0.2533965058808478
1.2538527913571247,1.7493650635122566,-1.980584404797976,-1.7701142202395588,0.522523779379828,1.9321233727323395,0.1675874819441327,2.2136482091654246,-0.7005497124791952,-2.306262270283868,-1.7039548992674105,1.2135901414663706,1.537900053583237,0.2533901224152556
1.2504886056041753,1.7532689059000182,-1.9794601269059895,-1.7662930786417554,0.5239215012190478,1.9289988103237097,0.165717547124917,2.2139011075447046,-0.7017632455768292,-2.3069869669204706,-1.7030044369217439,1.210944431410381,1.5391411548313407,0.2570884436978799
1.2505130747446895,1.7532518241016901,-1.979460088925586,-1.766284039824948,0.523844696521749,1.929055302219626,0.16576947561393518,2.213936066585845,-0.7017257372018068,-2.3070319124330285,-1.7029972337541828,1.210929913705758,1.5391286342880348,0.25707489721041793
1.2472300329193984,1.7573364506352933,-1.9779351506604201,-1.762222649698153,0.5243522920597395,1.9259388279599157,0.16412768334479555,2.215641862528182,-0.7049542925302624,-2.3080183263610237,-1.701053034369188,1.2085811059435165,1.5409448885564576,0.2611932487773462
1.2473003941484988,1.7573375895283654,-1.9779803973796175,-1.7622570303589271,0.5242657316600261,1.9259382120091761,0.1641963543884701,2.2156606796587197,-0.7049099131250338,-2.308101282530348,-1.7010794890619731,1.2085959396412451,1.540939529657757,0.26115167625123864
1.2445139334849682,1.7602161510429082,-1.9763822220216498,-1.758974451017077,0.527659765168051,1.926687957630298,0.16144053867581082,2.216284957269085,-0.7055890703506126,-2.3087806696667794,-1.7045161275779548,1.2101740285954257,1.547345738326661,0.2629280034057453
1.2419984421877701,1.7632350215166572,-1.9753843340251176,-1.7552623153546894,0.5270421242876554,1.922929074304754,0.16058818006942444,2.2179752282396916,-0.7082414602543701,-2.309624366531754,-1.7013641142274294,1.2070691417299892,1.5466355403567598,0.26701935595891524
1.2420278094325012,1.7632110647397803,-1.9753879769709006,-1.7552558053192215,0.5269688389032762,1.9229719698969086,0.16063424601487972,2.217987022314834,-0.7082230477573491,-2.3096418236968024,-1.7013570717657396,1.2070667074639814,1.5466487051600604,0.26700962056516186
1.2388274102964731,1.7668204774490222,-1.9744121009301463,-1.7511423653082259,0.5279353324817547,1.9200929605291177,0.15892523366887498,2.218397486326778,-0.7104715710074473,-2.3115579103960653,-1.6995692342164541,1.2040129732604696,1.5482106415665655,0.2716967434620459
1.2388270023050383,1.766827191503652,-1.9744036780303778,-1.7511340115584917,0.5278926026227936,1.9201253441457622,0.15896609766608874,2.2184451647125196,-0.7104453932268088,-2.311579752875066,-1.6995587987682752,1.2040048250176099,1.5482138937925443,0.27167761007896407
1.2353925694724543,1.7668523810030576,-1.972871543792633,-1.74699658337165,0.5288761460083882,1.9179215282089193,0.1570669845691313,2.218909757928891,-0.7120761931872092,-2.312562858314521,-1.6978792392276805,1.2014173027481099,1.549569448743419,0.276122879860767
1.2354260367773202,1.76690074350241,-1.9729115513614892,-1.7470038346587469,0.5288647673849133,1.9179051309943815,0.15708239014848602,2.2189191245986963,-0.7120593905709248,-2.3126158070046507,-1.6978940882505085,1.2014209638375593,1.5495724122440855,0.27610238736387227
1.2321506117259198,1.7669391534703311,-1.971752138096188,-1.7428369748562766,0.5293462594126163,1.9158344171165596,0.15537990317462108,2.2194490950023322,-0.7138105215582321,-2.3137593342154266,-1.695899966712321,1.1991456414528203,1.5507580518977195,0.28064074336767314
1.2321856058693834,1.766986244834956,-1.9717793165172657,-1.742831853940584,0.5293288870535684,1.9158177149923417,0.15539860575709816,2.2194624427587732,-0.713799137270169,-2.3138009522504968,-1.6959073237776028,1.1991568702181865,1.5507760272651574,0.2806202409083601
1.228863510209487,1.7670083320815924,-1.970697173478651,-1.7386395605127796,0.5298217614527565,1.914016420039127,0.1536223324170341,2.220234697940817,-0.7146944069312225,-2.315035653251627,-1.69410840872824,1.1973703070770667,1.5518962493172068,0.2849329192884465
1.226249054020078,1.7670601067438592,-1.969807855364016,-1.7352873023195856,0.5298592231456509,1.9126511695987671,0.15241083532490074,2.2206571330860108,-0.715415246871968,-2.316088457486823,-1.692720016789792,1.1960745526401948,1.5527210273466878,0.288350711704051
1.2262453749222881,1.7671153325590327,-1.9698064663040518,-1.7352618469705274,0.5298879570890761,1.9126652350587066,0.15243153109278038,2.2206822290493196,-0.7154133729442891,-2.3160997095646616,-1.6927026297197256,1.1960608839067552,1.5527285958559902,0.2883206645051598
1.2227822861181303,1.767222520998113,-1.9683077210723432,-1.7310532586719742,0.5297216381165643,1.9112083944359033,0.1512938890556079,2.221274572763003,-0.7163376041687781,-2.3173819853659507,-1.6912643083640102,1.1945379352618288,1.5537305932166103,0.29231009786212075
1.2227265044296745,1.767299329248249,-1.968313397866568,-1.7310113951487622,0.5298014464117653,1.9112471048947786,0.1512693551354241,2.2213170459606215,-0.716330741487113,-2.3173943148849476,-1.6912316729557406,1.1945133086222999,1.5537152273373633,0.292301001244009
1.2193351841036815,1.7672049233107625,-1.9670204736318855,-1.7267535729675798,0.5296710926720265,1.909852064125735,0.15037039150909362,2.22193383445625,-0.7172509868868101,-2.318700223446887,-1.6896569837721256,1.1932142982518883,1.554585193882002,0.2958972305818195
1.2193359122515004,1.7672662404639259,-1.9670499873638942,-1.7267463494780622,0.5297000962823102,1.9098423549607393,0.15036927948711604,2.221947630770682,-0.7172511722875401,-2.3187207629540736,-1.6896585869575917,1.19320989412066,1.5545961501072894,0.2958804571603825
1.216027041511312,1.7673104137251336,-1.9658875087692234,-1.7224535365782392,0.5291807817499865,1.908225473474267,0.15002632584609318,2.2225856401970487,-0.7181849299678538,-2.320008581944358,-1.6885938173227941,1.1921628540935305,1.5556121976320811,0.2989417646697408
1.2159712948419414,1.767378422347769,-1.9658738619876985,-1.7223976765374016,0.5292541586881147,1.908275702357789,0.15001272269510535,2.222636807582441,-0.7181787465867628,-2.320020098483088,-1.6885455227234825,1.1921482334395461,1.5555995493411152,0.2989283047221141
1.2127556313685524,1.7673664147999542,-1.9641829548290652,-1.71808536171539,0.5284030940610707,1.9068172924436795,0.14992252316478755,2.2239456296596094,-0.720413154528581,-2.3213860351837825,-1.6878228202258219,1.1913791160067688,1.5569612727158557,0.30168048923307317
1.2101839203285256,1.7676075926995352,-1.9633314150028458,-1.7146242926806463,0.5277062967453953,1.9055950588203814,0.14975705648505144,2.225640285265285,-0.7224162522845764,-2.3225337484390356,-1.6857556811465164,1.1908416671411566,1.5576319070778724,0.3042141632085601
1.2101864923523633,1.767638208005596,-1.9633499131738856,-1.71460374488639,0.527719493650548,1.9056191160806133,0.14976309549849656,2.2256566757243648,-0.7224034646004065,-2.3225529191436602,-1.685737918314603,1.190838685468083,1.5576290253852232,0.3042020665208489
1.2068126398406638,1.767248334640571,-1.9610396289855914,-1.710259804351162,0.5285874928955543,1.906314918812893,0.14901388499373633,2.2263903741576954,-0.7234198135337997,-2.323991628070085,-1.6882282925874665,1.1924801406123196,1.5620643303282133,0.3055091675668102
1.2067689320005242,1.7672698799386068,-1.9609933331625429,-1.7102298355348584,0.5286284035149765,1.9063966234367156,0.14902069338974108,2.2264107891186202,-0.7234188699256651,-2.323986939706355,-1.688210117259326,1.192413512077646,1.5620243652136003,0.30550084735439637
1.203558942317263,1.7676025261780357,-1.9594081800775416,-1.705869380761947,0.5278000284753194,1.904983894667723,0.14933412049105937,2.227138140611759,-0.7253152838264817,-2.325537405111122,-1.6861310621807934,1.1913712527123639,1.562739625074531,0.30835487758290564
1.203515428464201,1.7677655748948589,-1.9595114788395829,-1.705820546161723,0.5279474906323882,1.9049636444640081,0.14926235959681658,2.22719731518775,-0.7252852089603132,-2.325583166720157,-1.6860831191214123,1.1913942294929842,1.5627281270782434,0.30833948842297837
1.1998907871883169,1.7678537061837725,-1.9578698839943107,-1.7014361010084302,0.5272639975096185,1.9039004431128392,0.14954847341314503,2.2279717063310156,-0.7262169313348708,-2.326886579484369,-1.6846505759996768,1.1899481163072092,1.56347764442347,0.31106799361654364
1.1998623398302173,1.7679062742801925,-1.9578655341433029,-1.701440946954557,0.5272969857172866,1.9038941419499076,0.14954794561168056,2.228001721115235,-0.7262084970102389,-2.326896777647516,-1.68465771862364,1.189927788073189,1.5634766156038118,0.31104596112548566
1.1966529952397642,1.7677291404679236,-1.9559742617552047,-1.6968786165961494,0.5258463455844556,1.9025847565694025,0.15005394435981656,2.2295581556478687,-0.7282650369210549,-2.3283969268466636,-1.6825110124596099,1.1889414667237852,1.5640721036979253,0.3139235269819394
1.1936769451918106,1.7679892853475043,-1.9549258988275977,-1.692914149892552,0.5250862520952656,1.9013229351880296,0.15024276713769327,2.2302303170397706,-0.7298639652975786,-2.329891123050465,-1.6805828436444952,1.188038201328613,1.5648296350875766,0.31659543911145727
1.1936397721172591,1.7681051034733637,-1.9549993266602792,-1.6928614197208893,0.5251880506100705,1.9013476484026073,0.15020367776715826,2.230277224301212,-0.7298494218840939,-2.3299062419845193,-1.6805349057142627,1.1880407719473955,1.564835645146662,0.3165818400135828
1.1902183592917317,1.7680818682362638,-1.9536640368943423,-1.688397879606128,0.5246485308281431,1.9002438769225316,0.1503344618198105,2.231168494660001,-0.7307375104032385,-2.331319422193826,-1.6787316533576837,1.186586577955632,1.5655418968236239,0.31957225538891354
1.1902231677230803,1.7681511738085651,-1.9537159781061544,-1.6883956129838797,0.5246767724939313,1.9002248455399153,0.15032449407108894,2.231180353358514,-0.7307322156574226,-2.3313464797312013,-1.678736709348888,1.1865865278985512,1.5655580555657433,0.31955813436568936
1.1869429359249242,1.7682923620021869,-1.9527183700746438,-1.684492048414121,0.5243633164561863,1.8991342482581555,0.15011028774927057,2.232093662675199,-0.7316206901437439,-2.3328130980235042,-1.6768125706303998,1.1853935940848908,1.5660217801374745,0.3224749789009997
1.1869392574045354,1.7683235205751253,-1.9526946748260319,-1.6844802604383318,0.5243749936266041,1.8991619842421028,0.15012666490887078,2.232107615400714,-0.7316213919452121,-2.3328232756524545,-1.6768176944231576,1.1853574985836492,1.5660112605685872,0.32245714200789166
1.183576252276974,1.7682784184163813,-1.95138278105916,-1.6799989262180446,0.523616196821282,1.8981177347710365,0.1501364549503739,2.233023846130339,-0.7335552989684919,-2.3345388419975057,-1.6746784322665567,1.1845732379172027,1.5667996340399621,0.32549655285838824
1.183609712569629,1.7683204630191929,-1.951423250472552,-1.6800100321140579,0.5236075594209633,1.8981047141255551,0.15015390390110095,2.233031597559971,-0.7335434364980098,-2.334585418912757,-1.6746964197253105,1.1845739661038368,1.5668057139622016,0.32547462219594875
1.180342014682893,1.76836122032047,-1.9502790209424234,-1.6755390096466927,0.522692673010304,1.8967412306598297,0.15020854724264052,2.2341259285845925,-0.7353846254885132,-2.3363930089045866,-1.6726631913480172,1.1838767237231,1.5675373685293135,0.3283924772813923
1.1803078371806854,1.7683911757990751,-1.950231879864884,-1.6754964938617471,0.5227222332766224,1.896807807242132,0.15022291309192107,2.2341481122921154,-0.7353902835196425,-2.3363686011593945,-1.67263614263532,1.1838206258301553,1.5675262273481483,0.3283786866553882
1.176988286911564,1.7684819492648545,-1.9491372900745658,-1.671530677008669,0.5227792722089263,1.8959103626018812,0.14978260065457388,2.2351140577806508,-0.7362741797213335,-2.337890272982844,-1.6713390115351867,1.1828925586027104,1.56823343071602,0.3309103357416573
1.1770377963993486,1.768502747931887,-1.9491557650947045,-1.6715696749250732,0.5227545381797735,1.8958742521842504,0.14981081050646025,2.2350923832700516,-0.7362766497108583,-2.3379209100131084,-1.6713873544440845,1.1828790385179029,1.5682404190470127,0.3308865230193566
1.1736779638136703,1.7682763278720959,-1.948220584924553,-1.6670208023773467,0.522362833734321,1.8946163665773315,0.1496000048019343,2.236770288600552,-0.7382022344666695,-2.3394919962786553,-1.6694844215757,1.182240225961962,1.5690627657742122,0.3335225977567675
1.1736735188050036,1.7683680017439438,-1.9483044213083238,-1.666998191955442,0.5224133416486773,1.8946053140601224,0.1495686819830335,2.236802643013811,-0.7381900119315395,-2.339535667140878,-1.6694667352593446,1.1822679657479689,1.569081655731984,0.333516955774326
1.1703953216514107,1.768639765196031,-1.946964173694048,-1.662497105436172,0.5216496741863403,1.893414194824493,0.14972279053908866,2.2377592220925906,-0.74005720319359,-2.341387931285293,-1.6674402442443212,1.1817661671384445,1.5700169473786842,0.3361176312096752
1.1704016638065502,1.7686738101751591,-1.9469620775380059,-1.6625050154625531,0.5216527415837516,1.893408496259712,0.14973511452518704,2.237763650090036,-0.7400576740365143,-2.3413867410402753,-1.6674567119123562,1.1817398009465967,1.5700231297492644,0.3360999720038008
1.167115578326464,1.7686336971920318,-1.9458074951972264,-1.6579877106767669,0.5211550187445705,1.8921645438858665,0.1496751298190305,2.239520999489594,-0.742127273714825,-2.3432083469137104,-1.6653358671378014,1.1812890883784535,1.5707866827242916,0.33865646663495724
1.1671195086828952,1.7686488630664736,-1.945782395049166,-1.6579705732762273,0.5211585767406522,1.8921993494773242,0.1496949244916313,2.239521231298498,-0.7421316146629097,-2.3432109555271,-1.6653330696176472,1.1812547259412527,1.5707780669962867,0.33864407047398076
1.1641606663835575,1.768673520899458,-1.944721118138042,-1.653927462849444,0.5208914969499231,1.8910744428765447,0.14962763223058684,2.2410042078584063,-0.7439413809305262,-2.3449064032184346,-1.6634946528943866,1.1808865709624117,1.571512896907529,0.34080523731967194
1.164131293087866,1.768750087401096,-1.944760747794875,-1.6538870962018593,0.5209481889380035,1.891101549023648,0.14961352105503345,2.2410412329208493,-0.743937280055802,-2.3449148440324907,-1.663452189596648,1.1808863069151538,1.571521496305007,0.3407962841493078
1.1611332644243122,1.7686195736483452,-1.9436613427306662,-1.6497607378609467,0.5207648776580066,1.890036826228056,0.14944969773712358,2.242657934290585,-0.7456663558739216,-2.346412776356525,-1.6620184887641694,1.1803537286172303,1.5722998808482234,0.34279175932865114
1.1611331193646575,1.7686315382602318,-1.943624377624215,-1.6497858704969752,0.5207583353923628,1.890019792583568,0.14946642931305001,2.2426395096024994,-0.7456813023396255,-2.3463908497830155,-1.6620511751191724,1.1803109376089898,1.5723072106250455,0.34277515179880186
1.1581568437147867,1.7688586865702636,-1.9426667642024438,-1.6456358029072158,0.5204265533233352,1.8888086665192763,0.14958283809442968,2.2439001068484363,-0.7474729470042825,-2.348198761060704,-1.6601694849737496,1.1798968735273652,1.57309739002091,0.3448848697955682
1.15814562718234,1.7689316494548386,-1.9427081326381694,-1.6455852779273048,0.5204749057536305,1.8888527600181468,0.1495823149204966,2.2439487109907565,-0.7474591684633783,-2.348242700384068,-1.6601253598225552,1.1799076722922794,1.573093965474556,0.3448675713528339
1.1550036058720783,1.768654034966418,-1.9413271935170195,-1.641440783124944,0.5221359442214613,1.889356001160203,0.1486587375459816,2.2448671904715245,-0.7482686856068682,-2.3498620730970656,-1.6618749300045481,1.1814862955326668,1.5768311496335645,0.3455918259359517
1.152270761953521,1.7688979111149532,-1.9405383128974214,-1.637637758758056,0.5215433423190746,1.8878428456722094,0.14902481583254729,2.246124604638427,-0.7499884100553316,-2.351332293278659,-1.6601675347313458,1.1805370851086083,1.5769891491567491,0.3473809671254582
1.1522921087596785,1.7689401639183142,-1.9405760997867278,-1.637639218199969,0.52155120143479,1.8878315407423574,0.14903308652452976,2.2461347390160493,-0.7499855799209225,-2.351339870473826,-1.6601737068250615,1.180533991143793,1.5770019573768304,0.3473657086053519
1.1489504770147851,1.7688752728880255,-1.9392547547783427,-1.6329942345116493,0.5210645811676591,1.8866272394728516,0.1492674080544848,2.2479464587896643,-0.7517002473635742,-2.3531233616558733,-1.6580935946506947,1.180040083806647,1.5774050446583858,0.3494571887254117
1.1489700900782518,1.7689285118093456,-1.9392709565256068,-1.632978984196994,0.5210739756961817,1.8866244538362127,0.14929331757107905,2.2479567617581897,-0.7517009064404009,-2.353150833406146,-1.6580826124640693,1.1800406161504045,1.577426038869364,0.34942771752896723
1.1452866380113231,1.7691817980625957,-1.9381304379499655,-1.6292690443803486,0.5229730560486752,1.8885444057578102,0.14501088889670094,2.249170816161402,-0.7516424017038184,-2.353440045755438,-1.659611458625601,1.1817714640187431,1.5819094519766284,0.3536446758269064
1.1452520557069514,1.7693679713271984,-1.9383083459460058,-1.6292246913488029,0.5231290813769495,1.888537682361457,0.14493514486790016,2.2492333209557303,-0.7516006461753717,-2.353514598034366,-1.6595344547618214,1.1818121905779388,1.5818840821677804,0.3536353010756151
1.1425469397341712,1.7695231622904135,-1.9378165606082784,-1.6245583329701245,0.5214261739008308,1.8863749995402639,0.1440603763152746,2.2504272546099138,-0.752505079506627,-2.355621993675553,-1.656146912635879,1.180681483337566,1.581215943674916,0.35849582971407123
1.142504080059634,1.7695694376275175,-1.9377619123081418,-1.624491215654314,0.521438818708944,1.886474538894378,0.14410099610258426,2.2504548180192594,-0.752522522181309,-2.355590499564822,-1.6560870602631859,1.1806245268434366,1.58123900458828,0.358471160788769
1.139314757399632,1.7695637363522896,-1.9376714262183783,-1.6197384459150057,0.519608761996724,1.8840814729508326,0.13970482094955766,2.251688463194454,-0.753414956180593,-2.357872608993596,-1.6515240899414765,1.1790022399110929,1.5789935293578914,0.36713355380600887
1.1392958782387828,1.7695965799660411,-1.9376734871262953,-1.619765331979599,0.51963691891041,1.8840708654468838,0.13972690081533423,2.251671175221003,-0.75343946552158,-2.357866738663947,-1.6515476458807705,1.178963115121136,1.5790016353671168,0.36710403156926535
1.1362075987490994,1.7695935610027118,-1.9376916375859203,-1.6159332147948728,0.5191097443482771,1.8827944124760823,0.13763303078257652,2.2529400448786383,-0.7539882382145771,-2.3598102187183296,-1.6489766208623808,1.1774897684183292,1.5784068930702135,0.3722782775922026
1.136205448790986,1.7695747012859482,-1.9376525274263894,-1.6159107062102551,0.5191178655428932,1.882827526763156,0.13765779890115326,2.252962756189113,-0.7540168047864074,-2.3598080015906895,-1.6489568759581064,1.177517798582921,1.5784008294435672,0.3722729789056237
1.1330276495626146,1.7694994000051727,-1.9371372168431185,-1.6111502141282141,0.5188748727099499,1.8814107367710842,0.13693759987198142,2.2548320032681177,-0.7550024521340402,-2.3612838531935156,-1.6465988227160089,1.1775334141464948,1.5785887369943876,0.375239584811966
1.1330273684329804,1.7695604781144907,-1.9371027786813952,-1.6111149213934104,0.5188610646167028,1.8814755848642166,0.1370048831821971,2.2548410776906804,-0.7550071247834447,-2.361270378747246,-1.6465699739587758,1.1774599791517797,1.578617984156266,0.3751925207946579
