0.3487042108982957,9.792124498915809e-06,0.3249999960674694,1.817159658222034e-07,7.770333620707441e-07,0.7043187546921246,0.7098838579572705
0.34895431089829565,9.792124498915809e-06,0.3261987960674694,1.817159658222034e-07,7.770333620707441e-07,0.7043187546921246,0.7098838579572705
0.3492046108982957,9.792124498915809e-06,0.32739519606746936,1.817159658222034e-07,7.770333620707441e-07,0.7043187546921246,0.7098838579572705
0.3494551108982957,9.792124498915809e-06,0.3285891960674694,1.817159658222034e-07,7.770333620707441e-07,0.7043187546921246,0.7098838579572705
0.34970581089829567,9.792124498915809e-06,0.3297807960674694,1.817159658222034e-07,7.770333620707441e-07,0.7043187546921246,0.7098838579572705
0.34995671089829566,9.792124498915809e-06,0.3309699960674694,1.817159658222034e-07,7.770333620707441e-07,0.7043187546921246,0.7098838579572705
0.35020781089829567,9.792124498915809e-06,0.33215679606746934,1.817159658222034e-07,7.770333620707441e-07,0.7043187546921246,0.7098838579572705
0.3504591108982956,9.792124498915809e-06,0.33334119606746937,1.817159658222034e-07,7.770333620707441e-07,0.7043187546921246,0.7098838579572705
0.3507106108982957,9.792124498915809e-06,0.3345231960674694,1.817159658222034e-07,7.770333620707441e-07,0.7043187546921246,0.7098838579572705
0.35096231089829566,9.792124498915809e-06,0.33570279606746933,1.817159658222034e-07,7.770333620707441e-07,0.7043187546921246,0.7098838579572705
0.3512142108982957,9.792124498915809e-06,0.3368799960674694,1.817159658222034e-07,7.770333620707441e-07,0.7043187546921246,0.7098838579572705
0.35146631089829566,9.792124498915809e-06,0.33805479606746935,1.817159658222034e-07,7.770333620707441e-07,0.7043187546921246,0.7098838579572705
0.3517186108982957,9.792124498915809e-06,0.3392271960674694,1.817159658222034e-07,7.770333620707441e-07,0.7043187546921246,0.7098838579572705
0.35197111089829564,9.792124498915809e-06,0.3403971960674694,1.817159658222034e-07,7.770333620707441e-07,0.7043187546921246,0.7098838579572705
0.3522238108982957,9.792124498915809e-06,0.34156479606746937,1.817159658222034e-07,7.770333620707441e-07,0.7043187546921246,0.7098838579572705
0.35247671089829563,9.792124498915809e-06,0.3427299960674694,1.817159658222034e-07,7.770333620707441e-07,0.7043187546921246,0.7098838579572705
0.3527298108982957,9.792124498915809e-06,0.34389279606746936,1.817159658222034e-07,7.770333620707441e-07,0.7043187546921246,0.7098838579572705
0.35298311089829565,9.792124498915809e-06,0.3450531960674694,1.817159658222034e-07,7.770333620707441e-07,0.7043187546921246,0.7098838579572705
0.35323661089829567,9.792124498915809e-06,0.34621119606746936,1.817159658222034e-07,7.770333620707441e-07,0.7043187546921246,0.7098838579572705
0.35349031089829563,9.792124498915809e-06,0.34736679606746934,1.817159658222034e-07,7.770333620707441e-07,0.7043187546921246,0.7098838579572705
0.35374421089829566,9.792124498915809e-06,0.3485199960674694,1.817159658222034e-07,7.770333620707441e-07,0.7043187546921246,0.7098838579572705
0.35399831089829564,9.792124498915809e-06,0.34967079606746937,1.817159658222034e-07,7.770333620707441e-07,0.7043187546921246,0.7098838579572705
0.3542526108982957,9.792124498915809e-06,0.35081919606746936,1.817159658222034e-07,7.770333620707441e-07,0.7043187546921246,0.7098838579572705
0.3545071108982957,9.792124498915809e-06,0.3519651960674694,1.817159658222034e-07,7.770333620707441e-07,0.7043187546921246,0.7098838579572705
0.35476181089829567,9.792124498915809e-06,0.35310879606746937,1.817159658222034e-07,7.770333620707441e-07,0.7043187546921246,0.7098838579572705
0.3550167108982957,9.792124498915809e-06,0.3542499960674694,1.817159658222034e-07,7.770333620707441e-07,0.7043187546921246,0.7098838579572705
0.3552718108982957,9.792124498915809e-06,0.35538879606746937,1.817159658222034e-07,7.770333620707441e-07,0.7043187546921246,0.7098838579572705
0.35552711089829564,9.792124498915809e-06,0.35652519606746935,1.817159658222034e-07,7.770333620707441e-07,0.7043187546921246,0.7098838579572705
0.35578261089829566,9.792124498915809e-06,0.3576591960674694,1.817159658222034e-07,7.770333620707441e-07,0.7043187546921246,0.7098838579572705
0.35603831089829563,9.792124498915809e-06,0.3587907960674694,1.817159658222034e-07,7.770333620707441e-07,0.7043187546921246,0.7098838579572705
0.35629421089829566,9.792124498915809e-06,0.3599199960674693,1.817159658222034e-07,7.770333620707441e-07,0.7043187546921246,0.7098838579572705
0.35655031089829564,9.792124498915809e-06,0.36104679606746937,1.817159658222034e-07,7.770333620707441e-07,0.7043187546921246,0.7098838579572705
0.3568066108982957,9.792124498915809e-06,0.3621711960674694,1.817159658222034e-07,7.770333620707441e-07,0.7043187546921246,0.7098838579572705
0.3570631108982957,9.792124498915809e-06,0.3632931960674694,1.817159658222034e-07,7.770333620707441e-07,0.7043187546921246,0.7098838579572705
0.3573198108982957,9.792124498915809e-06,0.3644127960674694,1.817159658222034e-07,7.770333620707441e-07,0.7043187546921246,0.7098838579572705
0.3575767108982957,9.792124498915809e-06,0.36552999606746933,1.817159658222034e-07,7.770333620707441e-07,0.7043187546921246,0.7098838579572705
0.3578338108982957,9.792124498915809e-06,0.3666447960674694,1.817159658222034e-07,7.770333620707441e-07,0.7043187546921246,0.7098838579572705
0.35809111089829565,9.792124498915809e-06,0.36775719606746937,1.817159658222034e-07,7.770333620707441e-07,0.7043187546921246,0.7098838579572705
0.35834861089829567,9.792124498915809e-06,0.3688671960674694,1.817159658222034e-07,7.770333620707441e-07,0.7043187546921246,0.7098838579572705
0.35860631089829564,9.792124498915809e-06,0.36997479606746936,1.817159658222034e-07,7.770333620707441e-07,0.7043187546921246,0.7098838579572705
0.3588642108982957,9.792124498915809e-06,0.3710799960674694,1.817159658222034e-07,7.770333620707441e-07,0.7043187546921246,0.7098838579572705
0.35912231089829566,9.792124498915809e-06,0.3721827960674694,1.817159658222034e-07,7.770333620707441e-07,0.7043187546921246,0.7098838579572705
0.3593806108982957,9.792124498915809e-06,0.3732831960674694,1.817159658222034e-07,7.770333620707441e-07,0.7043187546921246,0.7098838579572705
0.35963911089829564,9.792124498915809e-06,0.37438119606746934,1.817159658222034e-07,7.770333620707441e-07,0.7043187546921246,0.7098838579572705
0.3598978108982957,9.792124498915809e-06,0.37547679606746936,1.817159658222034e-07,7.770333620707441e-07,0.7043187546921246,0.7098838579572705
0.36015671089829565,9.792124498915809e-06,0.3765699960674694,1.817159658222034e-07,7.770333620707441e-07,0.7043187546921246,0.7098838579572705
0.36041581089829566,9.792124498915809e-06,0.37766079606746933,1.817159658222034e-07,7.770333620707441e-07,0.7043187546921246,0.7098838579572705
0.3606751108982957,9.792124498915809e-06,0.3787491960674694,1.817159658222034e-07,7.770333620707441e-07,0.7043187546921246,0.7098838579572705
0.3609346108982957,9.792124498915809e-06,0.37983519606746935,1.817159658222034e-07,7.770333620707441e-07,0.7043187546921246,0.7098838579572705
0.3611943108982957,9.792124498915809e-06,0.3809187960674694,1.817159658222034e-07,7.770333620707441e-07,0.7043187546921246,0.7098838579572705
0.3614542108982957,9.792124498915809e-06,0.38199999606746937,1.817159658222034e-07,7.770333620707441e-07,0.7043187546921246,0.7098838579572705
0.36171431089829564,9.792124498915809e-06,0.38307879606746936,1.817159658222034e-07,7.770333620707441e-07,0.7043187546921246,0.7098838579572705
0.3619746108982957,9.792124498915809e-06,0.3841551960674694,1.817159658222034e-07,7.770333620707441e-07,0.7043187546921246,0.7098838579572705
0.3622351108982957,9.792124498915809e-06,0.38522919606746936,1.817159658222034e-07,7.770333620707441e-07,0.7043187546921246,0.7098838579572705
0.3624958108982957,9.792124498915809e-06,0.3863007960674694,1.817159658222034e-07,7.770333620707441e-07,0.7043187546921246,0.7098838579572705
0.36275671089829564,9.792124498915809e-06,0.38736999606746936,1.817159658222034e-07,7.770333620707441e-07,0.7043187546921246,0.7098838579572705
0.3630178108982957,9.792124498915809e-06,0.38843679606746934,1.817159658222034e-07,7.770333620707441e-07,0.7043187546921246,0.7098838579572705
0.3632791108982957,9.792124498915809e-06,0.3895011960674694,1.817159658222034e-07,7.770333620707441e-07,0.7043187546921246,0.7098838579572705
0.3635406108982957,9.792124498915809e-06,0.39056319606746936,1.817159658222034e-07,7.770333620707441e-07,0.7043187546921246,0.7098838579572705
0.3638023108982957,9.792124498915809e-06,0.39162279606746936,1.817159658222034e-07,7.770333620707441e-07,0.7043187546921246,0.7098838579572705
0.36406421089829566,9.792124498915809e-06,0.3926799960674694,1.817159658222034e-07,7.770333620707441e-07,0.7043187546921246,0.7098838579572705
0.36432631089829565,9.792124498915809e-06,0.39373479606746936,1.817159658222034e-07,7.770333620707441e-07,0.7043187546921246,0.7098838579572705
0.3645886108982957,9.792124498915809e-06,0.39478719606746937,1.817159658222034e-07,7.770333620707441e-07,0.7043187546921246,0.7098838579572705
0.36485111089829564,9.792124498915809e-06,0.39583719606746937,1.817159658222034e-07,7.770333620707441e-07,0.7043187546921246,0.7098838579572705
0.36511381089829564,9.792124498915809e-06,0.39688479606746935,1.817159658222034e-07,7.770333620707441e-07,0.7043187546921246,0.7098838579572705
0.36537671089829565,9.792124498915809e-06,0.39792999606746937,1.817159658222034e-07,7.770333620707441e-07,0.7043187546921246,0.7098838579572705
0.36563981089829567,9.792124498915809e-06,0.3989727960674694,1.817159658222034e-07,7.770333620707441e-07,0.7043187546921246,0.7098838579572705
0.3659031108982957,9.792124498915809e-06,0.4000131960674693,1.817159658222034e-07,7.770333620707441e-07,0.7043187546921246,0.7098838579572705
0.36616661089829566,9.792124498915809e-06,0.40105119606746936,1.817159658222034e-07,7.770333620707441e-07,0.7043187546921246,0.7098838579572705
0.36643031089829564,9.792124498915809e-06,0.4020867960674694,1.817159658222034e-07,7.770333620707441e-07,0.7043187546921246,0.7098838579572705
0.3666942108982956,9.792124498915809e-06,0.4031199960674694,1.817159658222034e-07,7.770333620707441e-07,0.7043187546921246,0.7098838579572705
0.36695831089829567,9.792124498915809e-06,0.4041507960674694,1.817159658222034e-07,7.770333620707441e-07,0.7043187546921246,0.7098838579572705
0.36722261089829566,9.792124498915809e-06,0.4051791960674693,1.817159658222034e-07,7.770333620707441e-07,0.7043187546921246,0.7098838579572705
0.36748711089829567,9.792124498915809e-06,0.4062051960674694,1.817159658222034e-07,7.770333620707441e-07,0.7043187546921246,0.7098838579572705
0.3677518108982956,9.792124498915809e-06,0.40722879606746937,1.817159658222034e-07,7.770333620707441e-07,0.7043187546921246,0.7098838579572705
0.3680167108982957,9.792124498915809e-06,0.4082499960674694,1.817159658222034e-07,7.770333620707441e-07,0.7043187546921246,0.7098838579572705
0.36828181089829565,9.792124498915809e-06,0.40926879606746935,1.817159658222034e-07,7.770333620707441e-07,0.7043187546921246,0.7098838579572705
0.36854711089829567,9.792124498915809e-06,0.4102851960674694,1.817159658222034e-07,7.770333620707441e-07,0.7043187546921246,0.7098838579572705
0.36881261089829565,9.792124498915809e-06,0.4112991960674694,1.817159658222034e-07,7.770333620707441e-07,0.7043187546921246,0.7098838579572705
0.3690783108982957,9.792124498915809e-06,0.41231079606746934,1.817159658222034e-07,7.770333620707441e-07,0.7043187546921246,0.7098838579572705
0.36934421089829567,9.792124498915809e-06,0.4133199960674694,1.817159658222034e-07,7.770333620707441e-07,0.7043187546921246,0.7098838579572705
0.36961031089829566,9.792124498915809e-06,0.41432679606746936,1.817159658222034e-07,7.770333620707441e-07,0.7043187546921246,0.7098838579572705
0.36987661089829565,9.792124498915809e-06,0.4153311960674694,1.817159658222034e-07,7.770333620707441e-07,0.7043187546921246,0.7098838579572705
0.37014311089829566,9.792124498915809e-06,0.4163331960674694,1.817159658222034e-07,7.770333620707441e-07,0.7043187546921246,0.7098838579572705
0.37040981089829567,9.792124498915809e-06,0.41733279606746937,1.817159658222034e-07,7.770333620707441e-07,0.7043187546921246,0.7098838579572705
0.3706767108982957,9.792124498915809e-06,0.41832999606746935,1.817159658222034e-07,7.770333620707441e-07,0.7043187546921246,0.7098838579572705
0.37094381089829565,9.792124498915809e-06,0.4193247960674694,1.817159658222034e-07,7.770333620707441e-07,0.7043187546921246,0.7098838579572705
0.37121111089829567,9.792124498915809e-06,0.42031719606746937,1.817159658222034e-07,7.770333620707441e-07,0.7043187546921246,0.7098838579572705
0.37147861089829565,9.792124498915809e-06,0.42130719606746936,1.817159658222034e-07,7.770333620707441e-07,0.7043187546921246,0.7098838579572705
0.3717463108982957,9.792124498915809e-06,0.4222947960674694,1.817159658222034e-07,7.770333620707441e-07,0.7043187546921246,0.7098838579572705
0.3720142108982956,9.792124498915809e-06,0.42327999606746936,1.817159658222034e-07,7.770333620707441e-07,0.7043187546921246,0.7098838579572705
0.37228231089829567,9.792124498915809e-06,0.4242627960674694,1.817159658222034e-07,7.770333620707441e-07,0.7043187546921246,0.7098838579572705
0.37255061089829566,9.792124498915809e-06,0.42524319606746935,1.817159658222034e-07,7.770333620707441e-07,0.7043187546921246,0.7098838579572705
0.37281911089829567,9.792124498915809e-06,0.42622119606746933,1.817159658222034e-07,7.770333620707441e-07,0.7043187546921246,0.7098838579572705
0.3730878108982956,9.792124498915809e-06,0.4271967960674694,1.817159658222034e-07,7.770333620707441e-07,0.7043187546921246,0.7098838579572705
0.3733567108982957,9.792124498915809e-06,0.42816999606746936,1.817159658222034e-07,7.770333620707441e-07,0.7043187546921246,0.7098838579572705
0.37362581089829566,9.792124498915809e-06,0.4291407960674694,1.817159658222034e-07,7.770333620707441e-07,0.7043187546921246,0.7098838579572705
0.3738951108982957,9.792124498915809e-06,0.4301091960674694,1.817159658222034e-07,7.770333620707441e-07,0.7043187546921246,0.7098838579572705
0.37416461089829567,9.792124498915809e-06,0.43107519606746936,1.817159658222034e-07,7.770333620707441e-07,0.7043187546921246,0.7098838579572705
0.37443431089829565,9.792124498915809e-06,0.4320387960674693,1.817159658222034e-07,7.770333620707441e-07,0.7043187546921246,0.7098838579572705
0.37470421089829564,9.792124498915809e-06,0.43299999606746936,1.817159658222034e-07,7.770333620707441e-07,0.7043187546921246,0.7098838579572705
0.3749743108982957,9.792124498915809e-06,0.4339587960674694,1.817159658222034e-07,7.770333620707441e-07,0.7043187546921246,0.7098838579572705
0.37524461089829564,9.792124498915809e-06,0.43491519606746937,1.817159658222034e-07,7.770333620707441e-07,0.7043187546921246,0.7098838579572705
0.3755151108982957,9.792124498915809e-06,0.4358691960674694,1.817159658222034e-07,7.770333620707441e-07,0.7043187546921246,0.7098838579572705
0.37578581089829566,9.792124498915809e-06,0.4368207960674693,1.817159658222034e-07,7.770333620707441e-07,0.7043187546921246,0.7098838579572705
0.3760567108982957,9.792124498915809e-06,0.43776999606746936,1.817159658222034e-07,7.770333620707441e-07,0.7043187546921246,0.7098838579572705
0.37632781089829564,9.792124498915809e-06,0.4387167960674694,1.817159658222034e-07,7.770333620707441e-07,0.7043187546921246,0.7098838579572705
0.3765991108982957,9.792124498915809e-06,0.4396611960674694,1.817159658222034e-07,7.770333620707441e-07,0.7043187546921246,0.7098838579572705
0.37687061089829565,9.792124498915809e-06,0.4406031960674694,1.817159658222034e-07,7.770333620707441e-07,0.7043187546921246,0.7098838579572705
0.3771423108982957,9.792124498915809e-06,0.4415427960674693,1.817159658222034e-07,7.770333620707441e-07,0.7043187546921246,0.7098838579572705
0.37741421089829563,9.792124498915809e-06,0.4424799960674694,1.817159658222034e-07,7.770333620707441e-07,0.7043187546921246,0.7098838579572705
0.3776863108982957,9.792124498915809e-06,0.4434147960674694,1.817159658222034e-07,7.770333620707441e-07,0.7043187546921246,0.7098838579572705
0.37795861089829563,9.792124498915809e-06,0.4443471960674694,1.817159658222034e-07,7.770333620707441e-07,0.7043187546921246,0.7098838579572705
0.3782311108982957,9.792124498915809e-06,0.44527719606746935,1.817159658222034e-07,7.770333620707441e-07,0.7043187546921246,0.7098838579572705
0.37850381089829566,9.792124498915809e-06,0.4462047960674693,1.817159658222034e-07,7.770333620707441e-07,0.7043187546921246,0.7098838579572705
0.3787767108982957,9.792124498915809e-06,0.4471299960674694,1.817159658222034e-07,7.770333620707441e-07,0.7043187546921246,0.7098838579572705
0.37904981089829565,9.792124498915809e-06,0.4480527960674694,1.817159658222034e-07,7.770333620707441e-07,0.7043187546921246,0.7098838579572705
0.3793231108982956,9.792124498915809e-06,0.4489731960674694,1.817159658222034e-07,7.770333620707441e-07,0.7043187546921246,0.7098838579572705
0.37959661089829566,9.792124498915809e-06,0.44989119606746936,1.817159658222034e-07,7.770333620707441e-07,0.7043187546921246,0.7098838579572705
0.3798703108982957,9.792124498915809e-06,0.4508067960674694,1.817159658222034e-07,7.770333620707441e-07,0.7043187546921246,0.7098838579572705
0.38014421089829564,9.792124498915809e-06,0.4517199960674693,1.817159658222034e-07,7.770333620707441e-07,0.7043187546921246,0.7098838579572705
0.38041831089829564,9.792124498915809e-06,0.45263079606746937,1.817159658222034e-07,7.770333620707441e-07,0.7043187546921246,0.7098838579572705
0.38069261089829565,9.792124498915809e-06,0.4535391960674694,1.817159658222034e-07,7.770333620707441e-07,0.7043187546921246,0.7098838579572705
0.38096711089829566,9.792124498915809e-06,0.45444519606746936,1.817159658222034e-07,7.770333620707441e-07,0.7043187546921246,0.7098838579572705
0.3812418108982957,9.792124498915809e-06,0.45534879606746936,1.817159658222034e-07,7.770333620707441e-07,0.7043187546921246,0.7098838579572705
0.38151671089829564,9.792124498915809e-06,0.45624999606746935,1.817159658222034e-07,7.770333620707441e-07,0.7043187546921246,0.7098838579572705
0.38179181089829567,9.792124498915809e-06,0.4571487960674694,1.817159658222034e-07,7.770333620707441e-07,0.7043187546921246,0.7098838579572705
0.3820671108982957,9.792124498915809e-06,0.4580451960674694,1.817159658222034e-07,7.770333620707441e-07,0.7043187546921246,0.7098838579572705
0.38234261089829563,9.792124498915809e-06,0.4589391960674694,1.817159658222034e-07,7.770333620707441e-07,0.7043187546921246,0.7098838579572705
0.3826183108982956,9.792124498915809e-06,0.45983079606746935,1.817159658222034e-07,7.770333620707441e-07,0.7043187546921246,0.7098838579572705
0.3828942108982957,9.792124498915809e-06,0.46071999606746933,1.817159658222034e-07,7.770333620707441e-07,0.7043187546921246,0.7098838579572705
0.3831703108982957,9.792124498915809e-06,0.4616067960674694,1.817159658222034e-07,7.770333620707441e-07,0.7043187546921246,0.7098838579572705
0.3834466108982957,9.792124498915809e-06,0.4624911960674694,1.817159658222034e-07,7.770333620707441e-07,0.7043187546921246,0.7098838579572705
0.38372311089829564,9.792124498915809e-06,0.4633731960674694,1.817159658222034e-07,7.770333620707441e-07,0.7043187546921246,0.7098838579572705
0.38399981089829566,9.792124498915809e-06,0.4642527960674694,1.817159658222034e-07,7.770333620707441e-07,0.7043187546921246,0.7098838579572705
0.3842767108982957,9.792124498915809e-06,0.46512999606746935,1.817159658222034e-07,7.770333620707441e-07,0.7043187546921246,0.7098838579572705
0.38455381089829566,9.792124498915809e-06,0.46600479606746936,1.817159658222034e-07,7.770333620707441e-07,0.7043187546921246,0.7098838579572705
0.38483111089829564,9.792124498915809e-06,0.4668771960674694,1.817159658222034e-07,7.770333620707441e-07,0.7043187546921246,0.7098838579572705
0.3851086108982957,9.792124498915809e-06,0.4677471960674694,1.817159658222034e-07,7.770333620707441e-07,0.7043187546921246,0.7098838579572705
0.3853863108982956,9.792124498915809e-06,0.46861479606746936,1.817159658222034e-07,7.770333620707441e-07,0.7043187546921246,0.7098838579572705
0.38566421089829567,9.792124498915809e-06,0.4694799960674694,1.817159658222034e-07,7.770333620707441e-07,0.7043187546921246,0.7098838579572705
0.3859423108982956,9.792124498915809e-06,0.4703427960674693,1.817159658222034e-07,7.770333620707441e-07,0.7043187546921246,0.7098838579572705
0.3862206108982957,9.792124498915809e-06,0.47120319606746935,1.817159658222034e-07,7.770333620707441e-07,0.7043187546921246,0.7098838579572705
0.38649911089829564,9.792124498915809e-06,0.4720611960674694,1.817159658222034e-07,7.770333620707441e-07,0.7043187546921246,0.7098838579572705
0.38677781089829566,9.792124498915809e-06,0.4729167960674694,1.817159658222034e-07,7.770333620707441e-07,0.7043187546921246,0.7098838579572705
0.38705671089829563,9.792124498915809e-06,0.4737699960674694,1.817159658222034e-07,7.770333620707441e-07,0.7043187546921246,0.7098838579572705
0.38733581089829566,9.792124498915809e-06,0.4746207960674693,1.817159658222034e-07,7.770333620707441e-07,0.7043187546921246,0.7098838579572705
0.38761511089829565,9.792124498915809e-06,0.47546919606746935,1.817159658222034e-07,7.770333620707441e-07,0.7043187546921246,0.7098838579572705
0.3878946108982957,9.792124498915809e-06,0.4763151960674694,1.817159658222034e-07,7.770333620707441e-07,0.7043187546921246,0.7098838579572705
0.3881743108982956,9.792124498915809e-06,0.4771587960674694,1.817159658222034e-07,7.770333620707441e-07,0.7043187546921246,0.7098838579572705
0.3884542108982957,9.792124498915809e-06,0.47799999606746935,1.817159658222034e-07,7.770333620707441e-07,0.7043187546921246,0.7098838579572705
0.38873431089829563,9.792124498915809e-06,0.4788387960674694,1.817159658222034e-07,7.770333620707441e-07,0.7043187546921246,0.7098838579572705
0.38901461089829564,9.792124498915809e-06,0.47967519606746933,1.817159658222034e-07,7.770333620707441e-07,0.7043187546921246,0.7098838579572705
0.38929511089829566,9.792124498915809e-06,0.48050919606746945,1.817159658222034e-07,7.770333620707441e-07,0.7043187546921246,0.7098838579572705
0.3895758108982957,9.792124498915809e-06,0.4813407960674694,1.817159658222034e-07,7.770333620707441e-07,0.7043187546921246,0.7098838579572705
0.38985671089829566,9.792124498915809e-06,0.48216999606746935,1.817159658222034e-07,7.770333620707441e-07,0.7043187546921246,0.7098838579572705
0.3901378108982957,9.792124498915809e-06,0.48299679606746937,1.817159658222034e-07,7.770333620707441e-07,0.7043187546921246,0.7098838579572705
0.3904191108982956,9.792124498915809e-06,0.4838211960674693,1.817159658222034e-07,7.770333620707441e-07,0.7043187546921246,0.7098838579572705
0.39070061089829566,9.792124498915809e-06,0.4846431960674694,1.817159658222034e-07,7.770333620707441e-07,0.7043187546921246,0.7098838579572705
0.39098231089829566,9.792124498915809e-06,0.4854627960674694,1.817159658222034e-07,7.770333620707441e-07,0.7043187546921246,0.7098838579572705
0.39126421089829566,9.792124498915809e-06,0.48627999606746936,1.817159658222034e-07,7.770333620707441e-07,0.7043187546921246,0.7098838579572705
0.39154631089829567,9.792124498915809e-06,0.48709479606746936,1.817159658222034e-07,7.770333620707441e-07,0.7043187546921246,0.7098838579572705
0.3918286108982957,9.792124498915809e-06,0.48790719606746935,1.817159658222034e-07,7.770333620707441e-07,0.7043187546921246,0.7098838579572705
0.39211111089829565,9.792124498915809e-06,0.48871719606746944,1.817159658222034e-07,7.770333620707441e-07,0.7043187546921246,0.7098838579572705
0.39239381089829567,9.792124498915809e-06,0.4895247960674694,1.817159658222034e-07,7.770333620707441e-07,0.7043187546921246,0.7098838579572705
0.39267671089829564,9.792124498915809e-06,0.4903299960674694,1.817159658222034e-07,7.770333620707441e-07,0.7043187546921246,0.7098838579572705
0.3929598108982957,9.792124498915809e-06,0.49113279606746935,1.817159658222034e-07,7.770333620707441e-07,0.7043187546921246,0.7098838579572705
0.39324311089829567,9.792124498915809e-06,0.4919331960674693,1.817159658222034e-07,7.770333620707441e-07,0.7043187546921246,0.7098838579572705
0.39352661089829566,9.792124498915809e-06,0.49273119606746935,1.817159658222034e-07,7.770333620707441e-07,0.7043187546921246,0.7098838579572705
0.39381031089829566,9.792124498915809e-06,0.4935267960674693,1.817159658222034e-07,7.770333620707441e-07,0.7043187546921246,0.7098838579572705
0.39409421089829566,9.792124498915809e-06,0.4943199960674694,1.817159658222034e-07,7.770333620707441e-07,0.7043187546921246,0.7098838579572705
0.39437831089829567,9.792124498915809e-06,0.4951107960674694,1.817159658222034e-07,7.770333620707441e-07,0.7043187546921246,0.7098838579572705
0.3946626108982957,9.792124498915809e-06,0.49589919606746935,1.817159658222034e-07,7.770333620707441e-07,0.7043187546921246,0.7098838579572705
0.39494711089829565,9.792124498915809e-06,0.4966851960674693,1.817159658222034e-07,7.770333620707441e-07,0.7043187546921246,0.7098838579572705
0.3952318108982957,9.792124498915809e-06,0.4974687960674693,1.817159658222034e-07,7.770333620707441e-07,0.7043187546921246,0.7098838579572705
0.39551671089829565,9.792124498915809e-06,0.4982499960674694,1.817159658222034e-07,7.770333620707441e-07,0.7043187546921246,0.7098838579572705
0.3958018108982957,9.792124498915809e-06,0.49902879606746936,1.817159658222034e-07,7.770333620707441e-07,0.7043187546921246,0.7098838579572705
0.3960871108982956,9.792124498915809e-06,0.49980519606746937,1.817159658222034e-07,7.770333620707441e-07,0.7043187546921246,0.7098838579572705
0.3963726108982957,9.792124498915809e-06,0.5005791960674694,1.817159658222034e-07,7.770333620707441e-07,0.7043187546921246,0.7098838579572705
0.3966583108982957,9.792124498915809e-06,0.5013507960674694,1.817159658222034e-07,7.770333620707441e-07,0.7043187546921246,0.7098838579572705
0.3969442108982957,9.792124498915809e-06,0.5021199960674694,1.817159658222034e-07,7.770333620707441e-07,0.7043187546921246,0.7098838579572705
0.39723031089829564,9.792124498915809e-06,0.5028867960674693,1.817159658222034e-07,7.770333620707441e-07,0.7043187546921246,0.7098838579572705
0.3975166108982956,9.792124498915809e-06,0.5036511960674693,1.817159658222034e-07,7.770333620707441e-07,0.7043187546921246,0.7098838579572705
0.3978031108982957,9.792124498915809e-06,0.5044131960674694,1.817159658222034e-07,7.770333620707441e-07,0.7043187546921246,0.7098838579572705
0.3980898108982957,9.792124498915809e-06,0.5051727960674693,1.817159658222034e-07,7.770333620707441e-07,0.7043187546921246,0.7098838579572705
0.3983767108982956,9.792124498915809e-06,0.5059299960674694,1.817159658222034e-07,7.770333620707441e-07,0.7043187546921246,0.7098838579572705
0.3986638108982956,9.792124498915809e-06,0.5066847960674694,1.817159658222034e-07,7.770333620707441e-07,0.7043187546921246,0.7098838579572705
0.39895111089829566,9.792124498915809e-06,0.5074371960674694,1.817159658222034e-07,7.770333620707441e-07,0.7043187546921246,0.7098838579572705
0.3992386108982957,9.792124498915809e-06,0.5081871960674693,1.817159658222034e-07,7.770333620707441e-07,0.7043187546921246,0.7098838579572705
0.39952631089829566,9.792124498915809e-06,0.5089347960674693,1.817159658222034e-07,7.770333620707441e-07,0.7043187546921246,0.7098838579572705
0.3998142108982956,9.792124498915809e-06,0.5096799960674694,1.817159658222034e-07,7.770333620707441e-07,0.7043187546921246,0.7098838579572705
0.4001023108982957,9.792124498915809e-06,0.5104227960674694,1.817159658222034e-07,7.770333620707441e-07,0.7043187546921246,0.7098838579572705
0.40039061089829564,9.792124498915809e-06,0.5111631960674694,1.817159658222034e-07,7.770333620707441e-07,0.7043187546921246,0.7098838579572705
0.40067911089829567,9.792124498915809e-06,0.5119011960674693,1.817159658222034e-07,7.770333620707441e-07,0.7043187546921246,0.7098838579572705
0.40096781089829564,9.792124498915809e-06,0.5126367960674694,1.817159658222034e-07,7.770333620707441e-07,0.7043187546921246,0.7098838579572705
0.4012567108982957,9.792124498915809e-06,0.5133699960674695,1.817159658222034e-07,7.770333620707441e-07,0.7043187546921246,0.7098838579572705
0.4015458108982956,9.792124498915809e-06,0.5141007960674694,1.817159658222034e-07,7.770333620707441e-07,0.7043187546921246,0.7098838579572705
0.40183511089829566,9.792124498915809e-06,0.5148291960674694,1.817159658222034e-07,7.770333620707441e-07,0.7043187546921246,0.7098838579572705
0.40212461089829565,9.792124498915809e-06,0.5155551960674694,1.817159658222034e-07,7.770333620707441e-07,0.7043187546921246,0.7098838579572705
0.40241431089829566,9.792124498915809e-06,0.5162787960674693,1.817159658222034e-07,7.770333620707441e-07,0.7043187546921246,0.7098838579572705
0.4027042108982956,9.792124498915809e-06,0.5169999960674694,1.817159658222034e-07,7.770333620707441e-07,0.7043187546921246,0.7098838579572705
0.4029943108982957,9.792124498915809e-06,0.5177187960674694,1.817159658222034e-07,7.770333620707441e-07,0.7043187546921246,0.7098838579572705
0.40328461089829565,9.792124498915809e-06,0.5184351960674694,1.817159658222034e-07,7.770333620707441e-07,0.7043187546921246,0.7098838579572705
0.4035751108982957,9.792124498915809e-06,0.5191491960674693,1.817159658222034e-07,7.770333620707441e-07,0.7043187546921246,0.7098838579572705
0.40386581089829565,9.792124498915809e-06,0.5198607960674694,1.817159658222034e-07,7.770333620707441e-07,0.7043187546921246,0.7098838579572705
0.40415671089829563,9.792124498915809e-06,0.5205699960674693,1.817159658222034e-07,7.770333620707441e-07,0.7043187546921246,0.7098838579572705
0.4044478108982956,9.792124498915809e-06,0.5212767960674694,1.817159658222034e-07,7.770333620707441e-07,0.7043187546921246,0.7098838579572705
0.4047391108982957,9.792124498915809e-06,0.5219811960674694,1.817159658222034e-07,7.770333620707441e-07,0.7043187546921246,0.7098838579572705
0.4050306108982956,9.792124498915809e-06,0.5226831960674694,1.817159658222034e-07,7.770333620707441e-07,0.7043187546921246,0.7098838579572705
0.4053223108982957,9.792124498915809e-06,0.5233827960674694,1.817159658222034e-07,7.770333620707441e-07,0.7043187546921246,0.7098838579572705
0.40561421089829564,9.792124498915809e-06,0.5240799960674695,1.817159658222034e-07,7.770333620707441e-07,0.7043187546921246,0.7098838579572705
0.40590631089829565,9.792124498915809e-06,0.5247747960674694,1.817159658222034e-07,7.770333620707441e-07,0.7043187546921246,0.7098838579572705
0.4061986108982956,9.792124498915809e-06,0.5254671960674694,1.817159658222034e-07,7.770333620707441e-07,0.7043187546921246,0.7098838579572705
0.40649111089829565,9.792124498915809e-06,0.5261571960674694,1.817159658222034e-07,7.770333620707441e-07,0.7043187546921246,0.7098838579572705
0.40678381089829563,9.792124498915809e-06,0.5268447960674694,1.817159658222034e-07,7.770333620707441e-07,0.7043187546921246,0.7098838579572705
0.40707671089829567,9.792124498915809e-06,0.5275299960674694,1.817159658222034e-07,7.770333620707441e-07,0.7043187546921246,0.7098838579572705
0.40736981089829566,9.792124498915809e-06,0.5282127960674693,1.817159658222034e-07,7.770333620707441e-07,0.7043187546921246,0.7098838579572705
0.40766311089829566,9.792124498915809e-06,0.5288931960674694,1.817159658222034e-07,7.770333620707441e-07,0.7043187546921246,0.7098838579572705
0.40795661089829566,9.792124498915809e-06,0.5295711960674694,1.817159658222034e-07,7.770333620707441e-07,0.7043187546921246,0.7098838579572705
0.40825031089829567,9.792124498915809e-06,0.5302467960674694,1.817159658222034e-07,7.770333620707441e-07,0.7043187546921246,0.7098838579572705
0.4085442108982956,9.792124498915809e-06,0.5309199960674694,1.817159658222034e-07,7.770333620707441e-07,0.7043187546921246,0.7098838579572705
0.40883831089829564,9.792124498915809e-06,0.5315907960674693,1.817159658222034e-07,7.770333620707441e-07,0.7043187546921246,0.7098838579572705
0.40913261089829567,9.792124498915809e-06,0.5322591960674694,1.817159658222034e-07,7.770333620707441e-07,0.7043187546921246,0.7098838579572705
0.40942711089829564,9.792124498915809e-06,0.5329251960674694,1.817159658222034e-07,7.770333620707441e-07,0.7043187546921246,0.7098838579572705
0.4097218108982956,9.792124498915809e-06,0.5335887960674693,1.817159658222034e-07,7.770333620707441e-07,0.7043187546921246,0.7098838579572705
0.41001671089829567,9.792124498915809e-06,0.5342499960674695,1.817159658222034e-07,7.770333620707441e-07,0.7043187546921246,0.7098838579572705
0.41031181089829566,9.792124498915809e-06,0.5349087960674693,1.817159658222034e-07,7.770333620707441e-07,0.7043187546921246,0.7098838579572705
0.41060711089829566,9.792124498915809e-06,0.5355651960674694,1.817159658222034e-07,7.770333620707441e-07,0.7043187546921246,0.7098838579572705
0.41090261089829566,9.792124498915809e-06,0.5362191960674694,1.817159658222034e-07,7.770333620707441e-07,0.7043187546921246,0.7098838579572705
0.41119831089829567,9.792124498915809e-06,0.5368707960674693,1.817159658222034e-07,7.770333620707441e-07,0.7043187546921246,0.7098838579572705
0.41149421089829563,9.792124498915809e-06,0.5375199960674695,1.817159658222034e-07,7.770333620707441e-07,0.7043187546921246,0.7098838579572705
0.41179031089829565,9.792124498915809e-06,0.5381667960674693,1.817159658222034e-07,7.770333620707441e-07,0.7043187546921246,0.7098838579572705
0.4120866108982956,9.792124498915809e-06,0.5388111960674694,1.817159658222034e-07,7.770333620707441e-07,0.7043187546921246,0.7098838579572705
0.41238311089829566,9.792124498915809e-06,0.5394531960674693,1.817159658222034e-07,7.770333620707441e-07,0.7043187546921246,0.7098838579572705
0.41267981089829564,9.792124498915809e-06,0.5400927960674694,1.817159658222034e-07,7.770333620707441e-07,0.7043187546921246,0.7098838579572705
0.4129767108982957,9.792124498915809e-06,0.5407299960674693,1.817159658222034e-07,7.770333620707441e-07,0.7043187546921246,0.7098838579572705
0.4132738108982956,9.792124498915809e-06,0.5413647960674693,1.817159658222034e-07,7.770333620707441e-07,0.7043187546921246,0.7098838579572705
0.4135711108982957,9.792124498915809e-06,0.5419971960674694,1.817159658222034e-07,7.770333620707441e-07,0.7043187546921246,0.7098838579572705
0.41386861089829563,9.792124498915809e-06,0.5426271960674693,1.817159658222034e-07,7.770333620707441e-07,0.7043187546921246,0.7098838579572705
0.4141663108982957,9.792124498915809e-06,0.5432547960674694,1.817159658222034e-07,7.770333620707441e-07,0.7043187546921246,0.7098838579572705
0.41446421089829566,9.792124498915809e-06,0.5438799960674694,1.817159658222034e-07,7.770333620707441e-07,0.7043187546921246,0.7098838579572705
0.4147623108982957,9.792124498915809e-06,0.5445027960674693,1.817159658222034e-07,7.770333620707441e-07,0.7043187546921246,0.7098838579572705
0.41506061089829566,9.792124498915809e-06,0.5451231960674694,1.817159658222034e-07,7.770333620707441e-07,0.7043187546921246,0.7098838579572705
0.4153591108982957,9.792124498915809e-06,0.5457411960674694,1.817159658222034e-07,7.770333620707441e-07,0.7043187546921246,0.7098838579572705
0.4156578108982957,9.792124498915809e-06,0.5463567960674693,1.817159658222034e-07,7.770333620707441e-07,0.7043187546921246,0.7098838579572705
0.41595671089829567,9.792124498915809e-06,0.5469699960674693,1.817159658222034e-07,7.770333620707441e-07,0.7043187546921246,0.7098838579572705
0.41625581089829566,9.792124498915809e-06,0.5475807960674693,1.817159658222034e-07,7.770333620707441e-07,0.7043187546921246,0.7098838579572705
0.41655511089829567,9.792124498915809e-06,0.5481891960674694,1.817159658222034e-07,7.770333620707441e-07,0.7043187546921246,0.7098838579572705
0.4168546108982957,9.792124498915809e-06,0.5487951960674693,1.817159658222034e-07,7.770333620707441e-07,0.7043187546921246,0.7098838579572705
0.4171543108982957,9.792124498915809e-06,0.5493987960674693,1.817159658222034e-07,7.770333620707441e-07,0.7043187546921246,0.7098838579572705
0.41745421089829565,9.792124498915809e-06,0.5499999960674694,1.817159658222034e-07,7.770333620707441e-07,0.7043187546921246,0.7098838579572705
0.4177543108982956,9.792124498915809e-06,0.5505987960674693,1.817159658222034e-07,7.770333620707441e-07,0.7043187546921246,0.7098838579572705
0.41805461089829565,9.792124498915809e-06,0.5511951960674695,1.817159658222034e-07,7.770333620707441e-07,0.7043187546921246,0.7098838579572705
0.4183551108982957,9.792124498915809e-06,0.5517891960674695,1.817159658222034e-07,7.770333620707441e-07,0.7043187546921246,0.7098838579572705
0.4186558108982957,9.792124498915809e-06,0.5523807960674694,1.817159658222034e-07,7.770333620707441e-07,0.7043187546921246,0.7098838579572705
0.4189567108982956,9.792124498915809e-06,0.5529699960674693,1.817159658222034e-07,7.770333620707441e-07,0.7043187546921246,0.7098838579572705
0.41925781089829567,9.792124498915809e-06,0.5535567960674693,1.817159658222034e-07,7.770333620707441e-07,0.7043187546921246,0.7098838579572705
0.4195591108982956,9.792124498915809e-06,0.5541411960674694,1.817159658222034e-07,7.770333620707441e-07,0.7043187546921246,0.7098838579572705
0.4198606108982957,9.792124498915809e-06,0.5547231960674693,1.817159658222034e-07,7.770333620707441e-07,0.7043187546921246,0.7098838579572705
0.42016231089829564,9.792124498915809e-06,0.5553027960674695,1.817159658222034e-07,7.770333620707441e-07,0.7043187546921246,0.7098838579572705
0.42046421089829566,9.792124498915809e-06,0.5558799960674694,1.817159658222034e-07,7.770333620707441e-07,0.7043187546921246,0.7098838579572705
0.42076631089829564,9.792124498915809e-06,0.5564547960674694,1.817159658222034e-07,7.770333620707441e-07,0.7043187546921246,0.7098838579572705
0.42106861089829567,9.792124498915809e-06,0.5570271960674694,1.817159658222034e-07,7.770333620707441e-07,0.7043187546921246,0.7098838579572705
0.42137111089829565,9.792124498915809e-06,0.5575971960674693,1.817159658222034e-07,7.770333620707441e-07,0.7043187546921246,0.7098838579572705
0.42167381089829564,9.792124498915809e-06,0.5581647960674694,1.817159658222034e-07,7.770333620707441e-07,0.7043187546921246,0.7098838579572705
0.42197671089829564,9.792124498915809e-06,0.5587299960674694,1.817159658222034e-07,7.770333620707441e-07,0.7043187546921246,0.7098838579572705
0.42227981089829564,9.792124498915809e-06,0.5592927960674694,1.817159658222034e-07,7.770333620707441e-07,0.7043187546921246,0.7098838579572705
0.42258311089829564,9.792124498915809e-06,0.5598531960674693,1.817159658222034e-07,7.770333620707441e-07,0.7043187546921246,0.7098838579572705
0.42288661089829566,9.792124498915809e-06,0.5604111960674694,1.817159658222034e-07,7.770333620707441e-07,0.7043187546921246,0.7098838579572705
0.4231903108982956,9.792124498915809e-06,0.5609667960674694,1.817159658222034e-07,7.770333620707441e-07,0.7043187546921246,0.7098838579572705
0.42349421089829564,9.792124498915809e-06,0.5615199960674694,1.817159658222034e-07,7.770333620707441e-07,0.7043187546921246,0.7098838579572705
0.4237983108982956,9.792124498915809e-06,0.5620707960674693,1.817159658222034e-07,7.770333620707441e-07,0.7043187546921246,0.7098838579572705
0.42410261089829565,9.792124498915809e-06,0.5626191960674695,1.817159658222034e-07,7.770333620707441e-07,0.7043187546921246,0.7098838579572705
0.42440711089829564,9.792124498915809e-06,0.5631651960674693,1.817159658222034e-07,7.770333620707441e-07,0.7043187546921246,0.7098838579572705
0.4247118108982957,9.792124498915809e-06,0.5637087960674694,1.817159658222034e-07,7.770333620707441e-07,0.7043187546921246,0.7098838579572705
0.4250167108982956,9.792124498915809e-06,0.5642499960674693,1.817159658222034e-07,7.770333620707441e-07,0.7043187546921246,0.7098838579572705
0.4253218108982957,9.792124498915809e-06,0.5647887960674693,1.817159658222034e-07,7.770333620707441e-07,0.7043187546921246,0.7098838579572705
0.42562711089829564,9.792124498915809e-06,0.5653251960674693,1.817159658222034e-07,7.770333620707441e-07,0.7043187546921246,0.7098838579572705
0.42593261089829565,9.792124498915809e-06,0.5658591960674693,1.817159658222034e-07,7.770333620707441e-07,0.7043187546921246,0.7098838579572705
0.42623831089829567,9.792124498915809e-06,0.5663907960674694,1.817159658222034e-07,7.770333620707441e-07,0.7043187546921246,0.7098838579572705
0.4265442108982957,9.792124498915809e-06,0.5669199960674693,1.817159658222034e-07,7.770333620707441e-07,0.7043187546921246,0.7098838579572705
0.42685031089829567,9.792124498915809e-06,0.5674467960674694,1.817159658222034e-07,7.770333620707441e-07,0.7043187546921246,0.7098838579572705
0.42715661089829565,9.792124498915809e-06,0.5679711960674694,1.817159658222034e-07,7.770333620707441e-07,0.7043187546921246,0.7098838579572705
0.42746311089829564,9.792124498915809e-06,0.5684931960674693,1.817159658222034e-07,7.770333620707441e-07,0.7043187546921246,0.7098838579572705
0.4277698108982957,9.792124498915809e-06,0.5690127960674695,1.817159658222034e-07,7.770333620707441e-07,0.7043187546921246,0.7098838579572705
0.42807671089829563,9.792124498915809e-06,0.5695299960674693,1.817159658222034e-07,7.770333620707441e-07,0.7043187546921246,0.7098838579572705
0.4283838108982957,9.792124498915809e-06,0.5700447960674694,1.817159658222034e-07,7.770333620707441e-07,0.7043187546921246,0.7098838579572705
0.42869111089829565,9.792124498915809e-06,0.5705571960674694,1.817159658222034e-07,7.770333620707441e-07,0.7043187546921246,0.7098838579572705
0.4289986108982956,9.792124498915809e-06,0.5710671960674694,1.817159658222034e-07,7.770333620707441e-07,0.7043187546921246,0.7098838579572705
0.42930631089829563,9.792124498915809e-06,0.5715747960674694,1.817159658222034e-07,7.770333620707441e-07,0.7043187546921246,0.7098838579572705
0.42961421089829566,9.792124498915809e-06,0.5720799960674693,1.817159658222034e-07,7.770333620707441e-07,0.7043187546921246,0.7098838579572705
0.42992231089829563,9.792124498915809e-06,0.5725827960674694,1.817159658222034e-07,7.770333620707441e-07,0.7043187546921246,0.7098838579572705
0.4302306108982956,9.792124498915809e-06,0.5730831960674694,1.817159658222034e-07,7.770333620707441e-07,0.7043187546921246,0.7098838579572705
0.43053911089829566,9.792124498915809e-06,0.5735811960674693,1.817159658222034e-07,7.770333620707441e-07,0.7043187546921246,0.7098838579572705
0.43084781089829566,9.792124498915809e-06,0.5740767960674694,1.817159658222034e-07,7.770333620707441e-07,0.7043187546921246,0.7098838579572705
0.43115671089829566,9.792124498915809e-06,0.5745699960674693,1.817159658222034e-07,7.770333620707441e-07,0.7043187546921246,0.7098838579572705
0.4314658108982956,9.792124498915809e-06,0.5750607960674694,1.817159658222034e-07,7.770333620707441e-07,0.7043187546921246,0.7098838579572705
0.4317751108982957,9.792124498915809e-06,0.5755491960674693,1.817159658222034e-07,7.770333620707441e-07,0.7043187546921246,0.7098838579572705
0.4320846108982957,9.792124498915809e-06,0.5760351960674693,1.817159658222034e-07,7.770333620707441e-07,0.7043187546921246,0.7098838579572705
0.43239431089829566,9.792124498915809e-06,0.5765187960674694,1.817159658222034e-07,7.770333620707441e-07,0.7043187546921246,0.7098838579572705
0.43270421089829564,9.792124498915809e-06,0.5769999960674693,1.817159658222034e-07,7.770333620707441e-07,0.7043187546921246,0.7098838579572705
0.4330143108982957,9.792124498915809e-06,0.5774787960674693,1.817159658222034e-07,7.770333620707441e-07,0.7043187546921246,0.7098838579572705
0.43332461089829566,9.792124498915809e-06,0.5779551960674694,1.817159658222034e-07,7.770333620707441e-07,0.7043187546921246,0.7098838579572705
0.43363511089829565,9.792124498915809e-06,0.5784291960674693,1.817159658222034e-07,7.770333620707441e-07,0.7043187546921246,0.7098838579572705
0.43394581089829565,9.792124498915809e-06,0.5789007960674695,1.817159658222034e-07,7.770333620707441e-07,0.7043187546921246,0.7098838579572705
0.43425671089829565,9.792124498915809e-06,0.5793699960674693,1.817159658222034e-07,7.770333620707441e-07,0.7043187546921246,0.7098838579572705
0.43456781089829566,9.792124498915809e-06,0.5798367960674694,1.817159658222034e-07,7.770333620707441e-07,0.7043187546921246,0.7098838579572705
0.4348791108982957,9.792124498915809e-06,0.5803011960674693,1.817159658222034e-07,7.770333620707441e-07,0.7043187546921246,0.7098838579572705
0.43519061089829564,9.792124498915809e-06,0.5807631960674694,1.817159658222034e-07,7.770333620707441e-07,0.7043187546921246,0.7098838579572705
0.43550231089829566,9.792124498915809e-06,0.5812227960674693,1.817159658222034e-07,7.770333620707441e-07,0.7043187546921246,0.7098838579572705
0.4358142108982957,9.792124498915809e-06,0.5816799960674693,1.817159658222034e-07,7.770333620707441e-07,0.7043187546921246,0.7098838579572705
0.4361263108982957,9.792124498915809e-06,0.5821347960674694,1.817159658222034e-07,7.770333620707441e-07,0.7043187546921246,0.7098838579572705
0.4364386108982956,9.792124498915809e-06,0.5825871960674693,1.817159658222034e-07,7.770333620707441e-07,0.7043187546921246,0.7098838579572705
0.43675111089829566,9.792124498915809e-06,0.5830371960674694,1.817159658222034e-07,7.770333620707441e-07,0.7043187546921246,0.7098838579572705
0.4370638108982957,9.792124498915809e-06,0.5834847960674694,1.817159658222034e-07,7.770333620707441e-07,0.7043187546921246,0.7098838579572705
0.43737671089829566,9.792124498915809e-06,0.5839299960674693,1.817159658222034e-07,7.770333620707441e-07,0.7043187546921246,0.7098838579572705
0.4376898108982956,9.792124498915809e-06,0.5843727960674694,1.817159658222034e-07,7.770333620707441e-07,0.7043187546921246,0.7098838579572705
0.4380031108982957,9.792124498915809e-06,0.5848131960674693,1.817159658222034e-07,7.770333620707441e-07,0.7043187546921246,0.7098838579572705
0.4383166108982957,9.792124498915809e-06,0.5852511960674693,1.817159658222034e-07,7.770333620707441e-07,0.7043187546921246,0.7098838579572705
0.4386303108982957,9.792124498915809e-06,0.5856867960674693,1.817159658222034e-07,7.770333620707441e-07,0.7043187546921246,0.7098838579572705
0.43894421089829566,9.792124498915809e-06,0.5861199960674693,1.817159658222034e-07,7.770333620707441e-07,0.7043187546921246,0.7098838579572705
0.43925831089829565,9.792124498915809e-06,0.5865507960674694,1.817159658222034e-07,7.770333620707441e-07,0.7043187546921246,0.7098838579572705
0.4395726108982957,9.792124498915809e-06,0.5869791960674694,1.817159658222034e-07,7.770333620707441e-07,0.7043187546921246,0.7098838579572705
0.4398871108982957,9.792124498915809e-06,0.5874051960674693,1.817159658222034e-07,7.770333620707441e-07,0.7043187546921246,0.7098838579572705
0.44020181089829563,9.792124498915809e-06,0.5878287960674694,1.817159658222034e-07,7.770333620707441e-07,0.7043187546921246,0.7098838579572705
0.4405167108982957,9.792124498915809e-06,0.5882499960674693,1.817159658222034e-07,7.770333620707441e-07,0.7043187546921246,0.7098838579572705
0.4408318108982957,9.792124498915809e-06,0.5886687960674695,1.817159658222034e-07,7.770333620707441e-07,0.7043187546921246,0.7098838579572705
0.44114711089829567,9.792124498915809e-06,0.5890851960674692,1.817159658222034e-07,7.770333620707441e-07,0.7043187546921246,0.7098838579572705
0.44146261089829564,9.792124498915809e-06,0.5894991960674694,1.817159658222034e-07,7.770333620707441e-07,0.7043187546921246,0.7098838579572705
0.44177831089829567,9.792124498915809e-06,0.5899107960674693,1.817159658222034e-07,7.770333620707441e-07,0.7043187546921246,0.7098838579572705
0.4420942108982957,9.792124498915809e-06,0.5903199960674693,1.817159658222034e-07,7.770333620707441e-07,0.7043187546921246,0.7098838579572705
0.4424103108982957,9.792124498915809e-06,0.5907267960674694,1.817159658222034e-07,7.770333620707441e-07,0.7043187546921246,0.7098838579572705
0.4427266108982956,9.792124498915809e-06,0.5911311960674694,1.817159658222034e-07,7.770333620707441e-07,0.7043187546921246,0.7098838579572705
0.4430431108982957,9.792124498915809e-06,0.5915331960674693,1.817159658222034e-07,7.770333620707441e-07,0.7043187546921246,0.7098838579572705
0.4433598108982956,9.792124498915809e-06,0.5919327960674694,1.817159658222034e-07,7.770333620707441e-07,0.7043187546921246,0.7098838579572705
0.4436767108982957,9.792124498915809e-06,0.5923299960674693,1.817159658222034e-07,7.770333620707441e-07,0.7043187546921246,0.7098838579572705
0.44399381089829565,9.792124498915809e-06,0.5927247960674693,1.817159658222034e-07,7.770333620707441e-07,0.7043187546921246,0.7098838579572705
0.44431111089829567,9.792124498915809e-06,0.5931171960674693,1.817159658222034e-07,7.770333620707441e-07,0.7043187546921246,0.7098838579572705
0.44462861089829564,9.792124498915809e-06,0.5935071960674694,1.817159658222034e-07,7.770333620707441e-07,0.7043187546921246,0.7098838579572705
0.44494631089829567,9.792124498915809e-06,0.5938947960674694,1.817159658222034e-07,7.770333620707441e-07,0.7043187546921246,0.7098838579572705
0.44526421089829565,9.792124498915809e-06,0.5942799960674694,1.817159658222034e-07,7.770333620707441e-07,0.7043187546921246,0.7098838579572705
0.4455823108982957,9.792124498915809e-06,0.5946627960674694,1.817159658222034e-07,7.770333620707441e-07,0.7043187546921246,0.7098838579572705
0.44590061089829564,9.792124498915809e-06,0.5950431960674694,1.817159658222034e-07,7.770333620707441e-07,0.7043187546921246,0.7098838579572705
0.4462191108982957,9.792124498915809e-06,0.5954211960674693,1.817159658222034e-07,7.770333620707441e-07,0.7043187546921246,0.7098838579572705
0.44653781089829564,9.792124498915809e-06,0.5957967960674694,1.817159658222034e-07,7.770333620707441e-07,0.7043187546921246,0.7098838579572705
0.4468567108982957,9.792124498915809e-06,0.5961699960674693,1.817159658222034e-07,7.770333620707441e-07,0.7043187546921246,0.7098838579572705
0.44717581089829567,9.792124498915809e-06,0.5965407960674693,1.817159658222034e-07,7.770333620707441e-07,0.7043187546921246,0.7098838579572705
0.4474951108982957,9.792124498915809e-06,0.5969091960674693,1.817159658222034e-07,7.770333620707441e-07,0.7043187546921246,0.7098838579572705
0.44781461089829566,9.792124498915809e-06,0.5972751960674694,1.817159658222034e-07,7.770333620707441e-07,0.7043187546921246,0.7098838579572705
0.4481343108982957,9.792124498915809e-06,0.5976387960674694,1.817159658222034e-07,7.770333620707441e-07,0.7043187546921246,0.7098838579572705
0.4484542108982957,9.792124498915809e-06,0.5979999960674693,1.817159658222034e-07,7.770333620707441e-07,0.7043187546921246,0.7098838579572705
0.44877431089829567,9.792124498915809e-06,0.5983587960674694,1.817159658222034e-07,7.770333620707441e-07,0.7043187546921246,0.7098838579572705
0.44909461089829567,9.792124498915809e-06,0.5987151960674693,1.817159658222034e-07,7.770333620707441e-07,0.7043187546921246,0.7098838579572705
0.44941511089829567,9.792124498915809e-06,0.5990691960674694,1.817159658222034e-07,7.770333620707441e-07,0.7043187546921246,0.7098838579572705
0.4497358108982957,9.792124498915809e-06,0.5994207960674693,1.817159658222034e-07,7.770333620707441e-07,0.7043187546921246,0.7098838579572705
0.4500567108982957,9.792124498915809e-06,0.5997699960674694,1.817159658222034e-07,7.770333620707441e-07,0.7043187546921246,0.7098838579572705
0.45037781089829565,9.792124498915809e-06,0.6001167960674694,1.817159658222034e-07,7.770333620707441e-07,0.7043187546921246,0.7098838579572705
0.4506991108982957,9.792124498915809e-06,0.6004611960674693,1.817159658222034e-07,7.770333620707441e-07,0.7043187546921246,0.7098838579572705
0.45102061089829565,9.792124498915809e-06,0.6008031960674693,1.817159658222034e-07,7.770333620707441e-07,0.7043187546921246,0.7098838579572705
0.4513423108982957,9.792124498915809e-06,0.6011427960674693,1.817159658222034e-07,7.770333620707441e-07,0.7043187546921246,0.7098838579572705
0.45166421089829567,9.792124498915809e-06,0.6014799960674694,1.817159658222034e-07,7.770333620707441e-07,0.7043187546921246,0.7098838579572705
0.45198631089829566,9.792124498915809e-06,0.6018147960674693,1.817159658222034e-07,7.770333620707441e-07,0.7043187546921246,0.7098838579572705
0.45230861089829566,9.792124498915809e-06,0.6021471960674694,1.817159658222034e-07,7.770333620707441e-07,0.7043187546921246,0.7098838579572705
0.4526311108982957,9.792124498915809e-06,0.6024771960674694,1.817159658222034e-07,7.770333620707441e-07,0.7043187546921246,0.7098838579572705
0.4529538108982957,9.792124498915809e-06,0.6028047960674694,1.817159658222034e-07,7.770333620707441e-07,0.7043187546921246,0.7098838579572705
0.45327671089829563,9.792124498915809e-06,0.6031299960674694,1.817159658222034e-07,7.770333620707441e-07,0.7043187546921246,0.7098838579572705
0.45359981089829565,9.792124498915809e-06,0.6034527960674694,1.817159658222034e-07,7.770333620707441e-07,0.7043187546921246,0.7098838579572705
0.4539231108982957,9.792124498915809e-06,0.6037731960674694,1.817159658222034e-07,7.770333620707441e-07,0.7043187546921246,0.7098838579572705
0.45424661089829566,9.792124498915809e-06,0.6040911960674694,1.817159658222034e-07,7.770333620707441e-07,0.7043187546921246,0.7098838579572705
0.4545703108982956,9.792124498915809e-06,0.6044067960674693,1.817159658222034e-07,7.770333620707441e-07,0.7043187546921246,0.7098838579572705
0.4548942108982956,9.792124498915809e-06,0.6047199960674694,1.817159658222034e-07,7.770333620707441e-07,0.7043187546921246,0.7098838579572705
0.4552183108982956,9.792124498915809e-06,0.6050307960674693,1.817159658222034e-07,7.770333620707441e-07,0.7043187546921246,0.7098838579572705
0.4555426108982956,9.792124498915809e-06,0.6053391960674693,1.817159658222034e-07,7.770333620707441e-07,0.7043187546921246,0.7098838579572705
0.45586711089829557,9.792124498915809e-06,0.6056451960674694,1.817159658222034e-07,7.770333620707441e-07,0.7043187546921246,0.7098838579572705
0.45619181089829564,9.792124498915809e-06,0.6059487960674694,1.817159658222034e-07,7.770333620707441e-07,0.7043187546921246,0.7098838579572705
0.45651671089829565,9.792124498915809e-06,0.6062499960674694,1.817159658222034e-07,7.770333620707441e-07,0.7043187546921246,0.7098838579572705
0.4568418108982956,9.792124498915809e-06,0.6065487960674694,1.817159658222034e-07,7.770333620707441e-07,0.7043187546921246,0.7098838579572705
0.4571671108982956,9.792124498915809e-06,0.6068451960674693,1.817159658222034e-07,7.770333620707441e-07,0.7043187546921246,0.7098838579572705
0.4574926108982956,9.792124498915809e-06,0.6071391960674695,1.817159658222034e-07,7.770333620707441e-07,0.7043187546921246,0.7098838579572705
0.45781831089829567,9.792124498915809e-06,0.6074307960674693,1.817159658222034e-07,7.770333620707441e-07,0.7043187546921246,0.7098838579572705
0.4581442108982956,9.792124498915809e-06,0.6077199960674694,1.817159658222034e-07,7.770333620707441e-07,0.7043187546921246,0.7098838579572705
0.4584703108982956,9.792124498915809e-06,0.6080067960674693,1.817159658222034e-07,7.770333620707441e-07,0.7043187546921246,0.7098838579572705
0.4587966108982956,9.792124498915809e-06,0.6082911960674693,1.817159658222034e-07,7.770333620707441e-07,0.7043187546921246,0.7098838579572705
0.45912311089829566,9.792124498915809e-06,0.6085731960674694,1.817159658222034e-07,7.770333620707441e-07,0.7043187546921246,0.7098838579572705
0.4594498108982956,9.792124498915809e-06,0.6088527960674693,1.817159658222034e-07,7.770333620707441e-07,0.7043187546921246,0.7098838579572705
0.4597767108982956,9.792124498915809e-06,0.6091299960674694,1.817159658222034e-07,7.770333620707441e-07,0.7043187546921246,0.7098838579572705
0.4601038108982956,9.792124498915809e-06,0.6094047960674693,1.817159658222034e-07,7.770333620707441e-07,0.7043187546921246,0.7098838579572705
0.46043111089829564,9.792124498915809e-06,0.6096771960674694,1.817159658222034e-07,7.770333620707441e-07,0.7043187546921246,0.7098838579572705
0.4607586108982956,9.792124498915809e-06,0.6099471960674694,1.817159658222034e-07,7.770333620707441e-07,0.7043187546921246,0.7098838579572705
0.4610863108982956,9.792124498915809e-06,0.6102147960674693,1.817159658222034e-07,7.770333620707441e-07,0.7043187546921246,0.7098838579572705
0.46141421089829565,9.792124498915809e-06,0.6104799960674694,1.817159658222034e-07,7.770333620707441e-07,0.7043187546921246,0.7098838579572705
0.46174231089829565,9.792124498915809e-06,0.6107427960674694,1.817159658222034e-07,7.770333620707441e-07,0.7043187546921246,0.7098838579572705
0.46207061089829565,9.792124498915809e-06,0.6110031960674693,1.817159658222034e-07,7.770333620707441e-07,0.7043187546921246,0.7098838579572705
0.4623991108982956,9.792124498915809e-06,0.6112611960674694,1.817159658222034e-07,7.770333620707441e-07,0.7043187546921246,0.7098838579572705
0.4627278108982956,9.792124498915809e-06,0.6115167960674693,1.817159658222034e-07,7.770333620707441e-07,0.7043187546921246,0.7098838579572705
0.4630567108982956,9.792124498915809e-06,0.6117699960674694,1.817159658222034e-07,7.770333620707441e-07,0.7043187546921246,0.7098838579572705
0.4633858108982956,9.792124498915809e-06,0.6120207960674693,1.817159658222034e-07,7.770333620707441e-07,0.7043187546921246,0.7098838579572705
0.4637151108982956,9.792124498915809e-06,0.6122691960674693,1.817159658222034e-07,7.770333620707441e-07,0.7043187546921246,0.7098838579572705
0.46404461089829563,9.792124498915809e-06,0.6125151960674693,1.817159658222034e-07,7.770333620707441e-07,0.7043187546921246,0.7098838579572705
0.4643743108982956,9.792124498915809e-06,0.6127587960674693,1.817159658222034e-07,7.770333620707441e-07,0.7043187546921246,0.7098838579572705
0.4647042108982956,9.792124498915809e-06,0.6129999960674695,1.817159658222034e-07,7.770333620707441e-07,0.7043187546921246,0.7098838579572705
0.4650343108982956,9.792124498915809e-06,0.6132387960674693,1.817159658222034e-07,7.770333620707441e-07,0.7043187546921246,0.7098838579572705
0.4653646108982956,9.792124498915809e-06,0.6134751960674694,1.817159658222034e-07,7.770333620707441e-07,0.7043187546921246,0.7098838579572705
0.46569511089829563,9.792124498915809e-06,0.6137091960674694,1.817159658222034e-07,7.770333620707441e-07,0.7043187546921246,0.7098838579572705
0.46602581089829564,9.792124498915809e-06,0.6139407960674693,1.817159658222034e-07,7.770333620707441e-07,0.7043187546921246,0.7098838579572705
0.4663567108982956,9.792124498915809e-06,0.6141699960674694,1.817159658222034e-07,7.770333620707441e-07,0.7043187546921246,0.7098838579572705
0.46668781089829564,9.792124498915809e-06,0.6143967960674693,1.817159658222034e-07,7.770333620707441e-07,0.7043187546921246,0.7098838579572705
0.4670191108982956,9.792124498915809e-06,0.6146211960674693,1.817159658222034e-07,7.770333620707441e-07,0.7043187546921246,0.7098838579572705
0.46735061089829566,9.792124498915809e-06,0.6148431960674694,1.817159658222034e-07,7.770333620707441e-07,0.7043187546921246,0.7098838579572705
0.4676823108982956,9.792124498915809e-06,0.6150627960674694,1.817159658222034e-07,7.770333620707441e-07,0.7043187546921246,0.7098838579572705
0.4680142108982956,9.792124498915809e-06,0.6152799960674693,1.817159658222034e-07,7.770333620707441e-07,0.7043187546921246,0.7098838579572705
0.4683463108982956,9.792124498915809e-06,0.6154947960674694,1.817159658222034e-07,7.770333620707441e-07,0.7043187546921246,0.7098838579572705
0.46867861089829566,9.792124498915809e-06,0.6157071960674694,1.817159658222034e-07,7.770333620707441e-07,0.7043187546921246,0.7098838579572705
0.4690111108982956,9.792124498915809e-06,0.6159171960674694,1.817159658222034e-07,7.770333620707441e-07,0.7043187546921246,0.7098838579572705
0.4693438108982956,9.792124498915809e-06,0.6161247960674694,1.817159658222034e-07,7.770333620707441e-07,0.7043187546921246,0.7098838579572705
0.4696767108982956,9.792124498915809e-06,0.6163299960674694,1.817159658222034e-07,7.770333620707441e-07,0.7043187546921246,0.7098838579572705
0.47000981089829563,9.792124498915809e-06,0.6165327960674692,1.817159658222034e-07,7.770333620707441e-07,0.7043187546921246,0.7098838579572705
0.4703431108982956,9.792124498915809e-06,0.6167331960674693,1.817159658222034e-07,7.770333620707441e-07,0.7043187546921246,0.7098838579572705
0.4706766108982956,9.792124498915809e-06,0.6169311960674693,1.817159658222034e-07,7.770333620707441e-07,0.7043187546921246,0.7098838579572705
0.47101031089829565,9.792124498915809e-06,0.6171267960674693,1.817159658222034e-07,7.770333620707441e-07,0.7043187546921246,0.7098838579572705
0.47134421089829565,9.792124498915809e-06,0.6173199960674695,1.817159658222034e-07,7.770333620707441e-07,0.7043187546921246,0.7098838579572705
0.47167831089829565,9.792124498915809e-06,0.6175107960674693,1.817159658222034e-07,7.770333620707441e-07,0.7043187546921246,0.7098838579572705
0.4720126108982956,9.792124498915809e-06,0.6176991960674694,1.817159658222034e-07,7.770333620707441e-07,0.7043187546921246,0.7098838579572705
0.4723471108982956,9.792124498915809e-06,0.6178851960674694,1.817159658222034e-07,7.770333620707441e-07,0.7043187546921246,0.7098838579572705
0.47268181089829564,9.792124498915809e-06,0.6180687960674693,1.817159658222034e-07,7.770333620707441e-07,0.7043187546921246,0.7098838579572705
0.4730167108982956,9.792124498915809e-06,0.6182499960674694,1.817159658222034e-07,7.770333620707441e-07,0.7043187546921246,0.7098838579572705
0.4733518108982956,9.792124498915809e-06,0.6184287960674694,1.817159658222034e-07,7.770333620707441e-07,0.7043187546921246,0.7098838579572705
0.4736871108982956,9.792124498915809e-06,0.6186051960674693,1.817159658222034e-07,7.770333620707441e-07,0.7043187546921246,0.7098838579572705
0.47402261089829567,9.792124498915809e-06,0.6187791960674695,1.817159658222034e-07,7.770333620707441e-07,0.7043187546921246,0.7098838579572705
0.4743583108982956,9.792124498915809e-06,0.6189507960674694,1.817159658222034e-07,7.770333620707441e-07,0.7043187546921246,0.7098838579572705
0.4746942108982956,9.792124498915809e-06,0.6191199960674695,1.817159658222034e-07,7.770333620707441e-07,0.7043187546921246,0.7098838579572705
0.4750303108982956,9.792124498915809e-06,0.6192867960674693,1.817159658222034e-07,7.770333620707441e-07,0.7043187546921246,0.7098838579572705
0.4753666108982957,9.792124498915809e-06,0.6194511960674693,1.817159658222034e-07,7.770333620707441e-07,0.7043187546921246,0.7098838579572705
0.47570311089829564,9.792124498915809e-06,0.6196131960674693,1.817159658222034e-07,7.770333620707441e-07,0.7043187546921246,0.7098838579572705
0.4760398108982956,9.792124498915809e-06,0.6197727960674694,1.817159658222034e-07,7.770333620707441e-07,0.7043187546921246,0.7098838579572705
0.47637671089829564,9.792124498915809e-06,0.6199299960674693,1.817159658222034e-07,7.770333620707441e-07,0.7043187546921246,0.7098838579572705
0.4767138108982957,9.792124498915809e-06,0.6200847960674692,1.817159658222034e-07,7.770333620707441e-07,0.7043187546921246,0.7098838579572705
0.47705111089829566,9.792124498915809e-06,0.6202371960674694,1.817159658222034e-07,7.770333620707441e-07,0.7043187546921246,0.7098838579572705
0.4773886108982956,9.792124498915809e-06,0.6203871960674693,1.817159658222034e-07,7.770333620707441e-07,0.7043187546921246,0.7098838579572705
0.47772631089829565,9.792124498915809e-06,0.6205347960674694,1.817159658222034e-07,7.770333620707441e-07,0.7043187546921246,0.7098838579572705
0.47806421089829565,9.792124498915809e-06,0.6206799960674694,1.817159658222034e-07,7.770333620707441e-07,0.7043187546921246,0.7098838579572705
0.47840231089829566,9.792124498915809e-06,0.6208227960674693,1.817159658222034e-07,7.770333620707441e-07,0.7043187546921246,0.7098838579572705
0.4787406108982956,9.792124498915809e-06,0.6209631960674694,1.817159658222034e-07,7.770333620707441e-07,0.7043187546921246,0.7098838579572705
0.47907911089829563,9.792124498915809e-06,0.6211011960674693,1.817159658222034e-07,7.770333620707441e-07,0.7043187546921246,0.7098838579572705
0.47941781089829566,9.792124498915809e-06,0.6212367960674694,1.817159658222034e-07,7.770333620707441e-07,0.7043187546921246,0.7098838579572705
0.47975671089829564,9.792124498915809e-06,0.6213699960674695,1.817159658222034e-07,7.770333620707441e-07,0.7043187546921246,0.7098838579572705
0.4800958108982956,9.792124498915809e-06,0.6215007960674693,1.817159658222034e-07,7.770333620707441e-07,0.7043187546921246,0.7098838579572705
0.48043511089829566,9.792124498915809e-06,0.6216291960674695,1.817159658222034e-07,7.770333620707441e-07,0.7043187546921246,0.7098838579572705
0.48077461089829565,9.792124498915809e-06,0.6217551960674694,1.817159658222034e-07,7.770333620707441e-07,0.7043187546921246,0.7098838579572705
0.48111431089829565,9.792124498915809e-06,0.6218787960674693,1.817159658222034e-07,7.770333620707441e-07,0.7043187546921246,0.7098838579572705
0.4814542108982956,9.792124498915809e-06,0.6219999960674695,1.817159658222034e-07,7.770333620707441e-07,0.7043187546921246,0.7098838579572705
0.48179431089829566,9.792124498915809e-06,0.6221187960674693,1.817159658222034e-07,7.770333620707441e-07,0.7043187546921246,0.7098838579572705
0.4821346108982957,9.792124498915809e-06,0.6222351960674694,1.817159658222034e-07,7.770333620707441e-07,0.7043187546921246,0.7098838579572705
0.48247511089829564,9.792124498915809e-06,0.6223491960674693,1.817159658222034e-07,7.770333620707441e-07,0.7043187546921246,0.7098838579572705
0.4828158108982956,9.792124498915809e-06,0.6224607960674694,1.817159658222034e-07,7.770333620707441e-07,0.7043187546921246,0.7098838579572705
0.48315671089829565,9.792124498915809e-06,0.6225699960674693,1.817159658222034e-07,7.770333620707441e-07,0.7043187546921246,0.7098838579572705
0.4834978108982957,9.792124498915809e-06,0.6226767960674693,1.817159658222034e-07,7.770333620707441e-07,0.7043187546921246,0.7098838579572705
0.4838391108982956,9.792124498915809e-06,0.6227811960674694,1.817159658222034e-07,7.770333620707441e-07,0.7043187546921246,0.7098838579572705
0.4841806108982956,9.792124498915809e-06,0.6228831960674692,1.817159658222034e-07,7.770333620707441e-07,0.7043187546921246,0.7098838579572705
0.48452231089829567,9.792124498915809e-06,0.6229827960674694,1.817159658222034e-07,7.770333620707441e-07,0.7043187546921246,0.7098838579572705
0.4848642108982957,9.792124498915809e-06,0.6230799960674694,1.817159658222034e-07,7.770333620707441e-07,0.7043187546921246,0.7098838579572705
0.48520631089829563,9.792124498915809e-06,0.6231747960674694,1.817159658222034e-07,7.770333620707441e-07,0.7043187546921246,0.7098838579572705
0.48554861089829565,9.792124498915809e-06,0.6232671960674694,1.817159658222034e-07,7.770333620707441e-07,0.7043187546921246,0.7098838579572705
0.4858911108982957,9.792124498915809e-06,0.6233571960674693,1.817159658222034e-07,7.770333620707441e-07,0.7043187546921246,0.7098838579572705
0.48623381089829565,9.792124498915809e-06,0.6234447960674694,1.817159658222034e-07,7.770333620707441e-07,0.7043187546921246,0.7098838579572705
0.48657671089829563,9.792124498915809e-06,0.6235299960674694,1.817159658222034e-07,7.770333620707441e-07,0.7043187546921246,0.7098838579572705
0.4869198108982956,9.792124498915809e-06,0.6236127960674693,1.817159658222034e-07,7.770333620707441e-07,0.7043187546921246,0.7098838579572705
0.48726311089829566,9.792124498915809e-06,0.6236931960674694,1.817159658222034e-07,7.770333620707441e-07,0.7043187546921246,0.7098838579572705
0.4876066108982956,9.792124498915809e-06,0.6237711960674693,1.817159658222034e-07,7.770333620707441e-07,0.7043187546921246,0.7098838579572705
0.48795031089829566,9.792124498915809e-06,0.6238467960674694,1.817159658222034e-07,7.770333620707441e-07,0.7043187546921246,0.7098838579572705
0.4882942108982956,9.792124498915809e-06,0.6239199960674693,1.817159658222034e-07,7.770333620707441e-07,0.7043187546921246,0.7098838579572705
0.4886383108982957,9.792124498915809e-06,0.6239907960674693,1.817159658222034e-07,7.770333620707441e-07,0.7043187546921246,0.7098838579572705
0.48898261089829564,9.792124498915809e-06,0.6240591960674693,1.817159658222034e-07,7.770333620707441e-07,0.7043187546921246,0.7098838579572705
0.48932711089829567,9.792124498915809e-06,0.6241251960674692,1.817159658222034e-07,7.770333620707441e-07,0.7043187546921246,0.7098838579572705
0.48967181089829565,9.792124498915809e-06,0.6241887960674695,1.817159658222034e-07,7.770333620707441e-07,0.7043187546921246,0.7098838579572705
0.4900167108982957,9.792124498915809e-06,0.6242499960674692,1.817159658222034e-07,7.770333620707441e-07,0.7043187546921246,0.7098838579572705
0.4903618108982956,9.792124498915809e-06,0.6243087960674694,1.817159658222034e-07,7.770333620707441e-07,0.7043187546921246,0.7098838579572705
0.49070711089829566,9.792124498915809e-06,0.6243651960674694,1.817159658222034e-07,7.770333620707441e-07,0.7043187546921246,0.7098838579572705
0.49105261089829566,9.792124498915809e-06,0.6244191960674693,1.817159658222034e-07,7.770333620707441e-07,0.7043187546921246,0.7098838579572705
0.4913983108982956,9.792124498915809e-06,0.6244707960674694,1.817159658222034e-07,7.770333620707441e-07,0.7043187546921246,0.7098838579572705
0.4917442108982956,9.792124498915809e-06,0.6245199960674692,1.817159658222034e-07,7.770333620707441e-07,0.7043187546921246,0.7098838579572705
0.4920903108982957,9.792124498915809e-06,0.6245667960674692,1.817159658222034e-07,7.770333620707441e-07,0.7043187546921246,0.7098838579572705
0.49243661089829566,9.792124498915809e-06,0.6246111960674694,1.817159658222034e-07,7.770333620707441e-07,0.7043187546921246,0.7098838579572705
0.49278311089829563,9.792124498915809e-06,0.6246531960674693,1.817159658222034e-07,7.770333620707441e-07,0.7043187546921246,0.7098838579572705
0.49312981089829566,9.792124498915809e-06,0.6246927960674694,1.817159658222034e-07,7.770333620707441e-07,0.7043187546921246,0.7098838579572705
0.4934767108982957,9.792124498915809e-06,0.6247299960674695,1.817159658222034e-07,7.770333620707441e-07,0.7043187546921246,0.7098838579572705
0.49382381089829563,9.792124498915809e-06,0.6247647960674694,1.817159658222034e-07,7.770333620707441e-07,0.7043187546921246,0.7098838579572705
0.49417111089829563,9.792124498915809e-06,0.6247971960674694,1.817159658222034e-07,7.770333620707441e-07,0.7043187546921246,0.7098838579572705
0.49451861089829563,9.792124498915809e-06,0.6248271960674694,1.817159658222034e-07,7.770333620707441e-07,0.7043187546921246,0.7098838579572705
0.4948663108982957,9.792124498915809e-06,0.6248547960674695,1.817159658222034e-07,7.770333620707441e-07,0.7043187546921246,0.7098838579572705
0.49521421089829565,9.792124498915809e-06,0.6248799960674692,1.817159658222034e-07,7.770333620707441e-07,0.7043187546921246,0.7098838579572705
0.4955623108982956,9.792124498915809e-06,0.6249027960674693,1.817159658222034e-07,7.770333620707441e-07,0.7043187546921246,0.7098838579572705
0.49591061089829563,9.792124498915809e-06,0.6249231960674693,1.817159658222034e-07,7.770333620707441e-07,0.7043187546921246,0.7098838579572705
0.4962591108982956,9.792124498915809e-06,0.6249411960674693,1.817159658222034e-07,7.770333620707441e-07,0.7043187546921246,0.7098838579572705
0.49660781089829564,9.792124498915809e-06,0.6249567960674693,1.817159658222034e-07,7.770333620707441e-07,0.7043187546921246,0.7098838579572705
0.49695671089829563,9.792124498915809e-06,0.6249699960674693,1.817159658222034e-07,7.770333620707441e-07,0.7043187546921246,0.7098838579572705
0.4973058108982957,9.792124498915809e-06,0.6249807960674694,1.817159658222034e-07,7.770333620707441e-07,0.7043187546921246,0.7098838579572705
0.4976551108982956,9.792124498915809e-06,0.6249891960674693,1.817159658222034e-07,7.770333620707441e-07,0.7043187546921246,0.7098838579572705
0.4980046108982957,9.792124498915809e-06,0.6249951960674693,1.817159658222034e-07,7.770333620707441e-07,0.7043187546921246,0.7098838579572705
0.4983543108982956,9.792124498915809e-06,0.6249987960674694,1.817159658222034e-07,7.770333620707441e-07,0.7043187546921246,0.7098838579572705
0.49870421089829564,9.792124498915809e-06,0.6249999960674694,1.817159658222034e-07,7.770333620707441e-07,0.7043187546921246,0.7098838579572705
0.49905431089829566,9.792124498915809e-06,0.6249987960674693,1.817159658222034e-07,7.770333620707441e-07,0.7043187546921246,0.7098838579572705
0.4994046108982957,9.792124498915809e-06,0.6249951960674693,1.817159658222034e-07,7.770333620707441e-07,0.7043187546921246,0.7098838579572705
0.49975511089829566,9.792124498915809e-06,0.6249891960674694,1.817159658222034e-07,7.770333620707441e-07,0.7043187546921246,0.7098838579572705
0.5001058108982956,9.792124498915809e-06,0.6249807960674694,1.817159658222034e-07,7.770333620707441e-07,0.7043187546921246,0.7098838579572705
0.5004567108982957,9.792124498915809e-06,0.6249699960674694,1.817159658222034e-07,7.770333620707441e-07,0.7043187546921246,0.7098838579572705
0.5008078108982956,9.792124498915809e-06,0.6249567960674693,1.817159658222034e-07,7.770333620707441e-07,0.7043187546921246,0.7098838579572705
0.5011591108982957,9.792124498915809e-06,0.6249411960674693,1.817159658222034e-07,7.770333620707441e-07,0.7043187546921246,0.7098838579572705
0.5015106108982956,9.792124498915809e-06,0.6249231960674694,1.817159658222034e-07,7.770333620707441e-07,0.7043187546921246,0.7098838579572705
0.5018623108982956,9.792124498915809e-06,0.6249027960674693,1.817159658222034e-07,7.770333620707441e-07,0.7043187546921246,0.7098838579572705
0.5022142108982957,9.792124498915809e-06,0.6248799960674694,1.817159658222034e-07,7.770333620707441e-07,0.7043187546921246,0.7098838579572705
0.5025663108982956,9.792124498915809e-06,0.6248547960674694,1.817159658222034e-07,7.770333620707441e-07,0.7043187546921246,0.7098838579572705
0.5029186108982956,9.792124498915809e-06,0.6248271960674694,1.817159658222034e-07,7.770333620707441e-07,0.7043187546921246,0.7098838579572705
0.5032711108982956,9.792124498915809e-06,0.6247971960674694,1.817159658222034e-07,7.770333620707441e-07,0.7043187546921246,0.7098838579572705
0.5036238108982957,9.792124498915809e-06,0.6247647960674694,1.817159658222034e-07,7.770333620707441e-07,0.7043187546921246,0.7098838579572705
0.5039767108982957,9.792124498915809e-06,0.6247299960674694,1.817159658222034e-07,7.770333620707441e-07,0.7043187546921246,0.7098838579572705
0.5043298108982956,9.792124498915809e-06,0.6246927960674694,1.817159658222034e-07,7.770333620707441e-07,0.7043187546921246,0.7098838579572705
0.5046831108982957,9.792124498915809e-06,0.6246531960674694,1.817159658222034e-07,7.770333620707441e-07,0.7043187546921246,0.7098838579572705
0.5050366108982957,9.792124498915809e-06,0.6246111960674694,1.817159658222034e-07,7.770333620707441e-07,0.7043187546921246,0.7098838579572705
0.5053903108982957,9.792124498915809e-06,0.6245667960674693,1.817159658222034e-07,7.770333620707441e-07,0.7043187546921246,0.7098838579572705
0.5057442108982957,9.792124498915809e-06,0.6245199960674693,1.817159658222034e-07,7.770333620707441e-07,0.7043187546921246,0.7098838579572705
0.5060983108982956,9.792124498915809e-06,0.6244707960674694,1.817159658222034e-07,7.770333620707441e-07,0.7043187546921246,0.7098838579572705
0.5064526108982956,9.792124498915809e-06,0.6244191960674693,1.817159658222034e-07,7.770333620707441e-07,0.7043187546921246,0.7098838579572705
0.5068071108982957,9.792124498915809e-06,0.6243651960674693,1.817159658222034e-07,7.770333620707441e-07,0.7043187546921246,0.7098838579572705
0.5071618108982956,9.792124498915809e-06,0.6243087960674694,1.817159658222034e-07,7.770333620707441e-07,0.7043187546921246,0.7098838579572705
0.5075167108982956,9.792124498915809e-06,0.6242499960674693,1.817159658222034e-07,7.770333620707441e-07,0.7043187546921246,0.7098838579572705
0.5078718108982956,9.792124498915809e-06,0.6241887960674694,1.817159658222034e-07,7.770333620707441e-07,0.7043187546921246,0.7098838579572705
0.5082271108982958,9.792124498915809e-06,0.6241251960674694,1.817159658222034e-07,7.770333620707441e-07,0.7043187546921246,0.7098838579572705
0.5085826108982957,9.792124498915809e-06,0.6240591960674694,1.817159658222034e-07,7.770333620707441e-07,0.7043187546921246,0.7098838579572705
0.5089383108982957,9.792124498915809e-06,0.6239907960674693,1.817159658222034e-07,7.770333620707441e-07,0.7043187546921246,0.7098838579572705
0.5092942108982956,9.792124498915809e-06,0.6239199960674694,1.817159658222034e-07,7.770333620707441e-07,0.7043187546921246,0.7098838579572705
0.5096503108982957,9.792124498915809e-06,0.6238467960674694,1.817159658222034e-07,7.770333620707441e-07,0.7043187546921246,0.7098838579572705
0.5100066108982956,9.792124498915809e-06,0.6237711960674693,1.817159658222034e-07,7.770333620707441e-07,0.7043187546921246,0.7098838579572705
0.5103631108982956,9.792124498915809e-06,0.6236931960674693,1.817159658222034e-07,7.770333620707441e-07,0.7043187546921246,0.7098838579572705
0.5107198108982957,9.792124498915809e-06,0.6236127960674693,1.817159658222034e-07,7.770333620707441e-07,0.7043187546921246,0.7098838579572705
0.5110767108982956,9.792124498915809e-06,0.6235299960674694,1.817159658222034e-07,7.770333620707441e-07,0.7043187546921246,0.7098838579572705
0.5114338108982956,9.792124498915809e-06,0.6234447960674694,1.817159658222034e-07,7.770333620707441e-07,0.7043187546921246,0.7098838579572705
0.5117911108982957,9.792124498915809e-06,0.6233571960674693,1.817159658222034e-07,7.770333620707441e-07,0.7043187546921246,0.7098838579572705
0.5121486108982957,9.792124498915809e-06,0.6232671960674694,1.817159658222034e-07,7.770333620707441e-07,0.7043187546921246,0.7098838579572705
0.5125063108982956,9.792124498915809e-06,0.6231747960674694,1.817159658222034e-07,7.770333620707441e-07,0.7043187546921246,0.7098838579572705
0.5128642108982957,9.792124498915809e-06,0.6230799960674693,1.817159658222034e-07,7.770333620707441e-07,0.7043187546921246,0.7098838579572705
0.5132223108982956,9.792124498915809e-06,0.6229827960674693,1.817159658222034e-07,7.770333620707441e-07,0.7043187546921246,0.7098838579572705
0.5135806108982957,9.792124498915809e-06,0.6228831960674693,1.817159658222034e-07,7.770333620707441e-07,0.7043187546921246,0.7098838579572705
0.5139391108982957,9.792124498915809e-06,0.6227811960674694,1.817159658222034e-07,7.770333620707441e-07,0.7043187546921246,0.7098838579572705
0.5142978108982956,9.792124498915809e-06,0.6226767960674694,1.817159658222034e-07,7.770333620707441e-07,0.7043187546921246,0.7098838579572705
0.5146567108982957,9.792124498915809e-06,0.6225699960674693,1.817159658222034e-07,7.770333620707441e-07,0.7043187546921246,0.7098838579572705
0.5150158108982956,9.792124498915809e-06,0.6224607960674694,1.817159658222034e-07,7.770333620707441e-07,0.7043187546921246,0.7098838579572705
0.5153751108982956,9.792124498915809e-06,0.6223491960674694,1.817159658222034e-07,7.770333620707441e-07,0.7043187546921246,0.7098838579572705
0.5157346108982956,9.792124498915809e-06,0.6222351960674694,1.817159658222034e-07,7.770333620707441e-07,0.7043187546921246,0.7098838579572705
0.5160943108982956,9.792124498915809e-06,0.6221187960674693,1.817159658222034e-07,7.770333620707441e-07,0.7043187546921246,0.7098838579572705
0.5164542108982956,9.792124498915809e-06,0.6219999960674694,1.817159658222034e-07,7.770333620707441e-07,0.7043187546921246,0.7098838579572705
0.5168143108982957,9.792124498915809e-06,0.6218787960674693,1.817159658222034e-07,7.770333620707441e-07,0.7043187546921246,0.7098838579572705
0.5171746108982956,9.792124498915809e-06,0.6217551960674693,1.817159658222034e-07,7.770333620707441e-07,0.7043187546921246,0.7098838579572705
0.5175351108982956,9.792124498915809e-06,0.6216291960674694,1.817159658222034e-07,7.770333620707441e-07,0.7043187546921246,0.7098838579572705
0.5178958108982956,9.792124498915809e-06,0.6215007960674693,1.817159658222034e-07,7.770333620707441e-07,0.7043187546921246,0.7098838579572705
0.5182567108982956,9.792124498915809e-06,0.6213699960674693,1.817159658222034e-07,7.770333620707441e-07,0.7043187546921246,0.7098838579572705
0.5186178108982957,9.792124498915809e-06,0.6212367960674694,1.817159658222034e-07,7.770333620707441e-07,0.7043187546921246,0.7098838579572705
0.5189791108982956,9.792124498915809e-06,0.6211011960674694,1.817159658222034e-07,7.770333620707441e-07,0.7043187546921246,0.7098838579572705
0.5193406108982956,9.792124498915809e-06,0.6209631960674694,1.817159658222034e-07,7.770333620707441e-07,0.7043187546921246,0.7098838579572705
0.5197023108982955,9.792124498915809e-06,0.6208227960674694,1.817159658222034e-07,7.770333620707441e-07,0.7043187546921246,0.7098838579572705
0.5200642108982957,9.792124498915809e-06,0.6206799960674694,1.817159658222034e-07,7.770333620707441e-07,0.7043187546921246,0.7098838579572705
0.5204263108982956,9.792124498915809e-06,0.6205347960674693,1.817159658222034e-07,7.770333620707441e-07,0.7043187546921246,0.7098838579572705
0.5207886108982956,9.792124498915809e-06,0.6203871960674694,1.817159658222034e-07,7.770333620707441e-07,0.7043187546921246,0.7098838579572705
0.5211511108982957,9.792124498915809e-06,0.6202371960674694,1.817159658222034e-07,7.770333620707441e-07,0.7043187546921246,0.7098838579572705
0.5215138108982956,9.792124498915809e-06,0.6200847960674694,1.817159658222034e-07,7.770333620707441e-07,0.7043187546921246,0.7098838579572705
0.5218767108982957,9.792124498915809e-06,0.6199299960674693,1.817159658222034e-07,7.770333620707441e-07,0.7043187546921246,0.7098838579572705
0.5222398108982956,9.792124498915809e-06,0.6197727960674694,1.817159658222034e-07,7.770333620707441e-07,0.7043187546921246,0.7098838579572705
0.5226031108982956,9.792124498915809e-06,0.6196131960674693,1.817159658222034e-07,7.770333620707441e-07,0.7043187546921246,0.7098838579572705
0.5229666108982955,9.792124498915809e-06,0.6194511960674693,1.817159658222034e-07,7.770333620707441e-07,0.7043187546921246,0.7098838579572705
0.5233303108982956,9.792124498915809e-06,0.6192867960674694,1.817159658222034e-07,7.770333620707441e-07,0.7043187546921246,0.7098838579572705
0.5236942108982956,9.792124498915809e-06,0.6191199960674694,1.817159658222034e-07,7.770333620707441e-07,0.7043187546921246,0.7098838579572705
0.5240583108982957,9.792124498915809e-06,0.6189507960674694,1.817159658222034e-07,7.770333620707441e-07,0.7043187546921246,0.7098838579572705
0.5244226108982957,9.792124498915809e-06,0.6187791960674693,1.817159658222034e-07,7.770333620707441e-07,0.7043187546921246,0.7098838579572705
0.5247871108982956,9.792124498915809e-06,0.6186051960674693,1.817159658222034e-07,7.770333620707441e-07,0.7043187546921246,0.7098838579572705
0.5251518108982957,9.792124498915809e-06,0.6184287960674694,1.817159658222034e-07,7.770333620707441e-07,0.7043187546921246,0.7098838579572705
0.5255167108982957,9.792124498915809e-06,0.6182499960674693,1.817159658222034e-07,7.770333620707441e-07,0.7043187546921246,0.7098838579572705
0.5258818108982956,9.792124498915809e-06,0.6180687960674693,1.817159658222034e-07,7.770333620707441e-07,0.7043187546921246,0.7098838579572705
0.5262471108982957,9.792124498915809e-06,0.6178851960674694,1.817159658222034e-07,7.770333620707441e-07,0.7043187546921246,0.7098838579572705
0.5266126108982956,9.792124498915809e-06,0.6176991960674694,1.817159658222034e-07,7.770333620707441e-07,0.7043187546921246,0.7098838579572705
0.5269783108982956,9.792124498915809e-06,0.6175107960674694,1.817159658222034e-07,7.770333620707441e-07,0.7043187546921246,0.7098838579572705
0.5273442108982956,9.792124498915809e-06,0.6173199960674693,1.817159658222034e-07,7.770333620707441e-07,0.7043187546921246,0.7098838579572705
0.5277103108982957,9.792124498915809e-06,0.6171267960674693,1.817159658222034e-07,7.770333620707441e-07,0.7043187546921246,0.7098838579572705
0.5280766108982957,9.792124498915809e-06,0.6169311960674694,1.817159658222034e-07,7.770333620707441e-07,0.7043187546921246,0.7098838579572705
0.5284431108982957,9.792124498915809e-06,0.6167331960674693,1.817159658222034e-07,7.770333620707441e-07,0.7043187546921246,0.7098838579572705
0.5288098108982956,9.792124498915809e-06,0.6165327960674694,1.817159658222034e-07,7.770333620707441e-07,0.7043187546921246,0.7098838579572705
0.5291767108982957,9.792124498915809e-06,0.6163299960674693,1.817159658222034e-07,7.770333620707441e-07,0.7043187546921246,0.7098838579572705
0.5295438108982956,9.792124498915809e-06,0.6161247960674694,1.817159658222034e-07,7.770333620707441e-07,0.7043187546921246,0.7098838579572705
0.5299111108982956,9.792124498915809e-06,0.6159171960674693,1.817159658222034e-07,7.770333620707441e-07,0.7043187546921246,0.7098838579572705
0.5302786108982956,9.792124498915809e-06,0.6157071960674694,1.817159658222034e-07,7.770333620707441e-07,0.7043187546921246,0.7098838579572705
0.5306463108982956,9.792124498915809e-06,0.6154947960674694,1.817159658222034e-07,7.770333620707441e-07,0.7043187546921246,0.7098838579572705
0.5310142108982956,9.792124498915809e-06,0.6152799960674693,1.817159658222034e-07,7.770333620707441e-07,0.7043187546921246,0.7098838579572705
0.5313823108982957,9.792124498915809e-06,0.6150627960674694,1.817159658222034e-07,7.770333620707441e-07,0.7043187546921246,0.7098838579572705
0.5317506108982957,9.792124498915809e-06,0.6148431960674694,1.817159658222034e-07,7.770333620707441e-07,0.7043187546921246,0.7098838579572705
0.5321191108982957,9.792124498915809e-06,0.6146211960674693,1.817159658222034e-07,7.770333620707441e-07,0.7043187546921246,0.7098838579572705
0.5324878108982957,9.792124498915809e-06,0.6143967960674693,1.817159658222034e-07,7.770333620707441e-07,0.7043187546921246,0.7098838579572705
0.5328567108982957,9.792124498915809e-06,0.6141699960674694,1.817159658222034e-07,7.770333620707441e-07,0.7043187546921246,0.7098838579572705
0.5332258108982956,9.792124498915809e-06,0.6139407960674693,1.817159658222034e-07,7.770333620707441e-07,0.7043187546921246,0.7098838579572705
0.5335951108982957,9.792124498915809e-06,0.6137091960674693,1.817159658222034e-07,7.770333620707441e-07,0.7043187546921246,0.7098838579572705
0.5339646108982956,9.792124498915809e-06,0.6134751960674694,1.817159658222034e-07,7.770333620707441e-07,0.7043187546921246,0.7098838579572705
0.5343343108982956,9.792124498915809e-06,0.6132387960674693,1.817159658222034e-07,7.770333620707441e-07,0.7043187546921246,0.7098838579572705
0.5347042108982957,9.792124498915809e-06,0.6129999960674694,1.817159658222034e-07,7.770333620707441e-07,0.7043187546921246,0.7098838579572705
0.5350743108982956,9.792124498915809e-06,0.6127587960674694,1.817159658222034e-07,7.770333620707441e-07,0.7043187546921246,0.7098838579572705
0.5354446108982956,9.792124498915809e-06,0.6125151960674694,1.817159658222034e-07,7.770333620707441e-07,0.7043187546921246,0.7098838579572705
0.5358151108982957,9.792124498915809e-06,0.6122691960674693,1.817159658222034e-07,7.770333620707441e-07,0.7043187546921246,0.7098838579572705
0.5361858108982956,9.792124498915809e-06,0.6120207960674694,1.817159658222034e-07,7.770333620707441e-07,0.7043187546921246,0.7098838579572705
0.5365567108982956,9.792124498915809e-06,0.6117699960674694,1.817159658222034e-07,7.770333620707441e-07,0.7043187546921246,0.7098838579572705
0.5369278108982957,9.792124498915809e-06,0.6115167960674693,1.817159658222034e-07,7.770333620707441e-07,0.7043187546921246,0.7098838579572705
0.5372991108982956,9.792124498915809e-06,0.6112611960674693,1.817159658222034e-07,7.770333620707441e-07,0.7043187546921246,0.7098838579572705
0.5376706108982956,9.792124498915809e-06,0.6110031960674693,1.817159658222034e-07,7.770333620707441e-07,0.7043187546921246,0.7098838579572705
0.5380423108982957,9.792124498915809e-06,0.6107427960674694,1.817159658222034e-07,7.770333620707441e-07,0.7043187546921246,0.7098838579572705
0.5384142108982957,9.792124498915809e-06,0.6104799960674694,1.817159658222034e-07,7.770333620707441e-07,0.7043187546921246,0.7098838579572705
0.5387863108982957,9.792124498915809e-06,0.6102147960674693,1.817159658222034e-07,7.770333620707441e-07,0.7043187546921246,0.7098838579572705
0.5391586108982956,9.792124498915809e-06,0.6099471960674694,1.817159658222034e-07,7.770333620707441e-07,0.7043187546921246,0.7098838579572705
0.5395311108982956,9.792124498915809e-06,0.6096771960674694,1.817159658222034e-07,7.770333620707441e-07,0.7043187546921246,0.7098838579572705
0.5399038108982956,9.792124498915809e-06,0.6094047960674693,1.817159658222034e-07,7.770333620707441e-07,0.7043187546921246,0.7098838579572705
0.5402767108982957,9.792124498915809e-06,0.6091299960674693,1.817159658222034e-07,7.770333620707441e-07,0.7043187546921246,0.7098838579572705
0.5406498108982957,9.792124498915809e-06,0.6088527960674693,1.817159658222034e-07,7.770333620707441e-07,0.7043187546921246,0.7098838579572705
0.5410231108982957,9.792124498915809e-06,0.6085731960674694,1.817159658222034e-07,7.770333620707441e-07,0.7043187546921246,0.7098838579572705
0.5413966108982956,9.792124498915809e-06,0.6082911960674694,1.817159658222034e-07,7.770333620707441e-07,0.7043187546921246,0.7098838579572705
0.5417703108982956,9.792124498915809e-06,0.6080067960674693,1.817159658222034e-07,7.770333620707441e-07,0.7043187546921246,0.7098838579572705
0.5421442108982957,9.792124498915809e-06,0.6077199960674694,1.817159658222034e-07,7.770333620707441e-07,0.7043187546921246,0.7098838579572705
0.5425183108982956,9.792124498915809e-06,0.6074307960674694,1.817159658222034e-07,7.770333620707441e-07,0.7043187546921246,0.7098838579572705
0.5428926108982957,9.792124498915809e-06,0.6071391960674694,1.817159658222034e-07,7.770333620707441e-07,0.7043187546921246,0.7098838579572705
0.5432671108982957,9.792124498915809e-06,0.6068451960674693,1.817159658222034e-07,7.770333620707441e-07,0.7043187546921246,0.7098838579572705
0.5436418108982957,9.792124498915809e-06,0.6065487960674694,1.817159658222034e-07,7.770333620707441e-07,0.7043187546921246,0.7098838579572705
0.5440167108982956,9.792124498915809e-06,0.6062499960674693,1.817159658222034e-07,7.770333620707441e-07,0.7043187546921246,0.7098838579572705
0.5443918108982957,9.792124498915809e-06,0.6059487960674693,1.817159658222034e-07,7.770333620707441e-07,0.7043187546921246,0.7098838579572705
0.5447671108982957,9.792124498915809e-06,0.6056451960674694,1.817159658222034e-07,7.770333620707441e-07,0.7043187546921246,0.7098838579572705
0.5451426108982957,9.792124498915809e-06,0.6053391960674693,1.817159658222034e-07,7.770333620707441e-07,0.7043187546921246,0.7098838579572705
0.5455183108982957,9.792124498915809e-06,0.6050307960674693,1.817159658222034e-07,7.770333620707441e-07,0.7043187546921246,0.7098838579572705
0.5458942108982956,9.792124498915809e-06,0.6047199960674694,1.817159658222034e-07,7.770333620707441e-07,0.7043187546921246,0.7098838579572705
0.5462703108982957,9.792124498915809e-06,0.6044067960674694,1.817159658222034e-07,7.770333620707441e-07,0.7043187546921246,0.7098838579572705
0.5466466108982957,9.792124498915809e-06,0.6040911960674693,1.817159658222034e-07,7.770333620707441e-07,0.7043187546921246,0.7098838579572705
0.5470231108982956,9.792124498915809e-06,0.6037731960674694,1.817159658222034e-07,7.770333620707441e-07,0.7043187546921246,0.7098838579572705
0.5473998108982956,9.792124498915809e-06,0.6034527960674694,1.817159658222034e-07,7.770333620707441e-07,0.7043187546921246,0.7098838579572705
0.5477767108982957,9.792124498915809e-06,0.6031299960674693,1.817159658222034e-07,7.770333620707441e-07,0.7043187546921246,0.7098838579572705
0.5481538108982956,9.792124498915809e-06,0.6028047960674694,1.817159658222034e-07,7.770333620707441e-07,0.7043187546921246,0.7098838579572705
0.5485311108982956,9.792124498915809e-06,0.6024771960674694,1.817159658222034e-07,7.770333620707441e-07,0.7043187546921246,0.7098838579572705
0.5489086108982957,9.792124498915809e-06,0.6021471960674694,1.817159658222034e-07,7.770333620707441e-07,0.7043187546921246,0.7098838579572705
0.5492863108982956,9.792124498915809e-06,0.6018147960674693,1.817159658222034e-07,7.770333620707441e-07,0.7043187546921246,0.7098838579572705
0.5496642108982956,9.792124498915809e-06,0.6014799960674694,1.817159658222034e-07,7.770333620707441e-07,0.7043187546921246,0.7098838579572705
0.5500423108982957,9.792124498915809e-06,0.6011427960674693,1.817159658222034e-07,7.770333620707441e-07,0.7043187546921246,0.7098838579572705
0.5504206108982956,9.792124498915809e-06,0.6008031960674693,1.817159658222034e-07,7.770333620707441e-07,0.7043187546921246,0.7098838579572705
0.5507991108982957,9.792124498915809e-06,0.6004611960674694,1.817159658222034e-07,7.770333620707441e-07,0.7043187546921246,0.7098838579572705
0.5511778108982957,9.792124498915809e-06,0.6001167960674694,1.817159658222034e-07,7.770333620707441e-07,0.7043187546921246,0.7098838579572705
0.5515567108982956,9.792124498915809e-06,0.5997699960674694,1.817159658222034e-07,7.770333620707441e-07,0.7043187546921246,0.7098838579572705
0.5519358108982957,9.792124498915809e-06,0.5994207960674693,1.817159658222034e-07,7.770333620707441e-07,0.7043187546921246,0.7098838579572705
0.5523151108982957,9.792124498915809e-06,0.5990691960674693,1.817159658222034e-07,7.770333620707441e-07,0.7043187546921246,0.7098838579572705
0.5526946108982956,9.792124498915809e-06,0.5987151960674694,1.817159658222034e-07,7.770333620707441e-07,0.7043187546921246,0.7098838579572705
0.5530743108982957,9.792124498915809e-06,0.5983587960674693,1.817159658222034e-07,7.770333620707441e-07,0.7043187546921246,0.7098838579572705
0.5534542108982956,9.792124498915809e-06,0.5979999960674693,1.817159658222034e-07,7.770333620707441e-07,0.7043187546921246,0.7098838579572705
0.5538343108982956,9.792124498915809e-06,0.5976387960674694,1.817159658222034e-07,7.770333620707441e-07,0.7043187546921246,0.7098838579572705
0.5542146108982957,9.792124498915809e-06,0.5972751960674694,1.817159658222034e-07,7.770333620707441e-07,0.7043187546921246,0.7098838579572705
0.5545951108982956,9.792124498915809e-06,0.5969091960674694,1.817159658222034e-07,7.770333620707441e-07,0.7043187546921246,0.7098838579572705
0.5549758108982956,9.792124498915809e-06,0.5965407960674693,1.817159658222034e-07,7.770333620707441e-07,0.7043187546921246,0.7098838579572705
0.5553567108982956,9.792124498915809e-06,0.5961699960674693,1.817159658222034e-07,7.770333620707441e-07,0.7043187546921246,0.7098838579572705
0.5557378108982957,9.792124498915809e-06,0.5957967960674694,1.817159658222034e-07,7.770333620707441e-07,0.7043187546921246,0.7098838579572705
0.5561191108982957,9.792124498915809e-06,0.5954211960674693,1.817159658222034e-07,7.770333620707441e-07,0.7043187546921246,0.7098838579572705
0.5565006108982957,9.792124498915809e-06,0.5950431960674694,1.817159658222034e-07,7.770333620707441e-07,0.7043187546921246,0.7098838579572705
0.5568823108982957,9.792124498915809e-06,0.5946627960674694,1.817159658222034e-07,7.770333620707441e-07,0.7043187546921246,0.7098838579572705
0.5572642108982957,9.792124498915809e-06,0.5942799960674694,1.817159658222034e-07,7.770333620707441e-07,0.7043187546921246,0.7098838579572705
0.5576463108982956,9.792124498915809e-06,0.5938947960674693,1.817159658222034e-07,7.770333620707441e-07,0.7043187546921246,0.7098838579572705
0.5580286108982956,9.792124498915809e-06,0.5935071960674694,1.817159658222034e-07,7.770333620707441e-07,0.7043187546921246,0.7098838579572705
0.5584111108982955,9.792124498915809e-06,0.5931171960674694,1.817159658222034e-07,7.770333620707441e-07,0.7043187546921246,0.7098838579572705
0.5587938108982956,9.792124498915809e-06,0.5927247960674693,1.817159658222034e-07,7.770333620707441e-07,0.7043187546921246,0.7098838579572705
0.5591767108982956,9.792124498915809e-06,0.5923299960674694,1.817159658222034e-07,7.770333620707441e-07,0.7043187546921246,0.7098838579572705
0.5595598108982957,9.792124498915809e-06,0.5919327960674694,1.817159658222034e-07,7.770333620707441e-07,0.7043187546921246,0.7098838579572705
0.5599431108982956,9.792124498915809e-06,0.5915331960674693,1.817159658222034e-07,7.770333620707441e-07,0.7043187546921246,0.7098838579572705
0.5603266108982956,9.792124498915809e-06,0.5911311960674693,1.817159658222034e-07,7.770333620707441e-07,0.7043187546921246,0.7098838579572705
0.5607103108982957,9.792124498915809e-06,0.5907267960674694,1.817159658222034e-07,7.770333620707441e-07,0.7043187546921246,0.7098838579572705
0.5610942108982957,9.792124498915809e-06,0.5903199960674693,1.817159658222034e-07,7.770333620707441e-07,0.7043187546921246,0.7098838579572705
0.5614783108982956,9.792124498915809e-06,0.5899107960674693,1.817159658222034e-07,7.770333620707441e-07,0.7043187546921246,0.7098838579572705
0.5618626108982957,9.792124498915809e-06,0.5894991960674694,1.817159658222034e-07,7.770333620707441e-07,0.7043187546921246,0.7098838579572705
0.5622471108982956,9.792124498915809e-06,0.5890851960674693,1.817159658222034e-07,7.770333620707441e-07,0.7043187546921246,0.7098838579572705
0.5626318108982956,9.792124498915809e-06,0.5886687960674694,1.817159658222034e-07,7.770333620707441e-07,0.7043187546921246,0.7098838579572705
0.5630167108982956,9.792124498915809e-06,0.5882499960674694,1.817159658222034e-07,7.770333620707441e-07,0.7043187546921246,0.7098838579572705
0.5634018108982957,9.792124498915809e-06,0.5878287960674694,1.817159658222034e-07,7.770333620707441e-07,0.7043187546921246,0.7098838579572705
0.5637871108982957,9.792124498915809e-06,0.5874051960674693,1.817159658222034e-07,7.770333620707441e-07,0.7043187546921246,0.7098838579572705
0.5641726108982956,9.792124498915809e-06,0.5869791960674694,1.817159658222034e-07,7.770333620707441e-07,0.7043187546921246,0.7098838579572705
0.5645583108982957,9.792124498915809e-06,0.5865507960674694,1.817159658222034e-07,7.770333620707441e-07,0.7043187546921246,0.7098838579572705
0.5649442108982956,9.792124498915809e-06,0.5861199960674693,1.817159658222034e-07,7.770333620707441e-07,0.7043187546921246,0.7098838579572705
0.5653303108982957,9.792124498915809e-06,0.5856867960674693,1.817159658222034e-07,7.770333620707441e-07,0.7043187546921246,0.7098838579572705
0.5657166108982956,9.792124498915809e-06,0.5852511960674693,1.817159658222034e-07,7.770333620707441e-07,0.7043187546921246,0.7098838579572705
0.5661031108982957,9.792124498915809e-06,0.5848131960674694,1.817159658222034e-07,7.770333620707441e-07,0.7043187546921246,0.7098838579572705
0.5664898108982956,9.792124498915809e-06,0.5843727960674694,1.817159658222034e-07,7.770333620707441e-07,0.7043187546921246,0.7098838579572705
0.5668767108982956,9.792124498915809e-06,0.5839299960674693,1.817159658222034e-07,7.770333620707441e-07,0.7043187546921246,0.7098838579572705
0.5672638108982957,9.792124498915809e-06,0.5834847960674694,1.817159658222034e-07,7.770333620707441e-07,0.7043187546921246,0.7098838579572705
0.5676511108982957,9.792124498915809e-06,0.5830371960674694,1.817159658222034e-07,7.770333620707441e-07,0.7043187546921246,0.7098838579572705
0.5680386108982957,9.792124498915809e-06,0.5825871960674693,1.817159658222034e-07,7.770333620707441e-07,0.7043187546921246,0.7098838579572705
0.5684263108982957,9.792124498915809e-06,0.5821347960674693,1.817159658222034e-07,7.770333620707441e-07,0.7043187546921246,0.7098838579572705
0.5688142108982956,9.792124498915809e-06,0.5816799960674693,1.817159658222034e-07,7.770333620707441e-07,0.7043187546921246,0.7098838579572705
0.5692023108982956,9.792124498915809e-06,0.5812227960674694,1.817159658222034e-07,7.770333620707441e-07,0.7043187546921246,0.7098838579572705
0.5695906108982957,9.792124498915809e-06,0.5807631960674694,1.817159658222034e-07,7.770333620707441e-07,0.7043187546921246,0.7098838579572705
0.5699791108982957,9.792124498915809e-06,0.5803011960674693,1.817159658222034e-07,7.770333620707441e-07,0.7043187546921246,0.7098838579572705
0.5703678108982956,9.792124498915809e-06,0.5798367960674693,1.817159658222034e-07,7.770333620707441e-07,0.7043187546921246,0.7098838579572705
0.5707567108982957,9.792124498915809e-06,0.5793699960674693,1.817159658222034e-07,7.770333620707441e-07,0.7043187546921246,0.7098838579572705
0.5711458108982956,9.792124498915809e-06,0.5789007960674694,1.817159658222034e-07,7.770333620707441e-07,0.7043187546921246,0.7098838579572705
0.5715351108982956,9.792124498915809e-06,0.5784291960674693,1.817159658222034e-07,7.770333620707441e-07,0.7043187546921246,0.7098838579572705
0.5719246108982957,9.792124498915809e-06,0.5779551960674694,1.817159658222034e-07,7.770333620707441e-07,0.7043187546921246,0.7098838579572705
0.5723143108982957,9.792124498915809e-06,0.5774787960674693,1.817159658222034e-07,7.770333620707441e-07,0.7043187546921246,0.7098838579572705
0.5727042108982956,9.792124498915809e-06,0.5769999960674693,1.817159658222034e-07,7.770333620707441e-07,0.7043187546921246,0.7098838579572705
0.5730943108982957,9.792124498915809e-06,0.5765187960674694,1.817159658222034e-07,7.770333620707441e-07,0.7043187546921246,0.7098838579572705
0.5734846108982956,9.792124498915809e-06,0.5760351960674693,1.817159658222034e-07,7.770333620707441e-07,0.7043187546921246,0.7098838579572705
0.5738751108982956,9.792124498915809e-06,0.5755491960674693,1.817159658222034e-07,7.770333620707441e-07,0.7043187546921246,0.7098838579572705
0.5742658108982956,9.792124498915809e-06,0.5750607960674694,1.817159658222034e-07,7.770333620707441e-07,0.7043187546921246,0.7098838579572705
0.5746567108982956,9.792124498915809e-06,0.5745699960674694,1.817159658222034e-07,7.770333620707441e-07,0.7043187546921246,0.7098838579572705
0.5750478108982957,9.792124498915809e-06,0.5740767960674693,1.817159658222034e-07,7.770333620707441e-07,0.7043187546921246,0.7098838579572705
0.5754391108982957,9.792124498915809e-06,0.5735811960674694,1.817159658222034e-07,7.770333620707441e-07,0.7043187546921246,0.7098838579572705
0.5758306108982957,9.792124498915809e-06,0.5730831960674694,1.817159658222034e-07,7.770333620707441e-07,0.7043187546921246,0.7098838579572705
0.5762223108982956,9.792124498915809e-06,0.5725827960674694,1.817159658222034e-07,7.770333620707441e-07,0.7043187546921246,0.7098838579572705
0.5766142108982957,9.792124498915809e-06,0.5720799960674694,1.817159658222034e-07,7.770333620707441e-07,0.7043187546921246,0.7098838579572705
0.5770063108982957,9.792124498915809e-06,0.5715747960674693,1.817159658222034e-07,7.770333620707441e-07,0.7043187546921246,0.7098838579572705
0.5773986108982957,9.792124498915809e-06,0.5710671960674694,1.817159658222034e-07,7.770333620707441e-07,0.7043187546921246,0.7098838579572705
0.5777911108982957,9.792124498915809e-06,0.5705571960674694,1.817159658222034e-07,7.770333620707441e-07,0.7043187546921246,0.7098838579572705
0.5781838108982956,9.792124498915809e-06,0.5700447960674693,1.817159658222034e-07,7.770333620707441e-07,0.7043187546921246,0.7098838579572705
0.5785767108982957,9.792124498915809e-06,0.5695299960674693,1.817159658222034e-07,7.770333620707441e-07,0.7043187546921246,0.7098838579572705
0.5789698108982957,9.792124498915809e-06,0.5690127960674694,1.817159658222034e-07,7.770333620707441e-07,0.7043187546921246,0.7098838579572705
0.5793631108982956,9.792124498915809e-06,0.5684931960674694,1.817159658222034e-07,7.770333620707441e-07,0.7043187546921246,0.7098838579572705
0.5797566108982956,9.792124498915809e-06,0.5679711960674694,1.817159658222034e-07,7.770333620707441e-07,0.7043187546921246,0.7098838579572705
0.5801503108982956,9.792124498915809e-06,0.5674467960674694,1.817159658222034e-07,7.770333620707441e-07,0.7043187546921246,0.7098838579572705
0.5805442108982957,9.792124498915809e-06,0.5669199960674693,1.817159658222034e-07,7.770333620707441e-07,0.7043187546921246,0.7098838579572705
0.5809383108982957,9.792124498915809e-06,0.5663907960674693,1.817159658222034e-07,7.770333620707441e-07,0.7043187546921246,0.7098838579572705
0.5813326108982957,9.792124498915809e-06,0.5658591960674694,1.817159658222034e-07,7.770333620707441e-07,0.7043187546921246,0.7098838579572705
0.5817271108982958,9.792124498915809e-06,0.5653251960674693,1.817159658222034e-07,7.770333620707441e-07,0.7043187546921246,0.7098838579572705
0.5821218108982957,9.792124498915809e-06,0.5647887960674693,1.817159658222034e-07,7.770333620707441e-07,0.7043187546921246,0.7098838579572705
0.5825167108982956,9.792124498915809e-06,0.5642499960674694,1.817159658222034e-07,7.770333620707441e-07,0.7043187546921246,0.7098838579572705
0.5829118108982956,9.792124498915809e-06,0.5637087960674694,1.817159658222034e-07,7.770333620707441e-07,0.7043187546921246,0.7098838579572705
0.5833071108982957,9.792124498915809e-06,0.5631651960674693,1.817159658222034e-07,7.770333620707441e-07,0.7043187546921246,0.7098838579572705
0.5837026108982957,9.792124498915809e-06,0.5626191960674694,1.817159658222034e-07,7.770333620707441e-07,0.7043187546921246,0.7098838579572705
0.5840983108982957,9.792124498915809e-06,0.5620707960674693,1.817159658222034e-07,7.770333620707441e-07,0.7043187546921246,0.7098838579572705
0.5844942108982957,9.792124498915809e-06,0.5615199960674694,1.817159658222034e-07,7.770333620707441e-07,0.7043187546921246,0.7098838579572705
0.5848903108982957,9.792124498915809e-06,0.5609667960674694,1.817159658222034e-07,7.770333620707441e-07,0.7043187546921246,0.7098838579572705
0.5852866108982957,9.792124498915809e-06,0.5604111960674694,1.817159658222034e-07,7.770333620707441e-07,0.7043187546921246,0.7098838579572705
0.5856831108982957,9.792124498915809e-06,0.5598531960674693,1.817159658222034e-07,7.770333620707441e-07,0.7043187546921246,0.7098838579572705
0.5860798108982956,9.792124498915809e-06,0.5592927960674694,1.817159658222034e-07,7.770333620707441e-07,0.7043187546921246,0.7098838579572705
0.5864767108982957,9.792124498915809e-06,0.5587299960674693,1.817159658222034e-07,7.770333620707441e-07,0.7043187546921246,0.7098838579572705
0.5868738108982957,9.792124498915809e-06,0.5581647960674694,1.817159658222034e-07,7.770333620707441e-07,0.7043187546921246,0.7098838579572705
0.5872711108982956,9.792124498915809e-06,0.5575971960674694,1.817159658222034e-07,7.770333620707441e-07,0.7043187546921246,0.7098838579572705
0.5876686108982957,9.792124498915809e-06,0.5570271960674693,1.817159658222034e-07,7.770333620707441e-07,0.7043187546921246,0.7098838579572705
0.5880663108982956,9.792124498915809e-06,0.5564547960674693,1.817159658222034e-07,7.770333620707441e-07,0.7043187546921246,0.7098838579572705
0.5884642108982956,9.792124498915809e-06,0.5558799960674694,1.817159658222034e-07,7.770333620707441e-07,0.7043187546921246,0.7098838579572705
0.5888623108982957,9.792124498915809e-06,0.5553027960674694,1.817159658222034e-07,7.770333620707441e-07,0.7043187546921246,0.7098838579572705
0.5892606108982956,9.792124498915809e-06,0.5547231960674693,1.817159658222034e-07,7.770333620707441e-07,0.7043187546921246,0.7098838579572705
0.5896591108982956,9.792124498915809e-06,0.5541411960674694,1.817159658222034e-07,7.770333620707441e-07,0.7043187546921246,0.7098838579572705
0.5900578108982957,9.792124498915809e-06,0.5535567960674693,1.817159658222034e-07,7.770333620707441e-07,0.7043187546921246,0.7098838579572705
0.5904567108982957,9.792124498915809e-06,0.5529699960674693,1.817159658222034e-07,7.770333620707441e-07,0.7043187546921246,0.7098838579572705
0.5908558108982956,9.792124498915809e-06,0.5523807960674694,1.817159658222034e-07,7.770333620707441e-07,0.7043187546921246,0.7098838579572705
0.5912551108982957,9.792124498915809e-06,0.5517891960674693,1.817159658222034e-07,7.770333620707441e-07,0.7043187546921246,0.7098838579572705
0.5916546108982956,9.792124498915809e-06,0.5511951960674694,1.817159658222034e-07,7.770333620707441e-07,0.7043187546921246,0.7098838579572705
0.5920543108982956,9.792124498915809e-06,0.5505987960674693,1.817159658222034e-07,7.770333620707441e-07,0.7043187546921246,0.7098838579572705
0.5924542108982956,9.792124498915809e-06,0.5499999960674694,1.817159658222034e-07,7.770333620707441e-07,0.7043187546921246,0.7098838579572705
0.5928543108982957,9.792124498915809e-06,0.5493987960674693,1.817159658222034e-07,7.770333620707441e-07,0.7043187546921246,0.7098838579572705
0.5932546108982956,9.792124498915809e-06,0.5487951960674693,1.817159658222034e-07,7.770333620707441e-07,0.7043187546921246,0.7098838579572705
0.5936551108982957,9.792124498915809e-06,0.5481891960674694,1.817159658222034e-07,7.770333620707441e-07,0.7043187546921246,0.7098838579572705
0.5940558108982956,9.792124498915809e-06,0.5475807960674693,1.817159658222034e-07,7.770333620707441e-07,0.7043187546921246,0.7098838579572705
0.5944567108982957,9.792124498915809e-06,0.5469699960674693,1.817159658222034e-07,7.770333620707441e-07,0.7043187546921246,0.7098838579572705
0.5948578108982957,9.792124498915809e-06,0.5463567960674693,1.817159658222034e-07,7.770333620707441e-07,0.7043187546921246,0.7098838579572705
0.5952591108982956,9.792124498915809e-06,0.5457411960674694,1.817159658222034e-07,7.770333620707441e-07,0.7043187546921246,0.7098838579572705
0.5956606108982956,9.792124498915809e-06,0.5451231960674694,1.817159658222034e-07,7.770333620707441e-07,0.7043187546921246,0.7098838579572705
0.5960623108982956,9.792124498915809e-06,0.5445027960674693,1.817159658222034e-07,7.770333620707441e-07,0.7043187546921246,0.7098838579572705
0.5964642108982956,9.792124498915809e-06,0.5438799960674694,1.817159658222034e-07,7.770333620707441e-07,0.7043187546921246,0.7098838579572705
0.5968663108982957,9.792124498915809e-06,0.5432547960674694,1.817159658222034e-07,7.770333620707441e-07,0.7043187546921246,0.7098838579572705
0.5972686108982956,9.792124498915809e-06,0.5426271960674693,1.817159658222034e-07,7.770333620707441e-07,0.7043187546921246,0.7098838579572705
0.5976711108982956,9.792124498915809e-06,0.5419971960674694,1.817159658222034e-07,7.770333620707441e-07,0.7043187546921246,0.7098838579572705
0.5980738108982957,9.792124498915809e-06,0.5413647960674693,1.817159658222034e-07,7.770333620707441e-07,0.7043187546921246,0.7098838579572705
0.5984767108982957,9.792124498915809e-06,0.5407299960674693,1.817159658222034e-07,7.770333620707441e-07,0.7043187546921246,0.7098838579572705
0.5988798108982957,9.792124498915809e-06,0.5400927960674694,1.817159658222034e-07,7.770333620707441e-07,0.7043187546921246,0.7098838579572705
0.5992831108982957,9.792124498915809e-06,0.5394531960674693,1.817159658222034e-07,7.770333620707441e-07,0.7043187546921246,0.7098838579572705
0.5996866108982957,9.792124498915809e-06,0.5388111960674694,1.817159658222034e-07,7.770333620707441e-07,0.7043187546921246,0.7098838579572705
0.6000903108982957,9.792124498915809e-06,0.5381667960674693,1.817159658222034e-07,7.770333620707441e-07,0.7043187546921246,0.7098838579572705
0.6004942108982957,9.792124498915809e-06,0.5375199960674694,1.817159658222034e-07,7.770333620707441e-07,0.7043187546921246,0.7098838579572705
0.6008983108982957,9.792124498915809e-06,0.5368707960674693,1.817159658222034e-07,7.770333620707441e-07,0.7043187546921246,0.7098838579572705
0.6013026108982956,9.792124498915809e-06,0.5362191960674694,1.817159658222034e-07,7.770333620707441e-07,0.7043187546921246,0.7098838579572705
0.6017071108982956,9.792124498915809e-06,0.5355651960674693,1.817159658222034e-07,7.770333620707441e-07,0.7043187546921246,0.7098838579572705
0.6021118108982957,9.792124498915809e-06,0.5349087960674693,1.817159658222034e-07,7.770333620707441e-07,0.7043187546921246,0.7098838579572705
0.6025167108982956,9.792124498915809e-06,0.5342499960674694,1.817159658222034e-07,7.770333620707441e-07,0.7043187546921246,0.7098838579572705
0.6029218108982957,9.792124498915809e-06,0.5335887960674693,1.817159658222034e-07,7.770333620707441e-07,0.7043187546921246,0.7098838579572705
0.6033271108982956,9.792124498915809e-06,0.5329251960674694,1.817159658222034e-07,7.770333620707441e-07,0.7043187546921246,0.7098838579572705
0.6037326108982958,9.792124498915809e-06,0.5322591960674693,1.817159658222034e-07,7.770333620707441e-07,0.7043187546921246,0.7098838579572705
0.6041383108982957,9.792124498915809e-06,0.5315907960674694,1.817159658222034e-07,7.770333620707441e-07,0.7043187546921246,0.7098838579572705
0.6045442108982957,9.792124498915809e-06,0.5309199960674694,1.817159658222034e-07,7.770333620707441e-07,0.7043187546921246,0.7098838579572705
0.6049503108982958,9.792124498915809e-06,0.5302467960674693,1.817159658222034e-07,7.770333620707441e-07,0.7043187546921246,0.7098838579572705
0.6053566108982957,9.792124498915809e-06,0.5295711960674694,1.817159658222034e-07,7.770333620707441e-07,0.7043187546921246,0.7098838579572705
0.6057631108982956,9.792124498915809e-06,0.5288931960674693,1.817159658222034e-07,7.770333620707441e-07,0.7043187546921246,0.7098838579572705
0.6061698108982957,9.792124498915809e-06,0.5282127960674694,1.817159658222034e-07,7.770333620707441e-07,0.7043187546921246,0.7098838579572705
0.6065767108982957,9.792124498915809e-06,0.5275299960674693,1.817159658222034e-07,7.770333620707441e-07,0.7043187546921246,0.7098838579572705
0.6069838108982957,9.792124498915809e-06,0.5268447960674694,1.817159658222034e-07,7.770333620707441e-07,0.7043187546921246,0.7098838579572705
0.6073911108982957,9.792124498915809e-06,0.5261571960674694,1.817159658222034e-07,7.770333620707441e-07,0.7043187546921246,0.7098838579572705
0.6077986108982957,9.792124498915809e-06,0.5254671960674694,1.817159658222034e-07,7.770333620707441e-07,0.7043187546921246,0.7098838579572705
0.6082063108982957,9.792124498915809e-06,0.5247747960674694,1.817159658222034e-07,7.770333620707441e-07,0.7043187546921246,0.7098838579572705
0.6086142108982957,9.792124498915809e-06,0.5240799960674694,1.817159658222034e-07,7.770333620707441e-07,0.7043187546921246,0.7098838579572705
0.6090223108982956,9.792124498915809e-06,0.5233827960674693,1.817159658222034e-07,7.770333620707441e-07,0.7043187546921246,0.7098838579572705
0.6094306108982956,9.792124498915809e-06,0.5226831960674694,1.817159658222034e-07,7.770333620707441e-07,0.7043187546921246,0.7098838579572705
0.6098391108982957,9.792124498915809e-06,0.5219811960674693,1.817159658222034e-07,7.770333620707441e-07,0.7043187546921246,0.7098838579572705
0.6102478108982957,9.792124498915809e-06,0.5212767960674694,1.817159658222034e-07,7.770333620707441e-07,0.7043187546921246,0.7098838579572705
0.6106567108982957,9.792124498915809e-06,0.5205699960674693,1.817159658222034e-07,7.770333620707441e-07,0.7043187546921246,0.7098838579572705
0.6110658108982957,9.792124498915809e-06,0.5198607960674694,1.817159658222034e-07,7.770333620707441e-07,0.7043187546921246,0.7098838579572705
0.6114751108982956,9.792124498915809e-06,0.5191491960674693,1.817159658222034e-07,7.770333620707441e-07,0.7043187546921246,0.7098838579572705
0.6118846108982956,9.792124498915809e-06,0.5184351960674694,1.817159658222034e-07,7.770333620707441e-07,0.7043187546921246,0.7098838579572705
0.6122943108982957,9.792124498915809e-06,0.5177187960674694,1.817159658222034e-07,7.770333620707441e-07,0.7043187546921246,0.7098838579572705
0.6127042108982956,9.792124498915809e-06,0.5169999960674694,1.817159658222034e-07,7.770333620707441e-07,0.7043187546921246,0.7098838579572705
0.6131143108982956,9.792124498915809e-06,0.5162787960674694,1.817159658222034e-07,7.770333620707441e-07,0.7043187546921246,0.7098838579572705
0.6135246108982957,9.792124498915809e-06,0.5155551960674694,1.817159658222034e-07,7.770333620707441e-07,0.7043187546921246,0.7098838579572705
0.6139351108982957,9.792124498915809e-06,0.5148291960674694,1.817159658222034e-07,7.770333620707441e-07,0.7043187546921246,0.7098838579572705
0.6143458108982958,9.792124498915809e-06,0.5141007960674693,1.817159658222034e-07,7.770333620707441e-07,0.7043187546921246,0.7098838579572705
0.6147567108982956,9.792124498915809e-06,0.5133699960674694,1.817159658222034e-07,7.770333620707441e-07,0.7043187546921246,0.7098838579572705
0.6151678108982956,9.792124498915809e-06,0.5126367960674694,1.817159658222034e-07,7.770333620707441e-07,0.7043187546921246,0.7098838579572705
0.6155791108982958,9.792124498915809e-06,0.5119011960674693,1.817159658222034e-07,7.770333620707441e-07,0.7043187546921246,0.7098838579572705
0.6159906108982957,9.792124498915809e-06,0.5111631960674694,1.817159658222034e-07,7.770333620707441e-07,0.7043187546921246,0.7098838579572705
0.6164023108982957,9.792124498915809e-06,0.5104227960674693,1.817159658222034e-07,7.770333620707441e-07,0.7043187546921246,0.7098838579572705
0.6168142108982956,9.792124498915809e-06,0.5096799960674694,1.817159658222034e-07,7.770333620707441e-07,0.7043187546921246,0.7098838579572705
0.6172263108982957,9.792124498915809e-06,0.5089347960674694,1.817159658222034e-07,7.770333620707441e-07,0.7043187546921246,0.7098838579572705
0.6176386108982957,9.792124498915809e-06,0.5081871960674693,1.817159658222034e-07,7.770333620707441e-07,0.7043187546921246,0.7098838579572705
0.6180511108982957,9.792124498915809e-06,0.5074371960674693,1.817159658222034e-07,7.770333620707441e-07,0.7043187546921246,0.7098838579572705
0.6184638108982957,9.792124498915809e-06,0.5066847960674693,1.817159658222034e-07,7.770333620707441e-07,0.7043187546921246,0.7098838579572705
0.6188767108982957,9.792124498915809e-06,0.5059299960674694,1.817159658222034e-07,7.770333620707441e-07,0.7043187546921246,0.7098838579572705
0.6192898108982957,9.792124498915809e-06,0.5051727960674693,1.817159658222034e-07,7.770333620707441e-07,0.7043187546921246,0.7098838579572705
0.6197031108982957,9.792124498915809e-06,0.5044131960674694,1.817159658222034e-07,7.770333620707441e-07,0.7043187546921246,0.7098838579572705
0.6201166108982956,9.792124498915809e-06,0.5036511960674694,1.817159658222034e-07,7.770333620707441e-07,0.7043187546921246,0.7098838579572705
0.6205303108982956,9.792124498915809e-06,0.5028867960674694,1.817159658222034e-07,7.770333620707441e-07,0.7043187546921246,0.7098838579572705
0.6209442108982957,9.792124498915809e-06,0.5021199960674694,1.817159658222034e-07,7.770333620707441e-07,0.7043187546921246,0.7098838579572705
0.6213583108982957,9.792124498915809e-06,0.5013507960674692,1.817159658222034e-07,7.770333620707441e-07,0.7043187546921246,0.7098838579572705
0.6217726108982957,9.792124498915809e-06,0.5005791960674693,1.817159658222034e-07,7.770333620707441e-07,0.7043187546921246,0.7098838579572705
0.6221871108982957,9.792124498915809e-06,0.4998051960674693,1.817159658222034e-07,7.770333620707441e-07,0.7043187546921246,0.7098838579572705
0.6226018108982957,9.792124498915809e-06,0.4990287960674693,1.817159658222034e-07,7.770333620707441e-07,0.7043187546921246,0.7098838579572705
0.6230167108982957,9.792124498915809e-06,0.49824999606746934,1.817159658222034e-07,7.770333620707441e-07,0.7043187546921246,0.7098838579572705
0.6234318108982957,9.792124498915809e-06,0.4974687960674694,1.817159658222034e-07,7.770333620707441e-07,0.7043187546921246,0.7098838579572705
0.6238471108982956,9.792124498915809e-06,0.4966851960674694,1.817159658222034e-07,7.770333620707441e-07,0.7043187546921246,0.7098838579572705
0.6242626108982957,9.792124498915809e-06,0.4958991960674694,1.817159658222034e-07,7.770333620707441e-07,0.7043187546921246,0.7098838579572705
0.6246783108982956,9.792124498915809e-06,0.49511079606746927,1.817159658222034e-07,7.770333620707441e-07,0.7043187546921246,0.7098838579572705
0.6250942108982958,9.792124498915809e-06,0.49431999606746935,1.817159658222034e-07,7.770333620707441e-07,0.7043187546921246,0.7098838579572705
0.6255103108982957,9.792124498915809e-06,0.4935267960674693,1.817159658222034e-07,7.770333620707441e-07,0.7043187546921246,0.7098838579572705
0.6259266108982956,9.792124498915809e-06,0.49273119606746935,1.817159658222034e-07,7.770333620707441e-07,0.7043187546921246,0.7098838579572705
0.6263431108982958,9.792124498915809e-06,0.4919331960674693,1.817159658222034e-07,7.770333620707441e-07,0.7043187546921246,0.7098838579572705
0.6267598108982957,9.792124498915809e-06,0.4911327960674694,1.817159658222034e-07,7.770333620707441e-07,0.7043187546921246,0.7098838579572705
0.6271767108982956,9.792124498915809e-06,0.4903299960674694,1.817159658222034e-07,7.770333620707441e-07,0.7043187546921246,0.7098838579572705
0.6275938108982956,9.792124498915809e-06,0.4895247960674694,1.817159658222034e-07,7.770333620707441e-07,0.7043187546921246,0.7098838579572705
0.6280111108982956,9.792124498915809e-06,0.4887171960674693,1.817159658222034e-07,7.770333620707441e-07,0.7043187546921246,0.7098838579572705
0.6284286108982956,9.792124498915809e-06,0.4879071960674693,1.817159658222034e-07,7.770333620707441e-07,0.7043187546921246,0.7098838579572705
0.6288463108982957,9.792124498915809e-06,0.4870947960674693,1.817159658222034e-07,7.770333620707441e-07,0.7043187546921246,0.7098838579572705
0.6292642108982957,9.792124498915809e-06,0.4862799960674693,1.817159658222034e-07,7.770333620707441e-07,0.7043187546921246,0.7098838579572705
0.6296823108982956,9.792124498915809e-06,0.48546279606746934,1.817159658222034e-07,7.770333620707441e-07,0.7043187546921246,0.7098838579572705
0.6301006108982957,9.792124498915809e-06,0.4846431960674694,1.817159658222034e-07,7.770333620707441e-07,0.7043187546921246,0.7098838579572705
0.6305191108982957,9.792124498915809e-06,0.48382119606746943,1.817159658222034e-07,7.770333620707441e-07,0.7043187546921246,0.7098838579572705
0.6309378108982956,9.792124498915809e-06,0.48299679606746937,1.817159658222034e-07,7.770333620707441e-07,0.7043187546921246,0.7098838579572705
0.6313567108982957,9.792124498915809e-06,0.48216999606746946,1.817159658222034e-07,7.770333620707441e-07,0.7043187546921246,0.7098838579572705
0.6317758108982957,9.792124498915809e-06,0.48134079606746927,1.817159658222034e-07,7.770333620707441e-07,0.7043187546921246,0.7098838579572705
0.6321951108982957,9.792124498915809e-06,0.48050919606746934,1.817159658222034e-07,7.770333620707441e-07,0.7043187546921246,0.7098838579572705
0.6326146108982957,9.792124498915809e-06,0.47967519606746933,1.817159658222034e-07,7.770333620707441e-07,0.7043187546921246,0.7098838579572705
0.6330343108982956,9.792124498915809e-06,0.4788387960674694,1.817159658222034e-07,7.770333620707441e-07,0.7043187546921246,0.7098838579572705
0.6334542108982957,9.792124498915809e-06,0.47799999606746935,1.817159658222034e-07,7.770333620707441e-07,0.7043187546921246,0.7098838579572705
0.6338743108982957,9.792124498915809e-06,0.47715879606746936,1.817159658222034e-07,7.770333620707441e-07,0.7043187546921246,0.7098838579572705
0.6342946108982956,9.792124498915809e-06,0.4763151960674694,1.817159658222034e-07,7.770333620707441e-07,0.7043187546921246,0.7098838579572705
0.6347151108982956,9.792124498915809e-06,0.4754691960674694,1.817159658222034e-07,7.770333620707441e-07,0.7043187546921246,0.7098838579572705
0.6351358108982957,9.792124498915809e-06,0.4746207960674693,1.817159658222034e-07,7.770333620707441e-07,0.7043187546921246,0.7098838579572705
0.6355567108982957,9.792124498915809e-06,0.4737699960674693,1.817159658222034e-07,7.770333620707441e-07,0.7043187546921246,0.7098838579572705
0.6359778108982957,9.792124498915809e-06,0.4729167960674693,1.817159658222034e-07,7.770333620707441e-07,0.7043187546921246,0.7098838579572705
0.6363991108982957,9.792124498915809e-06,0.4720611960674693,1.817159658222034e-07,7.770333620707441e-07,0.7043187546921246,0.7098838579572705
0.6368206108982957,9.792124498915809e-06,0.47120319606746935,1.817159658222034e-07,7.770333620707441e-07,0.7043187546921246,0.7098838579572705
0.6372423108982956,9.792124498915809e-06,0.47034279606746937,1.817159658222034e-07,7.770333620707441e-07,0.7043187546921246,0.7098838579572705
0.6376642108982957,9.792124498915809e-06,0.4694799960674694,1.817159658222034e-07,7.770333620707441e-07,0.7043187546921246,0.7098838579572705
0.6380863108982956,9.792124498915809e-06,0.4686147960674694,1.817159658222034e-07,7.770333620707441e-07,0.7043187546921246,0.7098838579572705
0.6385086108982957,9.792124498915809e-06,0.4677471960674693,1.817159658222034e-07,7.770333620707441e-07,0.7043187546921246,0.7098838579572705
0.6389311108982957,9.792124498915809e-06,0.4668771960674693,1.817159658222034e-07,7.770333620707441e-07,0.7043187546921246,0.7098838579572705
0.6393538108982958,9.792124498915809e-06,0.4660047960674693,1.817159658222034e-07,7.770333620707441e-07,0.7043187546921246,0.7098838579572705
0.6397767108982957,9.792124498915809e-06,0.4651299960674693,1.817159658222034e-07,7.770333620707441e-07,0.7043187546921246,0.7098838579572705
0.6401998108982957,9.792124498915809e-06,0.46425279606746933,1.817159658222034e-07,7.770333620707441e-07,0.7043187546921246,0.7098838579572705
0.6406231108982956,9.792124498915809e-06,0.4633731960674694,1.817159658222034e-07,7.770333620707441e-07,0.7043187546921246,0.7098838579572705
0.6410466108982956,9.792124498915809e-06,0.46249119606746936,1.817159658222034e-07,7.770333620707441e-07,0.7043187546921246,0.7098838579572705
0.6414703108982956,9.792124498915809e-06,0.4616067960674694,1.817159658222034e-07,7.770333620707441e-07,0.7043187546921246,0.7098838579572705
0.6418942108982958,9.792124498915809e-06,0.4607199960674693,1.817159658222034e-07,7.770333620707441e-07,0.7043187546921246,0.7098838579572705
0.6423183108982957,9.792124498915809e-06,0.4598307960674693,1.817159658222034e-07,7.770333620707441e-07,0.7043187546921246,0.7098838579572705
0.6427426108982957,9.792124498915809e-06,0.4589391960674693,1.817159658222034e-07,7.770333620707441e-07,0.7043187546921246,0.7098838579572705
0.6431671108982957,9.792124498915809e-06,0.4580451960674693,1.817159658222034e-07,7.770333620707441e-07,0.7043187546921246,0.7098838579572705
0.6435918108982958,9.792124498915809e-06,0.45714879606746933,1.817159658222034e-07,7.770333620707441e-07,0.7043187546921246,0.7098838579572705
0.6440167108982957,9.792124498915809e-06,0.45624999606746935,1.817159658222034e-07,7.770333620707441e-07,0.7043187546921246,0.7098838579572705
0.6444418108982957,9.792124498915809e-06,0.45534879606746936,1.817159658222034e-07,7.770333620707441e-07,0.7043187546921246,0.7098838579572705
0.6448671108982957,9.792124498915809e-06,0.45444519606746936,1.817159658222034e-07,7.770333620707441e-07,0.7043187546921246,0.7098838579572705
0.6452926108982957,9.792124498915809e-06,0.4535391960674694,1.817159658222034e-07,7.770333620707441e-07,0.7043187546921246,0.7098838579572705
0.6457183108982958,9.792124498915809e-06,0.45263079606746925,1.817159658222034e-07,7.770333620707441e-07,0.7043187546921246,0.7098838579572705
0.6461442108982957,9.792124498915809e-06,0.45171999606746926,1.817159658222034e-07,7.770333620707441e-07,0.7043187546921246,0.7098838579572705
0.6465703108982956,9.792124498915809e-06,0.4508067960674693,1.817159658222034e-07,7.770333620707441e-07,0.7043187546921246,0.7098838579572705
0.6469966108982957,9.792124498915809e-06,0.44989119606746936,1.817159658222034e-07,7.770333620707441e-07,0.7043187546921246,0.7098838579572705
0.6474231108982957,9.792124498915809e-06,0.4489731960674693,1.817159658222034e-07,7.770333620707441e-07,0.7043187546921246,0.7098838579572705
0.6478498108982956,9.792124498915809e-06,0.4480527960674694,1.817159658222034e-07,7.770333620707441e-07,0.7043187546921246,0.7098838579572705
0.6482767108982957,9.792124498915809e-06,0.4471299960674694,1.817159658222034e-07,7.770333620707441e-07,0.7043187546921246,0.7098838579572705
0.6487038108982957,9.792124498915809e-06,0.44620479606746943,1.817159658222034e-07,7.770333620707441e-07,0.7043187546921246,0.7098838579572705
0.6491311108982957,9.792124498915809e-06,0.4452771960674693,1.817159658222034e-07,7.770333620707441e-07,0.7043187546921246,0.7098838579572705
0.6495586108982957,9.792124498915809e-06,0.4443471960674693,1.817159658222034e-07,7.770333620707441e-07,0.7043187546921246,0.7098838579572705
0.6499863108982957,9.792124498915809e-06,0.4434147960674693,1.817159658222034e-07,7.770333620707441e-07,0.7043187546921246,0.7098838579572705
0.6504142108982957,9.792124498915809e-06,0.44247999606746935,1.817159658222034e-07,7.770333620707441e-07,0.7043187546921246,0.7098838579572705
0.6508423108982957,9.792124498915809e-06,0.4415427960674694,1.817159658222034e-07,7.770333620707441e-07,0.7043187546921246,0.7098838579572705
0.6512706108982956,9.792124498915809e-06,0.44060319606746934,1.817159658222034e-07,7.770333620707441e-07,0.7043187546921246,0.7098838579572705
0.6516991108982957,9.792124498915809e-06,0.4396611960674694,1.817159658222034e-07,7.770333620707441e-07,0.7043187546921246,0.7098838579572705
0.6521278108982957,9.792124498915809e-06,0.4387167960674694,1.817159658222034e-07,7.770333620707441e-07,0.7043187546921246,0.7098838579572705
0.6525567108982957,9.792124498915809e-06,0.43776999606746925,1.817159658222034e-07,7.770333620707441e-07,0.7043187546921246,0.7098838579572705
0.6529858108982958,9.792124498915809e-06,0.43682079606746926,1.817159658222034e-07,7.770333620707441e-07,0.7043187546921246,0.7098838579572705
0.6534151108982957,9.792124498915809e-06,0.4358691960674693,1.817159658222034e-07,7.770333620707441e-07,0.7043187546921246,0.7098838579572705
0.6538446108982957,9.792124498915809e-06,0.4349151960674693,1.817159658222034e-07,7.770333620707441e-07,0.7043187546921246,0.7098838579572705
0.6542743108982957,9.792124498915809e-06,0.43395879606746934,1.817159658222034e-07,7.770333620707441e-07,0.7043187546921246,0.7098838579572705
0.6547042108982957,9.792124498915809e-06,0.43299999606746936,1.817159658222034e-07,7.770333620707441e-07,0.7043187546921246,0.7098838579572705
0.6551343108982957,9.792124498915809e-06,0.4320387960674694,1.817159658222034e-07,7.770333620707441e-07,0.7043187546921246,0.7098838579572705
0.6555646108982957,9.792124498915809e-06,0.4310751960674694,1.817159658222034e-07,7.770333620707441e-07,0.7043187546921246,0.7098838579572705
0.6559951108982958,9.792124498915809e-06,0.43010919606746945,1.817159658222034e-07,7.770333620707441e-07,0.7043187546921246,0.7098838579572705
0.6564258108982958,9.792124498915809e-06,0.42914079606746924,1.817159658222034e-07,7.770333620707441e-07,0.7043187546921246,0.7098838579572705
0.6568567108982958,9.792124498915809e-06,0.4281699960674693,1.817159658222034e-07,7.770333620707441e-07,0.7043187546921246,0.7098838579572705
0.6572878108982957,9.792124498915809e-06,0.4271967960674693,1.817159658222034e-07,7.770333620707441e-07,0.7043187546921246,0.7098838579572705
0.6577191108982957,9.792124498915809e-06,0.42622119606746933,1.817159658222034e-07,7.770333620707441e-07,0.7043187546921246,0.7098838579572705
0.6581506108982956,9.792124498915809e-06,0.42524319606746935,1.817159658222034e-07,7.770333620707441e-07,0.7043187546921246,0.7098838579572705
0.6585823108982957,9.792124498915809e-06,0.4242627960674694,1.817159658222034e-07,7.770333620707441e-07,0.7043187546921246,0.7098838579572705
0.6590142108982957,9.792124498915809e-06,0.42327999606746936,1.817159658222034e-07,7.770333620707441e-07,0.7043187546921246,0.7098838579572705
0.6594463108982956,9.792124498915809e-06,0.42229479606746945,1.817159658222034e-07,7.770333620707441e-07,0.7043187546921246,0.7098838579572705
0.6598786108982957,9.792124498915809e-06,0.42130719606746925,1.817159658222034e-07,7.770333620707441e-07,0.7043187546921246,0.7098838579572705
0.6603111108982958,9.792124498915809e-06,0.4203171960674693,1.817159658222034e-07,7.770333620707441e-07,0.7043187546921246,0.7098838579572705
0.6607438108982957,9.792124498915809e-06,0.4193247960674693,1.817159658222034e-07,7.770333620707441e-07,0.7043187546921246,0.7098838579572705
0.6611767108982957,9.792124498915809e-06,0.41832999606746935,1.817159658222034e-07,7.770333620707441e-07,0.7043187546921246,0.7098838579572705
0.6616098108982956,9.792124498915809e-06,0.4173327960674693,1.817159658222034e-07,7.770333620707441e-07,0.7043187546921246,0.7098838579572705
0.6620431108982956,9.792124498915809e-06,0.4163331960674694,1.817159658222034e-07,7.770333620707441e-07,0.7043187546921246,0.7098838579572705
0.6624766108982957,9.792124498915809e-06,0.4153311960674694,1.817159658222034e-07,7.770333620707441e-07,0.7043187546921246,0.7098838579572705
0.6629103108982957,9.792124498915809e-06,0.41432679606746936,1.817159658222034e-07,7.770333620707441e-07,0.7043187546921246,0.7098838579572705
0.6633442108982958,9.792124498915809e-06,0.4133199960674693,1.817159658222034e-07,7.770333620707441e-07,0.7043187546921246,0.7098838579572705
0.6637783108982956,9.792124498915809e-06,0.4123107960674693,1.817159658222034e-07,7.770333620707441e-07,0.7043187546921246,0.7098838579572705
0.6642126108982958,9.792124498915809e-06,0.4112991960674693,1.817159658222034e-07,7.770333620707441e-07,0.7043187546921246,0.7098838579572705
0.6646471108982958,9.792124498915809e-06,0.41028519606746927,1.817159658222034e-07,7.770333620707441e-07,0.7043187546921246,0.7098838579572705
0.6650818108982957,9.792124498915809e-06,0.40926879606746935,1.817159658222034e-07,7.770333620707441e-07,0.7043187546921246,0.7098838579572705
0.6655167108982958,9.792124498915809e-06,0.40824999606746937,1.817159658222034e-07,7.770333620707441e-07,0.7043187546921246,0.7098838579572705
0.6659518108982957,9.792124498915809e-06,0.4072287960674694,1.817159658222034e-07,7.770333620707441e-07,0.7043187546921246,0.7098838579572705
0.6663871108982957,9.792124498915809e-06,0.4062051960674694,1.817159658222034e-07,7.770333620707441e-07,0.7043187546921246,0.7098838579572705
0.6668226108982956,9.792124498915809e-06,0.40517919606746944,1.817159658222034e-07,7.770333620707441e-07,0.7043187546921246,0.7098838579572705
0.6672583108982957,9.792124498915809e-06,0.4041507960674693,1.817159658222034e-07,7.770333620707441e-07,0.7043187546921246,0.7098838579572705
0.6676942108982957,9.792124498915809e-06,0.4031199960674693,1.817159658222034e-07,7.770333620707441e-07,0.7043187546921246,0.7098838579572705
0.6681303108982958,9.792124498915809e-06,0.40208679606746933,1.817159658222034e-07,7.770333620707441e-07,0.7043187546921246,0.7098838579572705
0.6685666108982957,9.792124498915809e-06,0.4010511960674693,1.817159658222034e-07,7.770333620707441e-07,0.7043187546921246,0.7098838579572705
0.6690031108982957,9.792124498915809e-06,0.4000131960674694,1.817159658222034e-07,7.770333620707441e-07,0.7043187546921246,0.7098838579572705
0.6694398108982957,9.792124498915809e-06,0.3989727960674694,1.817159658222034e-07,7.770333620707441e-07,0.7043187546921246,0.7098838579572705
0.6698767108982957,9.792124498915809e-06,0.39792999606746937,1.817159658222034e-07,7.770333620707441e-07,0.7043187546921246,0.7098838579572705
0.6703138108982957,9.792124498915809e-06,0.3968847960674694,1.817159658222034e-07,7.770333620707441e-07,0.7043187546921246,0.7098838579572705
0.6707511108982958,9.792124498915809e-06,0.39583719606746925,1.817159658222034e-07,7.770333620707441e-07,0.7043187546921246,0.7098838579572705
0.6711886108982957,9.792124498915809e-06,0.39478719606746926,1.817159658222034e-07,7.770333620707441e-07,0.7043187546921246,0.7098838579572705
0.6716263108982957,9.792124498915809e-06,0.3937347960674693,1.817159658222034e-07,7.770333620707441e-07,0.7043187546921246,0.7098838579572705
0.6720642108982957,9.792124498915809e-06,0.3926799960674693,1.817159658222034e-07,7.770333620707441e-07,0.7043187546921246,0.7098838579572705
0.6725023108982957,9.792124498915809e-06,0.39162279606746936,1.817159658222034e-07,7.770333620707441e-07,0.7043187546921246,0.7098838579572705
0.6729406108982957,9.792124498915809e-06,0.39056319606746936,1.817159658222034e-07,7.770333620707441e-07,0.7043187546921246,0.7098838579572705
0.6733791108982957,9.792124498915809e-06,0.3895011960674694,1.817159658222034e-07,7.770333620707441e-07,0.7043187546921246,0.7098838579572705
0.6738178108982957,9.792124498915809e-06,0.3884367960674694,1.817159658222034e-07,7.770333620707441e-07,0.7043187546921246,0.7098838579572705
0.6742567108982958,9.792124498915809e-06,0.38736999606746925,1.817159658222034e-07,7.770333620707441e-07,0.7043187546921246,0.7098838579572705
0.6746958108982958,9.792124498915809e-06,0.38630079606746925,1.817159658222034e-07,7.770333620707441e-07,0.7043187546921246,0.7098838579572705
0.6751351108982957,9.792124498915809e-06,0.3852291960674693,1.817159658222034e-07,7.770333620707441e-07,0.7043187546921246,0.7098838579572705
0.6755746108982956,9.792124498915809e-06,0.3841551960674693,1.817159658222034e-07,7.770333620707441e-07,0.7043187546921246,0.7098838579572705
0.6760143108982958,9.792124498915809e-06,0.3830787960674693,1.817159658222034e-07,7.770333620707441e-07,0.7043187546921246,0.7098838579572705
0.6764542108982957,9.792124498915809e-06,0.38199999606746937,1.817159658222034e-07,7.770333620707441e-07,0.7043187546921246,0.7098838579572705
0.6768943108982957,9.792124498915809e-06,0.38091879606746937,1.817159658222034e-07,7.770333620707441e-07,0.7043187546921246,0.7098838579572705
0.6773346108982957,9.792124498915809e-06,0.3798351960674694,1.817159658222034e-07,7.770333620707441e-07,0.7043187546921246,0.7098838579572705
0.6777751108982957,9.792124498915809e-06,0.37874919606746943,1.817159658222034e-07,7.770333620707441e-07,0.7043187546921246,0.7098838579572705
0.6782158108982957,9.792124498915809e-06,0.3776607960674693,1.817159658222034e-07,7.770333620707441e-07,0.7043187546921246,0.7098838579572705
0.6786567108982957,9.792124498915809e-06,0.37656999606746927,1.817159658222034e-07,7.770333620707441e-07,0.7043187546921246,0.7098838579572705
0.6790978108982957,9.792124498915809e-06,0.3754767960674693,1.817159658222034e-07,7.770333620707441e-07,0.7043187546921246,0.7098838579572705
0.6795391108982957,9.792124498915809e-06,0.37438119606746934,1.817159658222034e-07,7.770333620707441e-07,0.7043187546921246,0.7098838579572705
0.6799806108982958,9.792124498915809e-06,0.37328319606746935,1.817159658222034e-07,7.770333620707441e-07,0.7043187546921246,0.7098838579572705
0.6804223108982956,9.792124498915809e-06,0.3721827960674694,1.817159658222034e-07,7.770333620707441e-07,0.7043187546921246,0.7098838579572705
0.6808642108982956,9.792124498915809e-06,0.3710799960674694,1.817159658222034e-07,7.770333620707441e-07,0.7043187546921246,0.7098838579572705
0.6813063108982957,9.792124498915809e-06,0.3699747960674694,1.817159658222034e-07,7.770333620707441e-07,0.7043187546921246,0.7098838579572705
0.6817486108982957,9.792124498915809e-06,0.3688671960674692,1.817159658222034e-07,7.770333620707441e-07,0.7043187546921246,0.7098838579572705
0.6821911108982958,9.792124498915809e-06,0.36775719606746926,1.817159658222034e-07,7.770333620707441e-07,0.7043187546921246,0.7098838579572705
0.6826338108982957,9.792124498915809e-06,0.3666447960674693,1.817159658222034e-07,7.770333620707441e-07,0.7043187546921246,0.7098838579572705
0.6830767108982958,9.792124498915809e-06,0.36552999606746933,1.817159658222034e-07,7.770333620707441e-07,0.7043187546921246,0.7098838579572705
0.6835198108982957,9.792124498915809e-06,0.36441279606746935,1.817159658222034e-07,7.770333620707441e-07,0.7043187546921246,0.7098838579572705
0.6839631108982958,9.792124498915809e-06,0.3632931960674694,1.817159658222034e-07,7.770333620707441e-07,0.7043187546921246,0.7098838579572705
0.6844066108982957,9.792124498915809e-06,0.3621711960674694,1.817159658222034e-07,7.770333620707441e-07,0.7043187546921246,0.7098838579572705
0.6848503108982956,9.792124498915809e-06,0.3610467960674694,1.817159658222034e-07,7.770333620707441e-07,0.7043187546921246,0.7098838579572705
0.6852942108982957,9.792124498915809e-06,0.3599199960674692,1.817159658222034e-07,7.770333620707441e-07,0.7043187546921246,0.7098838579572705
0.6857383108982957,9.792124498915809e-06,0.3587907960674693,1.817159658222034e-07,7.770333620707441e-07,0.7043187546921246,0.7098838579572705
0.6861826108982958,9.792124498915809e-06,0.3576591960674693,1.817159658222034e-07,7.770333620707441e-07,0.7043187546921246,0.7098838579572705
0.6866271108982958,9.792124498915809e-06,0.3565251960674693,1.817159658222034e-07,7.770333620707441e-07,0.7043187546921246,0.7098838579572705
0.6870718108982957,9.792124498915809e-06,0.35538879606746937,1.817159658222034e-07,7.770333620707441e-07,0.7043187546921246,0.7098838579572705
0.6875167108982957,9.792124498915809e-06,0.3542499960674694,1.817159658222034e-07,7.770333620707441e-07,0.7043187546921246,0.7098838579572705
0.6879618108982957,9.792124498915809e-06,0.35310879606746937,1.817159658222034e-07,7.770333620707441e-07,0.7043187546921246,0.7098838579572705
0.6884071108982956,9.792124498915809e-06,0.3519651960674694,1.817159658222034e-07,7.770333620707441e-07,0.7043187546921246,0.7098838579572705
0.6888526108982956,9.792124498915809e-06,0.3508191960674694,1.817159658222034e-07,7.770333620707441e-07,0.7043187546921246,0.7098838579572705
0.6892983108982957,9.792124498915809e-06,0.34967079606746926,1.817159658222034e-07,7.770333620707441e-07,0.7043187546921246,0.7098838579572705
0.6897442108982957,9.792124498915809e-06,0.3485199960674693,1.817159658222034e-07,7.770333620707441e-07,0.7043187546921246,0.7098838579572705
0.6901903108982957,9.792124498915809e-06,0.3473667960674693,1.817159658222034e-07,7.770333620707441e-07,0.7043187546921246,0.7098838579572705
0.6906366108982956,9.792124498915809e-06,0.34621119606746936,1.817159658222034e-07,7.770333620707441e-07,0.7043187546921246,0.7098838579572705
0.6910831108982958,9.792124498915809e-06,0.34505319606746937,1.817159658222034e-07,7.770333620707441e-07,0.7043187546921246,0.7098838579572705
0.6915298108982957,9.792124498915809e-06,0.34389279606746936,1.817159658222034e-07,7.770333620707441e-07,0.7043187546921246,0.7098838579572705
0.6919767108982957,9.792124498915809e-06,0.3427299960674694,1.817159658222034e-07,7.770333620707441e-07,0.7043187546921246,0.7098838579572705
0.6924238108982957,9.792124498915809e-06,0.3415647960674694,1.817159658222034e-07,7.770333620707441e-07,0.7043187546921246,0.7098838579572705
0.6928711108982957,9.792124498915809e-06,0.34039719606746927,1.817159658222034e-07,7.770333620707441e-07,0.7043187546921246,0.7098838579572705
0.6933186108982957,9.792124498915809e-06,0.33922719606746926,1.817159658222034e-07,7.770333620707441e-07,0.7043187546921246,0.7098838579572705
0.6937663108982958,9.792124498915809e-06,0.3380547960674693,1.817159658222034e-07,7.770333620707441e-07,0.7043187546921246,0.7098838579572705
0.6942142108982957,9.792124498915809e-06,0.3368799960674693,1.817159658222034e-07,7.770333620707441e-07,0.7043187546921246,0.7098838579572705
0.6946623108982957,9.792124498915809e-06,0.33570279606746933,1.817159658222034e-07,7.770333620707441e-07,0.7043187546921246,0.7098838579572705
0.6951106108982957,9.792124498915809e-06,0.3345231960674694,1.817159658222034e-07,7.770333620707441e-07,0.7043187546921246,0.7098838579572705
0.6955591108982957,9.792124498915809e-06,0.3333411960674694,1.817159658222034e-07,7.770333620707441e-07,0.7043187546921246,0.7098838579572705
0.6960078108982957,9.792124498915809e-06,0.33215679606746945,1.817159658222034e-07,7.770333620707441e-07,0.7043187546921246,0.7098838579572705
0.6964567108982957,9.792124498915809e-06,0.33096999606746924,1.817159658222034e-07,7.770333620707441e-07,0.7043187546921246,0.7098838579572705
0.6969058108982957,9.792124498915809e-06,0.32978079606746924,1.817159658222034e-07,7.770333620707441e-07,0.7043187546921246,0.7098838579572705
0.6973551108982957,9.792124498915809e-06,0.3285891960674693,1.817159658222034e-07,7.770333620707441e-07,0.7043187546921246,0.7098838579572705
0.6978046108982957,9.792124498915809e-06,0.3273951960674693,1.817159658222034e-07,7.770333620707441e-07,0.7043187546921246,0.7098838579572705
0.6982543108982957,9.792124498915809e-06,0.3261987960674693,1.817159658222034e-07,7.770333620707441e-07,0.7043187546921246,0.7098838579572705
