Left_Arm_Joint_1,Left_Arm_Joint_2,Left_Arm_Joint_3,Left_Arm_Joint_4,Left_Arm_Joint_5,Left_Arm_Joint_6,Left_Arm_Joint_7,Right_Arm_Joint_1,Right_Arm_Joint_2,Right_Arm_Joint_3,Right_Arm_Joint_4,Right_Arm_Joint_5,Right_Arm_Joint_6,Right_Arm_Joint_7
-0.4556969676313454,-0.2055128788178937,1.0259500010115614,-2.5998969703523676,-1.0682395081075473,1.3976335376152074,1.6781147592558057,2.8977137729127183,0.15709999639587902,2.5830869049428333,-2.6334845644976808,1.1352681236304933,1.304914341862184,-0.1443145666897746
-0.4556968916542621,-0.20551291461875554,1.025950077139723,-2.5998969684970508,-1.0682395220779366,1.397633534439703,1.6781147690352363,2.8977138640214815,0.15710000434257454,2.5830868032435923,-2.633484575521866,1.13526811721157,1.3049143564456123,-0.14431455993958842
-0.4556969948358889,-0.20551295118105894,1.0259501765056358,-2.599896972037821,-1.0682395044494717,1.3976335681185796,1.678114753272438,2.897713730579568,0.15709999069966774,2.5830869344429637,-2.633484573593866,1.1352681266238611,1.3049143358372408,-0.14431456826472877
-0.4556968948085114,-0.20551286076459707,1.0259502224429466,-2.599896965584468,-1.0682395247054863,1.3976335400961508,1.6781147690877685,2.89771379085869,0.15709999513263107,2.583086838495378,-2.6334846279226793,1.135268124951941,1.304914345705689,-0.14431456436404744
-0.4556970267180631,-0.2055129075634854,1.0259503494654991,-2.599896970116369,-1.0682395021425215,1.3976335832031284,1.6781147489136874,2.8977135764705952,0.15709997321794988,2.5830870492797793,-2.6334846248242476,1.135268140075562,1.3049143125959555,-0.14431457773703782
-0.4556968562331827,-0.20551290183021997,1.0259504916060038,-2.5998969807106054,-1.068239527599089,1.3976335410440432,1.6781147649016797,2.8977138225379075,0.1571000005922154,2.583086786692082,-2.6334846805673626,1.1352681238999034,1.304914350437448,-0.1443145628154292
-0.45569691202806784,-0.2055129215999738,1.025950545338091,-2.599896982624532,-1.0682395180669912,1.3976335592562465,1.6781147563788723,2.8977138228547847,0.15710000062480067,2.5830867863809335,-2.633484680571377,1.135268123877965,1.3049143504864262,-0.14431456279530674
-0.4554460431355256,-0.2054031512305956,1.025773571790408,-2.5998867587075702,-1.0682806450554159,1.3975543645072346,1.678153036043489,2.897713828674773,0.157100003212159,2.583086787767062,-2.6334846847767235,1.1352681229346249,1.3049143510028642,-0.14431456348100158
-0.4554460522238504,-0.20540315444819424,1.0257735805429942,-2.5998867590186756,-1.0682806435024554,1.3975543674721536,1.6781530346568774,2.897713792247922,0.15709999949005526,2.583086823580034,-2.633484684250225,1.1352681255038009,1.304914345377675,-0.14431456575261348
-0.455245167025895,-0.20531522168981464,1.025631305016442,-2.5998785644082645,-1.068313548512081,1.3974910024859248,1.6781836813186395,2.8977138028321825,0.15709999821469234,2.5830868476699287,-2.6334846252709587,1.1352681244783134,1.304914346899296,-0.14431456547709798
-0.4550545041735452,-0.20523195380701864,1.025496801897642,-2.5998708053349837,-1.0683448201863728,1.3974307994704231,1.6782127733644456,2.8977137679399814,0.15709999482087822,2.583086906517174,-2.6334845683135057,1.1352681238426783,1.3049143411674478,-0.1443145670688193
-0.45505451566470523,-0.20523195788132043,1.0254968129639899,-2.5998708057298368,-1.0683448182226094,1.3974308032227816,1.6782127716079458,2.8977137517295386,0.15709999316510026,2.5830869224551236,-2.633484568079173,1.1352681249858996,1.3049143386643007,-0.14431456807967424
-0.4548036359743426,-0.20512219208746174,1.0253194928086131,-2.5998605850006644,-1.0683859373086353,1.3973515729779864,1.6782510563012014,2.897713716089772,0.1570999892826923,2.583086948071541,-2.6334845675333467,1.1352681279631633,1.3049143334753985,-0.14431456937121534
-0.45480353626762504,-0.20512215675610612,1.0253193967886602,-2.5998605815794953,-1.0683859543441523,1.3973515404328536,1.6782510715338468,2.8977139697490415,0.15710001520742045,2.583086698680903,-2.63348457119819,1.1352681100685378,1.3049143726475254,-0.14431455354953826
-0.45455283664514834,-0.2050124122269903,1.0251420024085842,-2.5998503663157466,-1.0684270321021963,1.3972724163652614,1.6782893248195663,2.89771367812698,0.15709998601042652,2.5830869565541903,-2.633484621574366,1.135268133132722,1.3049143279233393,-0.14431457172509932
-0.45455272657474577,-0.20501237322277532,1.0251418964087176,-2.599850362539106,-1.068427050907622,1.397272380437638,1.6782893416354705,2.8977137768483345,0.1570999961016175,2.583086859493715,-2.6334846230020768,1.1352681261676962,1.3049143431686803,-0.14431456556699918
-0.454352017678211,-0.20492471112910327,1.025000131832238,-2.5998421878474964,-1.0684599584740901,1.3972090155553643,1.6783199642531796,2.897713914295622,0.15713631505551184,2.582754334769527,-2.6335207607407387,1.1352435897041395,1.304965354901097,-0.14429344335246852
-0.45418146422286476,-0.20485013789209017,1.0248795910448223,-2.599835233530581,-1.068487914721901,1.3971551732801473,1.678345988788216,2.897713930884292,0.15716719280613178,2.5824716327427257,-2.633551430719634,1.1352227264258778,1.3050087274342816,-0.14427548397805456
-0.4541815628137744,-0.20485017282565732,1.0248796859904559,-2.5998352369137923,-1.0684878978774641,1.397155205459855,1.678345973727681,2.8977138159392037,0.15716718105783167,2.582471745754571,-2.633551429059062,1.1352227345346138,1.305008709683332,-0.14427549114723492
-0.45393064528074767,-0.2047403983830396,1.0247022187849177,-2.599825007008749,-1.0685290258762388,1.3970759694548534,1.6783842640644977,2.8977138552969812,0.15721258425367957,2.5820560167144215,-2.633596550981408,1.135192056965145,1.3050724899932646,-0.1442490811397108
-0.45393063591124694,-0.2047403950627551,1.0247022097621405,-2.599825006687302,-1.0685290274767292,1.3970759663955974,1.678384265496387,2.8977138508036706,0.157212583795467,2.5820560211312387,-2.6335965509174124,1.135192057281779,1.305072489299373,-0.14424908141925608
-0.4536797230944476,-0.2046306028087166,1.0245249047489464,-2.599814768805124,-1.0685701649493335,1.3969967381168846,1.6784225555135457,2.8977138168176513,0.15725797393795804,2.5816403959304566,-2.6336417178924005,1.1351613892457537,1.3051362504865596,-0.14422267896257324
-0.4535291482353614,-0.2045648131218547,1.0244185642490127,-2.599808632656196,-1.0685948434208923,1.3969492093872775,1.6784455285970283,2.8977138173958927,0.15728520641980026,2.581391021059531,-2.633668834645173,1.1351429887560898,1.3051745067001241,-0.14420683817583635
-0.45352913125853433,-0.2045648069857391,1.0244185479133154,-2.599808632063919,-1.0685948463715418,1.3969492037468187,1.6784455312335105,2.897713718552172,0.1572851963189883,2.5813911182404095,-2.6336688332171865,1.1351429957294068,1.305174491436171,-0.1442068443399328
-0.4532781611158736,-0.20445490928913745,1.0242410220604317,-2.5997984180564235,-1.0686358827551228,1.3968700503608416,1.6784838098547699,2.8977137165481235,0.15733057910983028,2.5809755348256935,-2.633713992073392,1.135112330225252,1.305238247273655,-0.1441804448377123
-0.45327815986882847,-0.20445490884735396,1.024241020859117,-2.599798418013463,-1.0686358829680271,1.3968700499544537,1.678483810045038,2.8977138420378807,0.15733059193479204,2.5809754114470067,-2.633713993886647,1.135112321372552,1.3052382666521787,-0.14418043701138816
-0.45302729034994993,-0.20434505478709486,1.0240636043236853,-2.5997881844923683,-1.0686769761041788,1.3967908954051564,1.678522084400293,2.897713792365476,0.15737596076624571,2.580559954288299,-2.633759145699522,1.1350816636760968,1.3053020044795538,-0.14415404436625068
-0.4528013918462177,-0.20424628058765126,1.0239041328146543,-2.5997789760277508,-1.0687140104696606,1.3967195797917968,1.678556552904121,2.8977138460855656,0.15741681109042993,2.5801858534277002,-2.633799818061324,1.1350540586852562,1.3053593963470287,-0.14413027958516722
-0.4528013981119541,-0.2042462828080156,1.0239041388484553,-2.5997789762437438,-1.0687140093989829,1.3967195818373606,1.6785565519477066,2.8977138697160356,0.15741681350680636,2.5801858301954113,-2.633799818402926,1.1350540570184382,1.3053593999967332,-0.1441302781107503
-0.45255059873021786,-0.2041364082396555,1.023726719139379,-2.599768737106553,-1.0687551081406275,1.396640400199443,1.67859481623616,2.897713810588982,0.15746219470464817,2.5797702287731585,-2.6338450197429597,1.13502339027576,1.3054231589853291,-0.1441038767906142
-0.4525504415259416,-0.2041363525365245,1.0237265677486143,-2.599768731713624,-1.0687551349981188,1.396640348889143,1.6785948402517175,2.8977136451774435,0.15746217780106297,2.5797703913983447,-2.6338450173512675,1.1350234019458507,1.3054231334427366,-0.14410388710702005
-0.4522996951936431,-0.20402655406922054,1.023549292567175,-2.5997584969377705,-1.0687962310317785,1.3965611803773808,1.6786331067983618,2.897713848968836,0.15750756916210307,2.579354705740908,-2.6338901808546504,1.134992725476387,1.3054869098254942,-0.1440774789982563
-0.45229997463566995,-0.20402665307851908,1.023549561673562,-2.5997585065257875,-1.0687961832901456,1.396561271586096,1.6786330641105565,2.897714856543022,0.15750785063727668,2.5793537188272992,-2.633890208080671,1.1349925945851762,1.3054871894852669,-0.14407735982695558
-0.45204918472715505,-0.20391696098326495,1.0233724959185118,-2.5997482791455893,-1.0688373003969538,1.396482100955314,1.6786713311958161,2.8977149657061396,0.1575533302842318,2.5789377052534377,-2.6339353601034654,1.134961873542428,1.3055510563908004,-0.14405091289350702
-0.45204922909720224,-0.2039169767065081,1.0233725386476102,-2.5997482806680594,-1.068837292815302,1.3964821154382694,1.6786713244163423,2.8977150555119664,0.15755333950109707,2.578937616958349,-2.6339353614037218,1.1349618671936001,1.3055510702850461,-0.14405090727958358
-0.4517986638017124,-0.20380737794198467,1.0231957898880344,-2.5997380643411647,-1.0688783699678686,1.396403024572641,1.6787095553417384,2.8977154953415294,0.15759914489872284,2.5785204707874243,-2.63398054307871,1.1349309947009858,1.3056152610316616,-0.1440243219516596
-0.4517987125746945,-0.20380739522510538,1.023195836857595,-2.599738066013952,-1.0688783616340265,1.3964030404921557,1.6787095478908185,2.8977156159945316,0.15759915730601604,2.57852035216753,-2.633980544828762,1.1349309861645391,1.3056152797167897,-0.14402431440243557
-0.4515484008966819,-0.2036977763342387,1.0230190404520654,-2.599727857083664,-1.0689193818977598,1.3963239937409195,1.6787477445335215,2.8977159815740023,0.15764505934736484,2.578102762326928,-2.634025746254503,1.1349000646026461,1.3056795761207978,-0.1439976845953126
-0.45154849838171707,-0.2036978108768901,1.0230191343328157,-2.5997278604288647,-1.0689193652425368,1.3963240255605083,1.678747729641013,2.8977159156600507,0.15764505256086325,2.5781028271302002,-2.6340257452980933,1.1349000692691618,1.3056795659073632,-0.1439976887219241
-0.4512982585213434,-0.2035882420483599,1.022842308298526,-2.5997176578889514,-1.0689603633498903,1.3962450012504233,1.678785914948568,2.897716300814892,0.15769105190265043,2.5776847632526394,-2.634070953775835,1.1348690965376622,1.3057439710272716,-0.1439710133977803
-0.4512982578566094,-0.20358824181279545,1.0228423076578723,-2.5997176578664742,-1.0689603634631553,1.3962450010336882,1.67878591504956,2.8977163015337677,0.15769105197625954,2.577684762545301,-2.634070953785581,1.134869096486534,1.305743971138281,-0.14397101335350504
-0.4510730667389211,-0.20348959536339706,1.02268314533063,-2.599708462150315,-1.0689972711679951,1.3961739109186277,1.6788202818099238,2.8977161820497344,0.15773242961694178,2.5773087070575826,-2.6341116081008535,1.1348412333963478,1.3058019071819564,-0.14394701693361867
-0.45084531682558193,-0.2033899724183943,1.0225224057086733,-2.599699173400076,-1.06903461303214,1.3961020169324607,1.6788550323929448,2.89771613625339,0.15777426482917467,2.576928498577095,-2.6341527097522164,1.1348130604284163,1.305860483068603,-0.14392275509748687
-0.4508457186204815,-0.20339011478420232,1.0225227926422589,-2.5996991871867188,-1.0690345443864784,1.396102148079927,1.6788549710123135,2.897717238338606,0.15777453407829434,2.5769274182326942,-2.6341527367925273,1.1348129301881287,1.3058607621169003,-0.14392263692186025
-0.4505957220240262,-0.2032806253714865,1.0223462166309414,-2.599688983755346,-1.0690755123671734,1.3960232052324848,1.6788931218368761,2.897717269507279,0.15782069780530605,2.5765088179521776,-2.6341979275844776,1.1347818781452654,1.3059253318631692,-0.1438958906286495
-0.45059580657077447,-0.20328065533213735,1.0223462980516498,-2.59968898665629,-1.0690754979214807,1.396023232829343,1.6788931089200645,2.897717406365379,0.1578207119617565,2.576508683400508,-2.634197929574316,1.1347818684344249,1.3059253531149388,-0.14389588203873915
-0.4503459848473561,-0.2031712653726796,1.0221698642900678,-2.5996787943949844,-1.0691164290081714,1.3959443477409836,1.6789312293334602,2.8977171735034073,0.15786693942459618,2.576089899105682,-2.6342431219474247,1.1347507868779558,1.3059899856763457,-0.14386910866174518
-0.45034845959487413,-0.20317308725822159,1.0221721620037743,-2.599678964990498,-1.0691155682125988,1.395945912654443,1.6789304596489165,2.897717712526706,0.15786699517724379,2.5760893691647127,-2.6342431297839135,1.1347507486297381,1.3059900693770046,-0.14386907483330014
-0.4501004134584523,-0.20306505021286814,1.021997565782283,-2.5996688932879772,-1.0691559066312593,1.3958681656057967,1.6789680311830315,2.8977177797119147,0.15791327277684553,2.5756701095893764,-2.634288326439559,1.1347196307197762,1.306054777291667,-0.1438422708062148
-0.45010031418819985,-0.2030650154157856,1.021997470148773,-2.5996688899168845,-1.0691559234155807,1.3958681335071779,1.6789680461918897,2.897717449002048,0.1579132385712425,2.575670434726325,-2.6342883216327224,1.1347196541862936,1.3060547259388073,-0.14384229156146444
-0.44985298493388015,-0.2029575159777499,1.0218234980085352,-2.5996588667780323,-1.0691960076817066,1.3957908465371673,1.6790053911905582,2.8977176877677593,0.15795953625300996,2.5752509815785984,-2.6343335214322017,1.1346885213028313,1.3061194653850259,-0.14381547452101406
-0.44985333555583296,-0.20295772039533677,1.0218238283917227,-2.59965888608029,-1.0691959106208255,1.3957910252690002,1.6790053044035211,2.897717911845895,0.15795955942963413,2.5752507612763385,-2.6343335246899278,1.134688505403202,1.3061195001810115,-0.14381546045862859
-0.4496059060794346,-0.20285010580636875,1.021649600469705,-2.5996488560626414,-1.0692359844672747,1.39571372543241,1.6790426522710886,2.897717794417286,0.15800584045465937,2.574831452351992,-2.634378708922453,1.134657382882662,1.306184218442632,-0.1437886519632412
-0.44960609982399635,-0.20285017365272662,1.0216497871233914,-2.5996488626370406,-1.0692359517399845,1.395713788026022,1.6790426230082387,2.8977178213984924,0.1580058954670065,2.574831426903865,-2.6343787130246814,1.1346573634436181,1.3061842589621753,-0.14378863376996154
-0.44935904962587525,-0.2027427486980402,1.0214757834744708,-2.5996388473277188,-1.0692759457759342,1.3956366444415274,1.6790798991310725,2.8977180022392144,0.15805223265892931,2.5744118184829397,-2.6344239116954395,1.1346262103201092,1.306249043260955,-0.14376179739994188
-0.44935952245519584,-0.2027430765660485,1.0214762242672384,-2.599638878091998,-1.0692757906885193,1.3956369273446345,1.6790797604515806,2.8977180508613394,0.15805223769403143,2.574411770681184,-2.634423912402619,1.134626206868616,1.306249050815535,-0.14376179434600733
-0.44911261870404307,-0.20263584757458908,1.0213024959718169,-2.599628882796284,-1.0693157309962107,1.3955598988833602,1.6791169761341393,2.8977180365206614,0.15809860408920695,2.5739921393804632,-2.6344691146999155,1.1345950407239624,1.3063138568717698,-0.143734948268318
-0.4491131185998265,-0.20263610310492908,1.0213029702614804,-2.5996289070600254,-1.069315609249971,1.3955601249331329,1.6791168672720058,2.89771876065595,0.15809878413239464,2.573991429630846,-2.6344691327014056,1.1345949540279525,1.306314042507028,-0.14373486957916182
-0.4488668953443087,-0.2025292641122327,1.0211300316314746,-2.599618946329767,-1.069355375806305,1.3954834225465973,1.6791539273288123,2.8977189511360173,0.15814526184079458,2.5735712510617574,-2.6345143317891058,1.1345637292353639,1.3063789746704564,-0.14370797051578543
-0.4488671266737816,-0.20252950607877196,1.0211302398615087,-2.599618968779416,-1.0693552621305598,1.3954836264078399,1.6791538256793075,2.8977192283194455,0.1581453380767368,2.573570979542094,-2.6345143392016115,1.1345636935828773,1.3063790508344395,-0.14370793807432736
-0.44862150205254014,-0.2024228825966521,1.020957681814938,-2.5996090320629017,-1.0693948637687694,1.3954071997068445,1.679190750342019,2.8977194250196376,0.1581919619047616,2.573150125015882,-2.6345595391401093,1.1345323937561484,1.3064441447121071,-0.1436809709717235
-0.4486212811818726,-0.20242272507343984,1.020957476317367,-2.5996090172944935,-1.06939493823801,1.3954070640266538,1.6791908169312793,2.897719276239256,0.1581919464437207,2.5731502712877408,-2.634559536972576,1.1345324043377485,1.3064441215598523,-0.1436809803322212
-0.4483759369029201,-0.2023164276424847,1.020785035018302,-2.599599107440166,-1.0694343988717865,1.3953308982038388,1.6792276149113228,2.8977193021720034,0.1582386046087132,2.5727293007622976,-2.634604746999507,1.1345010881482775,1.3065092509395093,-0.1436539976921034
-0.4483761466475755,-0.2023165006846206,1.020785237122463,-2.599599114520629,-1.0694343636295356,1.395330965639535,1.6792275834000616,2.897719335236358,0.15823860804533396,2.572729268254827,-2.6346047474819163,1.1345010857961608,1.3065092560849885,-0.1436539956126569
-0.44813057991567096,-0.20221013432553736,1.0206126822696078,-2.599589202133291,-1.0694738862685078,1.3952546666053376,1.6792644330128779,2.897719402173756,0.15828526229126094,2.5723083373532774,-2.6346499475908307,1.1344697707628677,1.3065743800742493,-0.14362701516662435
-0.448130581393138,-0.20221013484041261,1.0206126836926401,-2.5995892021830365,-1.0694738860205035,1.3952546670806498,1.6792644327902986,2.8977192533822347,0.15828524682912293,2.5723084836358794,-2.634649945422501,1.1344697813447586,1.3065743569194774,-0.14362702452774456
-0.4478851460817195,-0.20210376375390116,1.0204402018685235,-2.59957928664715,-1.069513379935949,1.395178428100114,1.6793012644307987,2.897719311825373,0.1583272433461338,2.571929573700766,-2.6346906049518135,1.1344415905708203,1.3066329822882956,-0.14360273639558274
-0.44768897290365395,-0.20201878871368262,1.0203026151379726,-2.5995713646118106,-1.069544958740022,1.3951175025878966,1.6793307013313008,2.897719324566964,0.15836549211531725,2.571584487104934,-2.63472765511902,1.1344159148919224,1.306686373818863,-0.14358061601661454
-0.44768883383575364,-0.20201874028347522,1.0203024811355315,-2.599571359917947,-1.0695449821076348,1.395117457875382,1.6793307222248934,2.8977193238349592,0.15836549204035721,2.5715844878247083,-2.6347276551088403,1.1344159149445683,1.3066863737056722,-0.1435806160619456
-0.4474434711595707,-0.2019124600905382,1.0201302551834024,-2.599561451089208,-1.0695844763834828,1.3950412511525254,1.6793675411241908,2.8977192457054795,0.15841213031739398,2.5711636906209936,-2.634772857429872,1.134384607451101,1.3067514783659764,-0.14355364293570128
-0.4474437361761945,-0.201912625316373,1.0201305039131077,-2.5995614666524185,-1.0695843980481774,1.395041394884041,1.6793674710765458,2.8977192735819965,0.1584121332132924,2.571163663214879,-2.6347728578357663,1.1343846054687436,1.306751482703708,-0.14355364118257175
-0.4471983982913601,-0.20180632724308722,1.019958210301195,-2.5995515543309917,-1.0696238830877869,1.3949651955117597,1.6794042792588586,2.8977196741099256,0.15845886037820467,2.570742477825151,-2.634818056004776,1.1343532522434077,1.3068166845065776,-0.1435266271575436
-0.4471983321771633,-0.20180630424049006,1.0199581465923488,-2.5995515521011705,-1.069623894188151,1.394965174272385,1.6794042891830783,2.8977195309286543,0.15845884548160627,2.5707426185915274,-2.634818053917245,1.1343532624309358,1.3068166622128623,-0.14352663617220918
-0.4469535654230894,-0.20170032625379353,1.019786277004414,-2.599541669591942,-1.0696632168229652,1.3948892610961128,1.6794409590495052,2.897719939146395,0.15850566489780604,2.5703210539657384,-2.6348632408183676,1.134321862321101,1.3068819632605573,-0.14349958005469865
-0.44695366907046985,-0.20170036228609067,1.0197863768820525,-2.599541673084296,-1.0696631994373016,1.3948892943696016,1.6794409435027573,2.8977200088406043,0.15850567215777467,2.5703209854469993,-2.6348632418355225,1.1343218573590754,1.3068819741182427,-0.14349957566416494
-0.44670879371099836,-0.20159436477232084,1.0196145149693558,-2.599531780002372,-1.069702552330524,1.3948133498570483,1.6794776282267634,2.897720092675714,0.15855248540863842,2.5698994552521377,-2.634908418947648,1.1342904591854055,1.3069472707743914,-0.1434725208705816
-0.44670872048942023,-0.20159433931562454,1.0196144444108493,-2.599531777534877,-1.0697025646134843,1.3948133263502376,1.6794776392111137,2.8977199587853892,0.15855247146329488,2.569899586884002,-2.6349084169944,1.1342904687185142,1.3069472499162016,-0.1434725293036967
-0.44648854380182357,-0.20149897655994664,1.0194598257101486,-2.599522890625016,-1.0697379083127627,1.3947450567856956,1.6795106235407395,2.8977200629256608,0.15859461952050502,2.5695200294364753,-2.634949091537148,1.1342621982352765,1.3070060443918217,-0.14344816868211396
-0.44630982727657553,-0.2014215845281262,1.0193344772474529,-2.5995156695623596,-1.0697666228289124,1.3946896231876345,1.6795373973321945,2.8977198823001267,0.158628770574186,2.5692124789846087,-2.6349821122376125,1.1342392921849684,1.3070536816103093,-0.14342843029557362
-0.4463113520898041,-0.2014225837163286,1.0193359038770762,-2.599515763498423,-1.0697661497495172,1.3946904892805474,1.679536974303331,2.89772070642387,0.1586289096341713,2.5692116698794916,-2.63498212804928,1.1342392156005938,1.3070538470905797,-0.1434283615359373
-0.4460671233888487,-0.201316985433734,1.0191647638485053,-2.599505919557036,-1.069805261645942,1.394614953064285,1.6795734630089267,2.897720587974568,0.15867576170722808,2.568789949720113,-2.635027393533443,1.1342077981137053,1.3071191872174857,-0.1434012882877964
-0.44606729318264904,-0.201317044127733,1.0191649274967078,-2.5995059252494843,-1.0698052333181405,1.3946150073067587,1.6795734376804665,2.8977209019601045,0.15867584776661436,2.568789642150083,-2.6350274019124695,1.134207757805836,1.3071192733180643,-0.14340125161844453
-0.44582386890481285,-0.20121198582419186,1.0189946660402747,-2.599496126772423,-1.069844109714123,1.3945399247598083,1.6796097077608154,2.8977208995396637,0.15872279445057602,2.5683674407739705,-2.6350726755490994,1.1341762898695105,1.3071847214528196,-0.14337413350864026
-0.4458239743260419,-0.20121202226857715,1.0189947676455482,-2.599496130306587,-1.0698440921256376,1.3945399584383065,1.6796096920332806,2.8977209652505174,0.1587228013121158,2.56836737617291,-2.635072676508834,1.1341762851850454,1.3071847317010095,-0.14337412936268357
-0.44558096083939613,-0.20110713658797064,1.0188246008484647,-2.599486354673936,-1.0698828616980594,1.394465045379163,1.6796458722744196,2.897721442939419,0.15876990960475768,2.56794450432691,-2.6351179380891088,1.134144736349549,1.3072503529202253,-0.14334693825703915
-0.4455807722280296,-0.20110707144700246,1.018824419058479,-2.599486348357029,-1.0698828931378284,1.394464985173106,1.6796459003870297,2.8977214049930087,0.1587699056382046,2.5679445416332918,-2.6351179375349782,1.134144739056502,1.3072503469991288,-0.1433469406522384
-0.4453388442500241,-0.20100266763317354,1.01865538500918,-2.599476610057028,-1.0699214587449992,1.394390485110124,1.6796818867110765,2.897723315487239,0.15881748863866862,2.5675197624123562,-2.6351632140913566,1.1341129573962963,1.3073164633643,-0.14331953947464082
-0.4451693325594279,-0.20092953241155165,1.0185366560040645,-2.5994697905045854,-1.0699484655973208,1.3943382844604928,1.6797070868009705,2.89772318546399,0.15885077738067377,2.567222589463471,-2.63519488708735,1.1340907215611526,1.3073627187316803,-0.14330036879578145
-0.4451695791055288,-0.200929694034798,1.0185368866573778,-2.599469805697783,-1.069948389090432,1.3943384245857162,1.6797070183893323,2.897724032607446,0.15885097514006663,2.567221758912172,-2.6351949072525507,1.1340906243315123,1.3073629271121487,-0.1433002807151046
-0.444927906651011,-0.2008255083003112,1.0183679703881738,-2.599460100059267,-1.0699868334070466,1.394264073082356,1.6797429222027294,2.897723894231726,0.15889858288858072,2.566797034927209,-2.6352401740142017,1.134058834036799,1.3074290584272688,-0.14327287149291912
-0.44492781980404406,-0.20082547838595577,1.0183678866747927,-2.5994600971582162,-1.069986847846474,1.3942640454249418,1.6797429351148256,2.8977239150321346,0.15889858508122057,2.5667970144781425,-2.6352401743197458,1.1340588325465546,1.3074290616858568,-0.14327287017516022
-0.44468627169607,-0.2007213213376895,1.0181990436779582,-2.599450384609171,-1.0700252628385165,1.394189802446621,1.6797788030444085,2.8977240362913506,0.15894634211236247,2.5663715828901914,-2.6352854696320525,1.1340269660393323,1.3074953588905562,-0.14324539114912294
-0.44468653925919366,-0.2007214134922206,1.018199301588572,-2.5994503935490796,-1.0700252183547887,1.3941898876510956,1.6797787632712673,2.89772390504306,0.1589463282757686,2.5663717119213025,-2.63528546770612,1.1340269754396197,1.3074953383287982,-0.14324539946931392
-0.44444450707183414,-0.20061706511057054,1.0180300803455884,-2.5994406679599797,-1.0700637530463233,1.39411540653858,1.6798147309274096,2.8977240199738343,0.15899409894189276,2.565946150068287,-2.6353307754860156,1.1339951059182278,1.3075616672170693,-0.1432179132223812
-0.44444462430721465,-0.20061710552581502,1.0180301933493743,-2.599440671881484,-1.0700637335380767,1.3941154439011978,1.6798147134855927,2.8977239857374713,0.15899409533221398,2.5659461837271973,-2.6353307749830917,1.1339951083707145,1.30756166185349,-0.1432179153920764
-0.44420270326047717,-0.200512768170384,1.0178609695598242,-2.5994309439198906,-1.0701022462896281,1.3940410158538779,1.6798506661857555,2.89772385061341,0.15904183820880347,2.5655209026514356,-2.6353760577787004,1.1339632492735627,1.3076279376396025,-0.14319044530262237
-0.44420281891323743,-0.20051280804135274,1.0178610810370303,-2.599430947788303,-1.0701022270443694,1.3940410527131313,1.6798506489780456,2.897723993689965,0.15904185329170217,2.565520761991788,-2.6353760598790106,1.1339632390248042,1.30762796005494,-0.14319043623329086
-0.4439852949542429,-0.20041908838717415,1.0177089848625007,-2.5994222073008926,-1.070136817445193,1.3939741853143053,1.6798829428238555,2.8977243205866348,0.1590848995043168,2.5651377464179355,-2.6354167823609167,1.1339345269306362,1.3076876883734,-0.14316567860829432
-0.4439854062033648,-0.2004191267045341,1.0177090920983778,-2.5994222110185135,-1.0701367989487878,1.3939742207416481,1.6798829262861608,2.897724183695022,0.15908488505864238,2.5651378809963283,-2.635416780351181,1.1339345367409883,1.307687666916593,-0.14316568729093926
-0.44378761643231357,-0.20033385479624943,1.0175709744528536,-2.599414256846173,-1.0701682599413669,1.393913412652866,1.6799122953361243,2.897724956317198,0.15912428968946646,2.564788043606951,-2.6354539001146944,1.1339082820535247,1.3077422903715492,-0.14314304388559196
-0.4436056587898394,-0.2002555179881469,1.017444052638445,-2.5994069489000022,-1.0701972042590508,1.3938575005593288,1.6799393065256742,2.8977248485058826,0.159160455301131,2.564466772778335,-2.6354880638066485,1.1338841863732805,1.3077924455516512,-0.14312225819615854
-0.443605590021666,-0.20025549430337009,1.0174439863507052,-2.599406946602023,-1.070197215691727,1.3938574786604088,1.6799393167484284,2.8977249024169875,0.15916046100288694,2.564466719778107,-2.635488064598122,1.1338841825056925,1.3077924540101704,-0.14312225477246066
-0.4433644351247521,-0.20015143730710605,1.0172753455612744,-2.599397242964531,-1.0702355585828274,1.3937833525603036,1.6799751075893274,2.8977249753713483,0.15920845924512106,2.56404037823855,-2.635533397671983,1.13385219604665,1.3078590027989727,-0.14309466796601844
-0.44336461352229417,-0.20015157481975443,1.0172755105786218,-2.599397255823634,-1.0702354937049607,1.39378347048382,1.6799750495756962,2.897725088347066,0.1592084711954691,2.564040267172544,-2.63553339933314,1.1338521879419046,1.3078590205261094,-0.14309466079153133
-0.4431235443857222,-0.20004766879286429,1.0171070451854902,-2.5993875629198984,-1.070273807852261,1.3937094149645999,1.680010825290827,2.8977249222106938,0.1592564589094554,2.563614032009726,-2.635578695765469,1.1338202060395386,1.307925556271413,-0.14306707962172116
-0.44312397324210373,-0.20004795278188325,1.0171074461217557,-2.599387589607997,-1.0702736734529728,1.3937096610343174,1.6800107051065876,2.8977250242339245,0.15925646970057605,2.5636139317104085,-2.63557869726539,1.1338201987201209,1.3079255722797676,-0.14306707314221756
-0.44288296906595637,-0.19994417962622446,1.0169391247674646,-2.5993779084924853,-1.0703119330057627,1.3936357022948105,1.6800464248917821,2.8977251595509603,0.15930448110755124,2.563187475617873,-2.6356239652260482,1.1337881982459759,1.307992145974067,-0.14303947634572567
-0.4428832360813937,-0.19994427135603576,1.0169393821715893,-2.599377917391571,-1.0703118887226486,1.3936357871347607,1.6800463852970937,2.8977250121749893,0.15930446551963762,2.563187620503978,-2.6356239630589,1.133788208819607,1.3079921228496292,-0.14303948570437097
-0.44264254957193216,-0.19984062427650606,1.0167713591258414,-2.5993682518684915,-1.0703500568951743,1.3935619854588817,1.68008203430713,2.897724893405874,0.15935245704803203,2.5627613214771063,-2.635669241409072,1.133756227824071,1.3080586819842677,-0.1430118998718296
-0.4426425147609443,-0.19984061231736305,1.0167713255676967,-2.5993682507082037,-1.0703500626681999,1.393561974398918,1.6800820394695215,2.897725109357822,0.15935247988859658,2.5627611091744207,-2.63566924458356,1.1337562123315246,1.3080587158681025,-0.14301188615863092
-0.44240195991446996,-0.19973701419113432,1.0166034641027402,-2.599358587671591,-1.0703882223640493,1.3934881990467654,1.6801176707334724,2.8977249983043993,0.15940046539416985,2.5623348613863506,-2.63571455244573,1.1337242286270934,1.308125254247002,-0.14298430327964073
-0.44240176745702087,-0.1997369480756621,1.0166032785727914,-2.5993585812571727,-1.0703882542817222,1.3934881378964716,1.6801176992731062,2.8977254925508387,0.15940057237390004,2.562334376631199,-2.6357145636122024,1.1337241747281268,1.308125369962799,-0.14298425455109998
-0.4421610262563531,-0.1996332708494144,1.0164351946318426,-2.59934890782029,-1.0704264810727215,1.3934142429823586,1.680153387391548,2.8977254198471485,0.15944860284230522,2.5619079082994176,-2.635759872508308,1.1336921661744592,1.3081919602412082,-0.14295665010264647
-0.4421610507656508,-0.19963327927947638,1.0164352182569338,-2.599348908638113,-1.0704264770041787,1.3934142507778011,1.6801533837509597,2.8977254633247505,0.159448607446798,2.5619078655569467,-2.635759873148872,1.1336921630535837,1.3081919670672955,-0.14295664734010938
-0.44192065633604205,-0.1995298186989265,1.0162674640584495,-2.599339253899488,-1.0704645658487788,1.3933406129040762,1.6801889583106169,2.897725493169755,0.15949670345727984,2.5614810980035543,-2.635805147341953,1.1336601184442514,1.3082586321433824,-0.14292901137716452
-0.44192047615079577,-0.19952975685392627,1.016267290353431,-2.5993392478991844,-1.0704645957057632,1.3933405556975025,1.6801889850063887,2.897725528447637,0.1594967071930511,2.5614810633212564,-2.6358051478615327,1.1336601159112158,1.3082586376818708,-0.14292900913577322
-0.4416801512888169,-0.1994264265735275,1.016099833620478,-2.5993296058453703,-1.0705026877787507,1.3932669394223325,1.6802245448119812,2.8977255450799184,0.15954480672389026,2.5610542423186757,-2.635850420749421,1.1336280734638264,1.3083253229636238,-0.1429013698466708
-0.44168028026596584,-0.19942647084281084,1.0160999579586,-2.599329610142143,-1.0705026664063135,1.3932669803714663,1.6802245257035455,2.8977254035064455,0.1595447917325996,2.561054381499492,-2.6358504186664318,1.133628083626672,1.3083253007372728,-0.14290137884185983
-0.4414636914527481,-0.19933335079142278,1.0159489647324138,-2.599320919458945,-1.0705370012706767,1.3932006316691554,1.6802565742412918,2.8977253802808676,0.1595880838999013,2.560670219430973,-2.6358911946099766,1.1335992373976738,1.308385308305191,-0.14287650155035492
-0.44128837880348204,-0.19925798877863876,1.0158268812605602,-2.599313887442762,-1.0705647899781585,1.393146936626695,1.6802825125302991,2.897725503084109,0.1596231963909136,2.56035864725569,-2.6359242699676306,1.133575842032706,1.308433979039243,-0.14285632506683776
-0.4412881427369273,-0.19925790775253027,1.0158266536841243,-2.599313879579152,-1.070564829095634,1.393146861677704,1.6802825475056453,2.8977255986656694,0.15962320651292083,2.5603585532894684,-2.6359242713737467,1.1335758351710374,1.308433994044841,-0.1428563189929397
-0.4410477343541652,-0.1991545906667822,1.015659143210149,-2.5993042372824267,-1.0706029375544466,1.3930732248761535,1.6803181168883476,2.897725473552459,0.15967129729921403,2.5599318294991544,-2.635969549698675,1.1335437899239815,1.3085006547922227,-0.14282868432762286
-0.4410485197562375,-0.19915501071899921,1.0156598866055884,-2.5993042770861803,-1.0706027377482679,1.3930735951787598,1.6803179382202442,2.897726564634233,0.15967157244518915,2.559930760196327,-2.6359695771325846,1.1335436577657194,1.3085009374805883,-0.1428285643722791
-0.4408082191871987,-0.19905166354058146,1.015492201669434,-2.599294638241446,-1.0706407985920423,1.3929999970251599,1.6803534793378558,2.8977265801484258,0.15971974962157942,2.559503673531207,-2.636014825871874,1.133511567672878,1.3085676931857146,-0.14280088923955137
-0.4408083865433401,-0.19905172087661427,1.0154923630166435,-2.5992946438062816,-1.0706407709093178,1.3930000500743462,1.6803534545865615,2.8977266228608425,0.1597197541608204,2.559503631541002,-2.636014826500957,1.133511564601275,1.308567699901979,-0.14280088651988287
-0.4405684752661214,-0.19894859668831266,1.0153250320519165,-2.599285025179607,-1.0706787176976977,1.3929266581637556,1.6803888955809239,2.8977267994666907,0.15976814225087987,2.559075620657394,-2.6360600995888595,1.1334793687194966,1.308634682100001,-0.14277311536791926
-0.4405686379280267,-0.19894865241772486,1.0153251888722012,-2.599285030589026,-1.0706786907913344,1.392926709726181,1.6803888715227853,2.8977266348562836,0.15976812475847835,2.5590757824835837,-2.6360600971626833,1.1334793805567382,1.3086346562145188,-0.14277312584663204
-0.44032888429016204,-0.1988455803329554,1.0151580101360773,-2.5992754178233,-1.0707166109403392,1.3928533646106676,1.680424289015206,2.897726832661922,0.1598165771571185,2.558647532742638,-2.6361053966322037,1.1334471542929279,1.3087017039398163,-0.1427453266937968
-0.4401372362477467,-0.19876317359592655,1.0150243767803495,-2.599267731146809,-1.070746922691674,1.3927947438614305,1.6804526002879179,2.897726769373268,0.15985531406914277,2.558305158691997,-2.63614163793439,1.1334213893881917,1.3087553063352306,-0.14272310199114002
-0.4401371050290699,-0.19876312863831025,1.0150242502735942,-2.5992677267838316,-1.0707469443979942,1.3927947022673424,1.680452619695858,2.8977267453323776,0.15985531151158305,2.558305182326702,-2.6361416375793816,1.133421391117481,1.3087553025530978,-0.14272310352254236
-0.43989761282823814,-0.19866018777242545,1.0148572573635164,-2.5992581296565342,-1.0707848098420936,1.3927214386548954,1.680487995154011,2.897727069715982,0.15990377032293845,2.5578768665968052,-2.636186926690518,1.133389157782706,1.3088223633055809,-0.14269529921037638
-0.43989782805903666,-0.19866032899544095,1.0148574586899741,-2.599258142931734,-1.070784743002406,1.3927215611308235,1.68048793538369,2.897726814327907,0.15990374316130374,2.5578771176662602,-2.63618692292384,1.133389176156433,1.3088223231278846,-0.14269531547449665
-0.43965840346326335,-0.1985573944577741,1.0146905226558065,-2.599248542182245,-1.070822591248536,1.392648358018823,1.6805232891047996,2.897726910750958,0.15995219578968878,2.557448855180212,-2.636232191884784,1.133356952013975,1.3088893886560444,-0.142667514453805
-0.4396582638367841,-0.1985573466602304,1.0146903880393143,-2.5992485375433745,-1.0708226143263246,1.392648313791522,1.6805233097403018,2.897726902747314,0.15995219493745605,2.557448863048208,-2.636232191766117,1.133356952589488,1.3088893873966425,-0.14266751496353325
-0.43941911944336987,-0.19845456051264598,1.0145235817171008,-2.599238947466354,-1.070860402581964,1.3925752375910978,1.6805586098920235,2.89772728777999,0.16000072926943743,2.5570203550566912,-2.636277468028892,1.133324683705477,1.308956520718847,-0.14263967872041627
-0.4394190138417269,-0.19845452436494782,1.014523479904903,-2.5992389439588948,-1.0708604200349834,1.3925752041417994,1.6805586254970137,2.8977271592036367,0.16000071557825768,2.557020481457858,-2.6362774661319004,1.1333246929613134,1.3089565004800616,-0.14263968691418882
-0.4391799321064678,-0.19835180120149953,1.014356857938675,-2.5992293636617685,-1.0708981965861595,1.3925021250373062,1.6805939121893516,2.897727651891852,0.1600493544920416,2.5565915285438106,-2.6363227419994524,1.133292370657397,1.3090237450414888,-0.14261180358427206
-0.4391798266479565,-0.19835176510182695,1.0143567562637612,-2.5992293601581773,-1.0708982140160224,1.392502091632923,1.6805939277750923,2.897727608110923,0.16004934982400543,2.5565915715843808,-2.6363227413532284,1.133292373810825,1.309023738145748,-0.14261180637622817
-0.43894071363481935,-0.19824903356058687,1.0141900856776065,-2.5992197768662315,-1.0709359956137048,1.39242900332356,1.6806292194744152,2.8977277580874414,0.16009799096294985,2.556162591506247,-2.636368005920964,1.133260048401727,1.3090909889080757,-0.14258392034147416
-0.4389408120418903,-0.19824906724642322,1.014190180552804,-2.5992197801357992,-1.0709359793499909,1.3924290344943575,1.6806292049322984,2.897727473008546,0.16009796056877912,2.5561628717626697,-2.6363680017121234,1.1332600689356869,1.309090944008012,-0.14258393852149454
-0.43870662127509963,-0.19814970227928175,1.0140281084749763,-2.5992105117228395,-1.0709721684292957,1.3923588587997022,1.680663073271747,2.8977288909862953,0.16014679585994673,2.555732593198364,-2.6364132842548855,1.133227636080371,1.3091584539725556,-0.1425559508275308
-0.43870654936698106,-0.19814967818164586,1.0140280390998502,-2.599210509381394,-1.0709721800744463,1.3923588364394286,1.6806630836835845,2.897728812933698,0.16014678752787304,2.555732669931258,-2.636413283102155,1.1332276417061746,1.3091584416723832,-0.14255595580778413
-0.4384724906766433,-0.19805034639332497,1.0138661124844361,-2.5992012440045373,-1.0710083469895855,1.3922887030684432,1.6806969328726726,2.8977288643480215,0.16019560242381226,2.5553025684159874,-2.636458572816217,1.1331952146147477,1.3092259116989715,-0.14252797862905664
-0.43847251639348706,-0.19805035501120472,1.0138661372956008,-2.5992012448423853,-1.0710083428253325,1.3922887110657456,1.6806969291493568,2.897728809123663,0.16019559652813542,2.5553026227055557,-2.636458572000044,1.1331952185949294,1.30922590299572,-0.14252798215354134
-0.43823828245439156,-0.1979509644322608,1.0137040576932277,-2.599191973553733,-1.071044538396296,1.392218523991497,1.680730803402632,2.897728805382405,0.16024440221795455,2.5548725902136464,-2.6365038735597683,1.1331627967840578,1.3092933616014322,-0.14250000954849862
-0.4382382386373882,-0.19795094974639937,1.0137040154194734,-2.599191972127249,-1.0710445454927564,1.3922185103649145,1.6807308097487041,2.8977287982093642,0.1602444014526374,2.5548725972645467,-2.636503873454367,1.1331627973005531,1.3092933604716785,-0.14250001000678458
-0.43802749206316616,-0.19786150477574616,1.0135581775918974,-2.599183628599363,-1.0710771090398863,1.3921553629170145,1.6807612874715154,2.8977287718543927,0.16028831662721643,2.5544856522011887,-2.636544643885804,1.1331336232173497,1.3093540604667564,-0.14247483990209708
-0.4380274749709683,-0.19786149904794925,1.013558161102158,-2.5991836280430176,-1.0710771118074343,1.3921553576018386,1.6807612899467328,2.8977287046657842,0.1602883094555434,2.5544857182540337,-2.63654464289309,1.133133628059775,1.309354049878336,-0.1424748441882484
-0.43781685163493034,-0.1977718853479633,1.0134130772481207,-2.5991752708485816,-1.0711096381441703,1.39209227603265,1.6807917496358593,2.8977386453536162,0.1603352659209354,2.5540847416011445,-2.6365861060199327,1.133102913315061,1.309418049357229,-0.14244828467039006
-0.43781706300139245,-0.1977719561855622,1.0134132811698002,-2.5991752777323986,-1.0711096039112853,1.3920923417615727,1.6807917190269421,2.8977385477837814,0.1603352551751447,2.5540848375123417,-2.636586104554315,1.133102920458725,1.3094180337498353,-0.1424482910017637
-0.4376063506704648,-0.1976823435936872,1.013268094791175,-2.599166920637913,-1.07114214610717,1.3920292280519542,1.680822190883366,2.897738551793628,0.16038190015655696,2.5536853291746553,-2.6366274946063446,1.1330723563610623,1.3094816823547868,-0.14242187319312816
-0.4376063421955303,-0.19768234075414526,1.0132680866154038,-2.5991669203620225,-1.0711421474790992,1.3920292254159579,1.680822192110396,2.8977386179239257,0.16038190744008074,2.5536852641683083,-2.6366274955997904,1.133072351518582,1.3094816929332702,-0.14242186890116315
-0.43739622497454,-0.19759294811778183,1.0131233056889597,-2.5991585810598545,-1.0711745626018017,1.3919663800825886,1.6808525405629196,2.897738993437633,0.16042867203608036,2.553285333811342,-2.6366689140806354,1.133041732239203,1.309545463157952,-0.14239539952715385
-0.4373961802607109,-0.19759293314879578,1.013123262549306,-2.59915857960522,-1.0711745698359483,1.3919663661893713,1.6808525470306446,2.8977389820325516,0.1604286707784215,2.55328534502236,-2.636668913909401,1.1330417330743718,1.3095454613323683,-0.14239540026795328
-0.43718585133639376,-0.19750348784356575,1.0129783342757799,-2.5991502371290824,-1.0712070234100803,1.3919034288533592,1.6808829406800347,2.897739172403158,0.16047545109883687,2.5528852096839927,-2.6367103320051193,1.1330110998558676,1.3096092604062295,-0.1423689194802693
-0.4369967415592919,-0.1974230503234944,1.0128481269018268,-2.599142731229504,-1.0712362134504065,1.3918468479464172,1.6809102669826945,2.897739091557696,0.16051754096314008,2.552525210783525,-2.6367475952100516,1.1329835373995405,1.3096666619016855,-0.14234509382715732
-0.43699725147180235,-0.19742334531412364,1.012848607394571,-2.599142759096519,-1.0712360734534592,1.3918471065688172,1.68091014179016,2.8977394559979466,0.16051764082072895,2.5525248538028364,-2.63674760496663,1.1329834904087404,1.3096667620928644,-0.14234505111398588
-0.4367664726214455,-0.19732525953264535,1.0126898204435681,-2.599133611080055,-1.071271636052816,1.3917781216936422,1.6809434506870966,2.897739617281996,0.16056917314399421,2.552084426829614,-2.6367931530643185,1.13294975551393,1.3097370194818794,-0.14231588871881495
-0.436766438317437,-0.19732519288275796,1.0126897924410327,-2.5991336049589924,-1.0712716671236224,1.3917780665578654,1.6809434784766157,2.8977395307569225,0.16056916359184026,2.552084511884141,-2.6367931517627294,1.1329497618569528,1.3097370056246849,-0.14231589433964054
-0.4365356260501043,-0.19722708971831615,1.0125309758920693,-2.5991244535372786,-1.071307237585474,1.3917090773076533,1.680976790057568,2.897739429208878,0.16062070813021734,2.5516441270435735,-2.636838692791228,1.1329160230022444,1.3098072700736911,-0.14228672827515987
-0.43653596906244996,-0.19722732851646185,1.012531295384406,-2.5991244759448326,-1.0713071247410175,1.3917092838281553,1.68097668914268,2.8977395114283855,0.1606207172080658,2.5516440462205416,-2.636838694027107,1.1329160169740224,1.309807283240727,-0.1422867229319289
-0.43630538887840853,-0.1971293073204361,1.012372542281451,-2.599115330884545,-1.0713426414409488,1.3916404084348768,1.6810099594570236,2.8977397166670933,0.1606722812499808,2.5512034684471168,-2.636884245368906,1.1328822640645573,1.3098775792236692,-0.14225754384652167
-0.4363052623621959,-0.19712926506625728,1.01237242020796,-2.599115326777955,-1.071342661864465,1.3916403692096546,1.6810099777165792,2.8977394277248933,0.1606722493536914,2.5512037524778535,-2.6368842410248923,1.1328822852475895,1.3098775329511416,-0.1422575626193643
-0.4360749174394618,-0.197031502286098,1.0122140179777812,-2.599106210073968,-1.0713780751664608,1.391571657305727,1.6810431509675778,2.897739325342485,0.16072379779106516,2.5507633187477907,-2.636929783439777,1.1328485414629836,1.3099478064408516,-0.1422283926597343
-0.43607513069614523,-0.19703157344768663,1.0122142237507479,-2.5991062169921313,-1.0713780407711102,1.3915717233747653,1.6810431202127125,2.8977394730946813,0.16072381410170067,2.550763173507068,-2.63692978566117,1.1328485306320073,1.3099478301033702,-0.142228383059263
-0.4358444365558132,-0.19693371276671545,1.0120554613099486,-2.599097089033955,-1.0714135100840618,1.3915029040390516,1.681076343796656,2.8977397156155593,0.16077536643814394,2.5503227004639832,-2.6369753130217597,1.1328147892298066,1.3100181236052464,-0.1421992103097569
-0.43584442475754237,-0.1969337088299481,1.0120554499255796,-2.5990970886509657,-1.0714135119873536,1.3915029003838493,1.6810763454979947,2.8977394168176875,0.16077533345305617,2.5503229941822383,-2.636975308528902,1.132814811134988,1.310018075753565,-0.14219922972310162
-0.4356140942280513,-0.19683597550678655,1.01189698620703,-2.5990879656313965,-1.0714489373488272,1.3914342001875628,1.6811095188332184,2.897739532212615,0.16082691193109833,2.5498822869897104,-2.6370208248378697,1.1327810434062653,1.3100883980840252,-0.142170039476609
-0.43561412852818737,-0.19683598695159255,1.0118970193043344,-2.5990879667435394,-1.0714489318164713,1.3914342108134417,1.6811095138872245,2.8977396241454514,0.16082692208065552,2.5498821966190413,-2.637020826220035,1.1327810366668163,1.3100884128070427,-0.1421700335027949
-0.4354070028306456,-0.19674812496488503,1.0117544737402486,-2.599079763114356,-1.071480750778239,1.3913725138755968,1.681139317887375,2.897739617591677,0.16087330757642704,2.5494858622564713,-2.637061780423878,1.1327506677121453,1.3101516541820262,-0.14214378182176524
-0.4352596597539078,-0.1966856415016469,1.0116531784231828,-2.5990739346035845,-1.0715033791210073,1.3913285855978863,1.681160519133548,2.8977396815417222,0.16090631332687222,2.549203836341956,-2.637090911325685,1.132729057659667,1.3101966563786767,-0.14212510128388867
-0.43525973807333873,-0.19668566761544248,1.011653253996089,-2.599073937142104,-1.071503366499261,1.391328609844951,1.681160507846168,2.8977394351298145,0.16090628612572155,2.54920407856509,-2.6370909076209363,1.1327290757240234,1.3101966169169157,-0.14212511729352606
-0.4350295331341014,-0.1965879925246794,1.011494891705662,-2.599064820363565,-1.0715387256446167,1.391260020259331,1.6811936340432796,2.89773947472381,0.16095783230892158,2.54876361937977,-2.637136436268949,1.1326953266847248,1.3102668986514439,-0.14209594296977235
-0.4350294449803114,-0.1965879631330667,1.0114948066430598,-2.5990648175057887,-1.0715387398505127,1.3912599929685037,1.6811936467459656,2.897739828069817,0.1609578713147577,2.5487632720399382,-2.637136441580409,1.132695300780969,1.310266955238283,-0.14209592001248272
-0.4347996913701895,-0.1964905157054071,1.011336887598322,-2.5990557243244865,-1.0715739956651111,1.391191584166208,1.6812266788539745,2.897740028322934,0.16100949839934375,2.548322609724025,-2.6371819881254823,1.13266151632516,1.310337312437555,-0.14206671309703855
-0.43479971684001306,-0.196490524190982,1.0113369121745457,-2.599055725148765,-1.0715739915648603,1.3911915920461535,1.6812266751858704,2.8977400421601214,0.16100949992766056,2.5483225961230573,-2.6371819883337997,1.1326615153098631,1.310337314654626,-0.142066712198041
-0.43456990707183607,-0.19639306867576067,1.0111789065290653,-2.599046628569772,-1.0716092607040837,1.3911231672454614,1.6812597160562,2.8977400189863634,0.16106114970726493,2.547881725886505,-2.6372275201028836,1.1326277204883421,1.3104077193543069,-0.14203749148765588
-0.43456993384728904,-0.19639307759497804,1.0111789323667972,-2.5990466294368857,-1.071609256392624,1.3911231755272402,1.6812597122009114,2.8977400059600935,0.16106114826866236,2.5478817386920234,-2.6372275199078885,1.13262772144347,1.3104077172679385,-0.14203749233391738
-0.4343402077472627,-0.19629567461995556,1.0110210685554488,-2.599037542120264,-1.0716445053232846,1.3910547666913589,1.6812927390518206,2.897741102525437,0.16111309517531036,2.5474397948624627,-2.63727306203188,1.1325937770423524,1.3104784108656045,-0.14200814264719486
-0.43413355459247693,-0.19620802927491443,1.0108791042493053,-2.5990293658694164,-1.0716762110967641,1.3909932288802302,1.6813224488462852,2.8977412224123107,0.16115985823305734,2.5470419429854,-2.637314052109308,1.1325632189277397,1.310542052432079,-0.14198172060118397
-0.4341334455448935,-0.196207992950586,1.0108789990227223,-2.5990293623381726,-1.071676228655102,1.39099319514842,1.6813224645457563,2.8977414034159708,0.16115987831127643,2.547041765059893,-2.637314054837775,1.1325632056251769,1.3105420814858824,-0.14198170881012429
-0.4339038545127316,-0.19611058596953335,1.0107211094066066,-2.599020271545072,-1.0717114557752039,1.390924852935429,1.681355475306174,2.8977413247379946,0.16121183956885177,2.546599665429028,-2.637359618064894,1.1325292500397341,1.3106128004905866,-0.14195234839138626
-0.43390422756894864,-0.19611077842118085,1.010721463086167,-2.5990202898123913,-1.0717113641653357,1.390925023335722,1.6813553933837726,2.897741284098439,0.16121183505908032,2.5465997053778473,-2.6373596174518004,1.1325292530272244,1.3106127939668313,-0.14195235103964388
-0.43367482926354395,-0.19601352549115258,1.0105638396262595,-2.5990112216138868,-1.0717465337727141,1.3908567449861744,1.6813883551746818,2.897741214589143,0.16126379120070977,2.5461576563169235,-2.6374051680436756,1.1324952993208657,1.3106835064929445,-0.14192299338345915
-0.4336747391353333,-0.1960134954951469,1.0105637526537823,-2.5990112186993715,-1.0717465482723991,1.390856717128595,1.6813883681415227,2.8977413976595727,0.1612638115080962,2.5461574763592285,-2.637405170803086,1.1324952858672523,1.3106835358785216,-0.1419229814574383
-0.4334454526000009,-0.19591626119039773,1.010406224198591,-2.5990021478012713,-1.071781695584396,1.390788507021381,1.6814213046988957,2.897741171095088,0.16131575144878463,2.545715574960166,-2.6374506990813265,1.132461348061403,1.3107542381198534,-0.14189363333218363
-0.43344558834069247,-0.19591630636411494,1.0104063551869418,-2.5990021521940303,-1.0717816737475,1.3907885489771354,1.6814212851743369,2.89774162574718,0.16131585684186445,2.5457151292018025,-2.637450709878987,1.1324612959513154,1.3107543496628993,-0.1418935861645978
-0.43321623139382304,-0.19581909148682985,1.0102487986621584,-2.5989930829235304,-1.0718168335167162,1.3907203068984524,1.6814542304547313,2.8977415491666854,0.16136785919390584,2.5452729732952513,-2.637496233909301,1.1324273188272627,1.3108251072486543,-0.14186420867024419
-0.43321788855416976,-0.19581964299309096,1.0102503978091706,-2.5989931365462686,-1.0718165669184572,1.390720819110265,1.6814539920811882,2.897747898228083,0.16136952493216228,2.5452667546556356,-2.637496399144119,1.1324265219565923,1.3108268059803891,-0.14186348569386675
-0.4329895780022417,-0.19572274630608444,1.0100936811767562,-2.598984094490266,-1.0718515579716321,1.3906529257716942,1.681486789868396,2.897747676588839,0.16142254171439907,2.5448209105684843,-2.6375420216758987,1.1323920622554655,1.3108985918229705,-0.14183366968427458
-0.432989487508606,-0.19572271618893478,1.0100935938519813,-2.5989840915622917,-1.0718515725292406,1.3906528978010657,1.6814868028864618,2.897747866946613,0.1614225632594093,2.5448207234583027,-2.637542024576541,1.1323920481186576,1.3108986226820463,-0.14183365714524543
-0.43276186647488224,-0.19562608787537794,1.0099376708940193,-2.598975078720934,-1.0718864548480047,1.390585191339313,1.6815194988506308,2.8977480080928917,0.1614762745265499,2.544372146505964,-2.63758771074439,1.1323572496707865,1.3109711294041366,-0.14180353500559173
-0.43276567943128974,-0.19562861723979008,1.0099412332902178,-2.5989753164349105,-1.071885258854218,1.3905873880138566,1.6815184292941492,2.8977484682249663,0.16147632659925026,2.544371694223827,-2.637587717754345,1.132357215500331,1.310971203994698,-0.14180350469998615
-0.43253998707247643,-0.1955332619545338,1.0097870364058021,-2.5989664257170477,-1.071919531607426,1.3905207840502722,1.6815505867818468,2.8977484250624386,0.1615300665945858,2.5439228657098027,-2.6376334034597555,1.1323223968788845,1.311043753466905,-0.14177336499122273
-0.43253993256767753,-0.19553324412347983,1.0097869837799447,-2.5989664239820964,-1.071919540234263,1.3905207674526743,1.6815505944951425,2.897748473871708,0.16153007212012227,2.543922817733474,-2.6376334042032172,1.1323223932544004,1.3110437613790134,-0.14177336177512134
-0.4323163834302379,-0.19543925836197484,1.009634816292185,-2.5989576557522662,-1.0719531627213872,1.390455392893962,1.6815821618165439,2.8977483871469225,0.16158382807241667,2.5434738437145903,-2.6376790835150827,1.132287562793591,1.3111163366379488,-0.14174321141625512
-0.4323163972960353,-0.1954392628963051,1.0096348296786255,-2.5989576561922707,-1.0719531605287198,1.3904553971142466,1.6815821598544503,2.897748419711629,0.1615838317587852,2.543473811705997,-2.6376790840115327,1.1322875603757288,1.3111163419170495,-0.14174320927070805
-0.43209272766196705,-0.19534524096788797,1.0094825252495987,-2.5989488823067393,-1.0719868050649453,1.3903899856794197,1.6816137450039221,2.897748674791842,0.16163761856750924,2.5430245512340406,-2.637724765027975,1.132252714791911,1.3111889764677715,-0.14171304012784547
-0.432092737752793,-0.19534524426661104,1.0094825349919354,-2.598948882628036,-1.0719868034691862,1.390389988751057,1.6816137435769525,2.897748641202984,0.1616376147653249,2.543024584249526,-2.6377247645164057,1.1322527172870334,1.311188971022316,-0.14171304234185933
-0.4318690284480651,-0.19525123745230122,1.0093302454078188,-2.598940114397517,-1.0720204468338954,1.3903245545282363,1.6816453321008762,2.897748632519601,0.16169140357861567,2.542575308549093,-2.6377704443834973,1.1322178620494707,1.311261597349561,-0.1416828709259974
-0.43186914182485747,-0.19525127451543245,1.0093303548776316,-2.5989401180060643,-1.0720204289025315,1.3903245890325504,1.6816453160689937,2.897748759554535,0.16169141795555664,2.542575183681425,-2.6377704463188425,1.132217852615133,1.3112616179430536,-0.14168286255925877
-0.4316455306528688,-0.19515729670879178,1.0091781651633305,-2.5989313520317605,-1.0720540563512024,1.3902591845602448,1.681676890559796,2.897749024123012,0.1617452897458358,2.542125687126788,-2.6378161318832074,1.1321829597115551,1.3113343230258625,-0.14165265697774387
-0.43164564225997637,-0.19515733319152861,1.0091782729243555,-2.598931355583011,-1.0720540387013635,1.3902592185252551,1.6816768747798267,2.8977490318133476,0.16174529061792242,2.5421256795677607,-2.6378161320007467,1.1321829591396904,1.311334324273477,-0.14165265647030312
-0.43142198923705166,-0.19506333987771907,1.0090260474807602,-2.5989225876499877,-1.0720876723766297,1.3901938015403665,1.6817084550403054,2.8977488279967023,0.16179915208553397,2.541676264044515,-2.6378618122924244,1.1321480714361851,1.3114070170536376,-0.14162245576809518
-0.43142213122128226,-0.19506338629207587,1.0090261845731812,-2.59892259216781,-1.072087649920869,1.3901938447497635,1.6817084349641611,2.8977487638221273,0.1617991448147016,2.541676327124126,-2.6378618113135284,1.1321480762046476,1.3114070066444983,-0.14162245999764567
-0.4311984610130013,-0.19496938171611777,1.008873946175691,-2.5989138232047093,-1.0721212861398728,1.3901284226799158,1.6817400177915163,2.897748761405051,0.1618530050186382,2.5412269116171657,-2.637907488344893,1.132113187937563,1.311479700491403,-0.1415922587248164
-0.43119848047573317,-0.19496938807814868,1.0088739649683491,-2.598913823823919,-1.0721212830617564,1.3901284286023126,1.681740015039881,2.8977489090367428,0.161853021746849,2.541226766504753,-2.637907490595961,1.1321131769674013,1.3114797244375582,-0.14159224899472522
-0.43097514598700926,-0.19487548806056498,1.0087220454561852,-2.5989050647858964,-1.0721548664427711,1.3900631082249273,1.6817715505451787,2.89774931271924,0.1619069829532096,2.540777021917304,-2.6379531783638854,1.1320782480233322,1.311552530468581,-0.1415620052624338
-0.43097501799963567,-0.1948754462172575,1.0087219218796797,-2.598905060712406,-1.0721548866855857,1.3900630692726157,1.6817715686456198,2.8977493244840264,0.1619069842878873,2.540777010353107,-2.6379531785423884,1.132078247148519,1.311552532377707,-0.1415620044858521
-0.4307518432439501,-0.19478159656521754,1.0085701556990845,-2.598896306469376,-1.0721884447062946,1.3899977975839573,1.6818030814978222,2.8977496319072618,0.16196106149174883,2.540326823646197,-2.6379988781500954,1.1320432542122927,1.3116254471812456,-0.14153170871983134
-0.43075178813598924,-0.19478157855021294,1.0085701024906424,-2.5988963047161926,-1.0721884534215054,1.3899977808126867,1.6818030892915417,2.8977497478812158,0.1619610746665976,2.5403267096525894,-2.637998879921417,1.1320432455832463,1.3116254660164244,-0.14153170106483137
-0.4305509139651491,-0.19469710802159934,1.0084334918792122,-2.598888424928367,-1.0722186582481479,1.3899390310660822,1.6818314532356808,2.8977497447021108,0.16200974387602707,2.5399215393825845,-2.638040005002343,1.1320117507817062,1.3116910908554469,-0.14150443415231773
-0.4305507799648076,-0.19469706421542465,1.0084333624978994,-2.598888420664747,-1.0722186794400512,1.3899389902842687,1.6818314721850074,2.897749787333467,0.1620097487173,2.5399214974794067,-2.638040005652551,1.132011747609529,1.3116910977786507,-0.14150443133922108
-0.43034766699474325,-0.19461161869593901,1.0082950393680248,-2.598880446435861,-1.0722492196019404,1.3898795967717144,1.681860140119829,2.8977497835399895,0.16205410265471265,2.5395522374552932,-2.6380774733571135,1.131983044103614,1.3117509076237832,-0.1414795804983482
-0.43018542649901903,-0.194543405784823,1.0081847456374744,-2.598874075026254,-1.0722736305029281,1.3898321522787773,1.6818830542076055,2.8977496329960566,0.16209487114800059,2.5392128337310425,-2.6381119158175017,1.1319566598590913,1.3118058819842915,-0.14145673846667806
-0.43018512718964885,-0.19454330793693497,1.0081844566411489,-2.5988740655003033,-1.0722736778409425,1.3898320611887192,1.681883096531922,2.897749830198343,0.16209489354722129,2.5392126398950516,-2.6381119188277227,1.1319566451869416,1.3118059140105212,-0.14145672545246057
-0.429961887245482,-0.19444943421845728,1.0080326102561266,-2.598865308576966,-1.072307243471192,1.3897667693874363,1.6819146190701195,2.8977497914087333,0.16214897757615354,2.53876236034718,-2.6381576054333755,1.1319216424081393,1.3118788477348353,-0.14142642133112537
-0.4299618614567846,-0.19444942578739344,1.0080325853556218,-2.598865307756661,-1.0723072475503077,1.3897667615394225,1.6819146227160005,2.8977496721281053,0.16214896402638312,2.5387624775920212,-2.6381576036123797,1.1319216512835508,1.3118788283640672,-0.14142642920413762
-0.42973848358458966,-0.19435549794628493,1.0078805463438973,-2.5988565463882556,-1.0723408302293356,1.389701426287151,1.6819461645744456,2.8977497515040476,0.16220305176819938,2.5383121422081096,-2.638203300129104,1.131886651634923,1.3119517823979572,-0.14139612225348697
-0.4297387780894155,-0.1943556562502433,1.007880824915623,-2.59885656138863,-1.0723407549890078,1.3897015660813006,1.6819460972875504,2.89775012530583,0.16220309422715173,2.538311774787527,-2.6382033058359564,1.131886623822312,1.3119518431043056,-0.14139609758363747
-0.4295155298700326,-0.1942617698398248,1.0077288802355664,-2.5988477951939375,-1.0723742656347008,1.389636395603473,1.6819775749375152,2.897749733254379,0.16225716282042546,2.537861604446036,-2.6382490076569702,1.1318516291450627,1.3120247592135814,-0.1413658005455345
-0.4295155262020476,-0.19426176864329037,1.0077288766940011,-2.5988477950780644,-1.0723742662136067,1.389636394488459,1.6819775754554254,2.897749756260552,0.16225716543295787,2.5378615818339014,-2.638249008008018,1.1318516274332586,1.312024762950506,-0.1413657990273971
-0.4292923295699804,-0.19416794503862533,1.0075770190152804,-2.598839037706856,-1.0724078010833598,1.389571177984653,1.6820090663250928,2.8977497767520077,0.16231124886684922,2.537411282087122,-2.6382946989339624,1.1318166211630516,1.3120977025293428,-0.14133549242080456
-0.4292927594550928,-0.19416814721577502,1.0075774283348062,-2.5988390569812774,-1.0724077046055633,1.3895713586776708,1.6820089800531521,2.897750303990044,0.16231137378077176,2.5374107653564,-2.6382947116919775,1.1318165595577276,1.3120978341560368,-0.14133543667042603
-0.4290696856970788,-0.19407437547389783,1.0074257008111411,-2.598830303823709,-1.0724412116697106,1.389506196135918,1.6820404459813538,2.8977502303092493,0.16236548581131016,2.5369603848323727,-2.6383403867884114,1.1317815385657615,1.312170803230229,-0.14130511715765337
-0.4290696220226833,-0.1940743546964434,1.0074256393272814,-2.5988303018009864,-1.0724412217228183,1.3895061767875516,1.6820404549699335,2.8977501922467894,0.1623654814817861,2.5369604222457802,-2.638340386207377,1.1317815414000363,1.3121707970452623,-0.14130511967199966
-0.4288469145618645,-0.1939807262634634,1.0072742444962746,-2.5988215612448737,-1.0724746535999357,1.3894411683517855,1.6820718530179546,2.8977502336363266,0.16241968344871527,2.5365096451210114,-2.63838607201476,1.1317464745540085,1.3122438646297905,-0.14127475826265057
-0.4288467683149033,-0.19398067853530598,1.007274103282077,-2.5988215565970414,-1.0724746766915292,1.38944112390951,1.6820718736643316,2.8977502698953614,0.1624196875713464,2.536509609480543,-2.6383860725682458,1.1317464718543302,1.3122438705221202,-0.1412747558693892
-0.42862414022085815,-0.19388710405819154,1.0071228357218853,-2.598812826829672,-1.0725080916722005,1.3893761177990926,1.6821032581721909,2.89775029667463,0.16247388778325456,2.5360588368983326,-2.6384317693893484,1.1317114120153937,1.3123169480164467,-0.14124439591695404
-0.4284459069210813,-0.19381218249095866,1.007001476154187,-2.598805833584501,-1.0725348385842688,1.389324090932857,1.6821283740602437,2.8977502421285877,0.16251724564355285,2.535698245703813,-2.6384683221340963,1.1316833578575756,1.3123753960403985,-0.1412201081437443
-0.4284460904501808,-0.19381230404162153,1.0070016476128636,-2.59880584501051,-1.0725347811118713,1.3893241965849503,1.6821283226615922,2.897750262283136,0.1625172479357495,2.5356982258927268,-2.6384683224420353,1.1316833563567894,1.3123753993150733,-0.1412201068132235
-0.4282235122884659,-0.1937188001021033,1.0068502622411923,-2.598797118835698,-1.072568168881527,1.3892592456414148,1.682159685381487,2.8977503483360856,0.1625714555883364,2.535247403117742,-2.638513985407745,1.1316482813982862,1.3124484787156168,-0.14118974046071875
-0.4282233186130471,-0.19371873694608244,1.0068500752255414,-2.5987971126870253,-1.0725681994372795,1.3892591868286166,1.682159712705018,2.897750531871516,0.16257147646186487,2.535247222716505,-2.6385139882116873,1.131648267733624,1.3124485085413489,-0.14118972833850374
-0.42800077552552995,-0.19362522934034754,1.0066987619383223,-2.598788378721049,-1.072601581778887,1.3891942982014083,1.6821910366289137,2.8977501283077842,0.16262564400917245,2.5347967436429606,-2.6385596309378307,1.131613217297613,1.3125215327941655,-0.14115938397316374
-0.42800083993988114,-0.19362525034525024,1.006698824138903,-2.598788380766255,-1.072601571615472,1.3891943177609676,1.6821910275418297,2.897750285871812,0.16262566192681405,2.53479658876903,-2.6385596333445998,1.1316132055661792,1.3125215583980143,-0.14115937356841113
-0.4277781827530287,-0.19353173010840763,1.006547424383073,-2.59877965224063,-1.0726349649410798,1.3891293581420836,1.682222391694772,2.897750331642209,0.16267985143912167,2.5343459045636383,-2.6386052900560246,1.1315781397566418,1.3125946163125914,-0.14112901524711696
-0.4277781908602929,-0.19353173275327507,1.0065474322109624,-2.5987796524987905,-1.0726349636623524,1.389129360605029,1.6822223905508658,2.8977503160302387,0.16267984966216553,2.534345919908679,-2.6386052898175842,1.131578140918657,1.3125946137756914,-0.14112901627953156
-0.4275555798988506,-0.19343823150831962,1.0063959573424626,-2.598770923896851,-1.0726682967132133,1.3890645469691965,1.682253732767812,2.897750131665086,0.16273403117254026,2.5338952973238626,-2.638650944785106,1.1315430793053682,1.3126676623622187,-0.14109866175334673
-0.4275554204579599,-0.19343817951692,1.0063958033838318,-2.5987709188346013,-1.0726683218684032,1.389064498552095,1.6822537552596613,2.89775031701455,0.16273405225001958,2.5338951151398916,-2.6386509476155164,1.1315430655059755,1.3126676924819103,-0.1410986495127009
-0.42735507000872364,-0.19335403705394683,1.0062595611353196,-2.598763063494231,-1.0726983731077375,1.389006039522279,1.682281978656655,2.8977502287394064,0.16278280129382505,2.5334896684561166,-2.638692018481765,1.1315115238829991,1.312733430525709,-0.14107133809222439
-0.4271923925171297,-0.19328570753508156,1.0061489220073385,-2.598756685898191,-1.0727227641083958,1.3889585835581464,1.682304892497437,2.8977501580780505,0.16282235596417194,2.533160680813763,-2.6387253335136887,1.13148592252161,1.312786759845511,-0.1410491756733907
-0.4271926930219383,-0.19328586707369144,1.0061492064342632,-2.5987567010251844,-1.0727226882516323,1.3889587246092407,1.682304824662305,2.897750393371041,0.16282238272553706,2.533160449537169,-2.6387253371078225,1.1314859050033148,1.3127867980815218,-0.1410491601335302
-0.4269700548169073,-0.19319235948726732,1.0059977929448625,-2.5987479730821104,-1.0727560586103024,1.3888938057126152,1.682336171624672,2.8977504772491685,0.16287658403292316,2.5327096162144365,-2.6387710107910585,1.1314508270021384,1.312859881919045,-0.14101879070993517
-0.4269699636196034,-0.19319232977296164,1.0059977048813469,-2.598747970188917,-1.0727560729869738,1.388893778039649,1.6823361844801337,2.897750275163247,0.16287656104913228,2.5327098148495466,-2.6387710077046003,1.1314508420481768,1.312859849079968,-0.1410188040574516
-0.4267475084718617,-0.19309889672421843,1.0058464535720324,-2.5987392425084606,-1.0727894131343634,1.3888289655252821,1.6823674749374051,2.8977502612410238,0.1629307646713123,2.532258960117744,-2.6388166938252366,1.1314157619238348,1.3129329366380875,-0.1409884334712228
-0.4267475263702769,-0.19309890255652018,1.0058464708551353,-2.5987392430759613,-1.0727894103128746,1.3888289709565926,1.682367472414751,2.897750329615567,0.16293077244550713,2.532258892911777,-2.638816694869507,1.1314157568337373,1.3129329477493479,-0.1409884289570349
-0.4265248462076645,-0.1930054571523554,1.005694990999439,-2.5987305189614,-1.0728227781397655,1.388764055213013,1.6823988131369747,2.8977503415581722,0.16298496288356956,2.5318081630274314,-2.638862335003044,1.1313806822132981,1.3130060196335354,-0.1409580647844162
-0.42652499388645815,-0.19300550526868943,1.005695133603842,-2.5987305236466662,-1.0728227548584783,1.3887641000252344,1.682398792319681,2.897750309074226,0.16298495918885947,2.5318081949568025,-2.6388623345058795,1.1313806846324046,1.3130060143544036,-0.14095806692957136
-0.426302576246667,-0.19291214040651283,1.0055438229207265,-2.598721804080222,-1.0728560246574466,1.3886993920099737,1.6824300750405978,2.89775065106053,0.16303925652881057,2.5313571047577987,-2.638907938175429,1.1313455638571066,1.3130792074241966,-0.14092765618387904
-0.4263024418058565,-0.19291209660370257,1.005543693099634,-2.5987217998154915,-1.0728560458510588,1.3886993512148536,1.682430093991928,2.89775070191914,0.16303926232098753,2.5313570547673834,-2.638907938952988,1.1313455600683155,1.3130792156939757,-0.14092765282218345
-0.42608028995287395,-0.19281878430165822,1.0053927658133013,-2.598713088074467,-1.0728893276067293,1.388634600728417,1.682461361802127,2.897750567647355,0.1630935401943301,2.530906116319956,-2.6389535516087568,1.1313104441415491,1.3131523715847897,-0.14089725097852357
-0.42590250331239865,-0.19274411882980136,1.005272026646118,-2.5987061195889494,-1.072915963208775,1.3885827688252625,1.6824863834296853,2.8977506576221934,0.1631369783336032,2.5305452007572278,-2.638990096912159,1.1312823419496465,1.3132109195614525,-0.14087292004858454
-0.425905077016834,-0.19274501785775922,1.0052745062712738,-2.598706206726536,-1.0729155295208272,1.3885835987460755,1.6824859956461955,2.8977611245622086,0.16313977495947274,2.53053495146089,-2.6389903737128098,1.1312810062628007,1.3132137620525133,-0.14087170849061437
-0.4256846708910169,-0.19265231885318634,1.0051250874298612,-2.5986975532766765,-1.0729485154866643,1.3885194335669562,1.6825169764277543,2.8977609886177262,0.16319600935780754,2.530076804096776,-2.639036257467754,1.1312449565537757,1.313288908688476,-0.1408404585932299
-0.42568469407318776,-0.19265232639963514,1.0051251098167073,-2.5986975540116237,-1.0729485118349267,1.3885194405966468,1.6825169731639251,2.8977609260540476,0.1631960020177874,2.5300768655868637,-2.6390362564962717,1.131244961289994,1.3132888983620035,-0.14084046279842943
-0.42546494930436385,-0.19255994514947705,1.0049764593173087,-2.5986889223399126,-1.0729814005214013,1.3884554670932934,1.6825478739905444,2.8977610667065967,0.16325308471676037,2.529615587784413,-2.639082162629194,1.131208500806251,1.3133649134581429,-0.14080884313940256
-0.4254693037484403,-0.19256269644193136,1.0049805391277857,-2.5986891814173596,-1.0729800985390332,1.3884578683492004,1.682546709612728,2.897762278356989,0.16325329699537372,2.5296143985947595,-2.639082186563605,1.1312083847701897,1.3133651633011811,-0.1408087389720729
-0.42525268022666207,-0.19247223750219256,1.0048348739855015,-2.5986807379826,-1.073012048866901,1.388395590263742,1.6825767853427598,2.897762405815765,0.16331053768638615,2.529152205984845,-2.6391280574918863,1.1311718333308716,1.313441371499148,-0.14077703817658294
-0.425253000515208,-0.19247239612482758,1.0048351781595848,-2.59868075306921,-1.0730119733166186,1.3883957314877415,1.6825767177770992,2.8977623405864463,0.1633105300214095,2.529152270093965,-2.6391280564772526,1.1311718382719387,1.3134413607250757,-0.14077704256497947
-0.4250378074319556,-0.1923827718594131,1.0046908454221501,-2.5986723933239957,-1.0730434908645314,1.3883342359212012,1.6826064141417358,2.8977623638407604,0.16336783010438172,2.528689709782494,-2.639173979543692,1.1311352618736321,1.3135176529858108,-0.14074531165971726
-0.42503810411351495,-0.19238295821400708,1.0046911234618676,-2.598672410878533,-1.0730434026701836,1.3883343987353456,1.6826063352657759,2.897762932774315,0.16336796725195457,2.5286891522833734,-2.6391739935111302,1.1311351943937236,1.3135177969387706,-0.14074525059917486
-0.4248232609293714,-0.19229345607339177,1.0045470295335868,-2.5986640512636963,-1.0730748133175378,1.3882731718399377,1.6826359441499639,2.8977628792418404,0.16342532781426033,2.5282263597343793,-2.6392199998647925,1.1310985849025355,1.3135941373176063,-0.14071349376095688
-0.42482321252524624,-0.19229344065152532,1.0045469827600755,-2.598664049759745,-1.073074820787153,1.3882731574342628,1.6826359508285353,2.897762993988886,0.1634253413130473,2.528226246957221,-2.6392200016507843,1.1310985762042265,1.3135941562821158,-0.1407134860371546
-0.4246086118749446,-0.1922041377490027,1.0044031327112375,-2.5986557138882076,-1.0731062099146715,1.3882119471981378,1.6826655179764884,2.8977630652129456,0.16348284547375247,2.527763097653052,-2.6392660013237923,1.1310619014699592,1.3136706308005914,-0.14068167189777037
-0.4246087363571043,-0.19220417741439366,1.0044032530010956,-2.598655717755908,-1.0731061907021653,1.3882119842476,1.682665500798736,2.8977633129720317,0.16348287465087008,2.5277628541479,-2.639266005181189,1.1310618826761396,1.313670671772564,-0.14068165521101061
-0.42439398216019786,-0.19211488556063205,1.0042593064885557,-2.5986473851311396,-1.0731375950745896,1.3881507137303393,1.6826950862100665,2.897763179819785,0.16354037619573347,2.527299760732765,-2.639311911932782,1.1310252044949531,1.3137471453674685,-0.14064984119535695
-0.4243939097726299,-0.19211486249372367,1.0042592365400962,-2.598647382882124,-1.0731376062463287,1.3881506921842908,1.6826950962004688,2.897763158660771,0.16354037370416918,2.5272997815283045,-2.6393119116035133,1.1310252060992014,1.3137471418688706,-0.14064984262017188
-0.4241793690289981,-0.19202559049806123,1.0041155561908592,-2.5986390532124,-1.0731689779842348,1.3880894847555902,1.6827246539357201,2.8977633205573525,0.16359791508830934,2.5268363478873077,-2.6393577921801636,1.1309884999430153,1.3138236753404087,-0.14061800316140727
-0.42402905581121253,-0.19196297363161374,1.0040146612866696,-2.598633210687791,-1.0731909102108812,1.3880467121722226,1.6827453339037834,2.897763214171631,0.1636381778949363,2.5265120339483946,-2.639389973511639,1.1309628246592405,1.313877239372582,-0.14059572443127855
-0.4240291664677631,-0.1919630088937252,1.004014768215539,-2.5986332141268003,-1.0731908931326908,1.388046745108067,1.6827453186332733,2.897763319756544,0.16363819032931248,2.5265119301770067,-2.6393899751555643,1.1309628166509496,1.313877256833258,-0.14059571731989995
-0.4238144858132129,-0.19187366023683428,1.0038707606216812,-2.598624878465546,-1.0732222906166706,1.3879855044147247,1.6827748980199102,2.897763352018046,0.16369572707344515,2.5260484871838766,-2.6394359694348664,1.1309261161715585,1.3139537839150983,-0.1405638806519378
-0.42381464357273924,-0.19187371050455848,1.0038709130674244,-2.5986248833672114,-1.0732222662691342,1.3879855513673087,1.682774876250929,2.8977635789169867,0.16369580527496463,2.526048265398652,-2.6394359767178974,1.1309260811077488,1.3139538580346861,-0.14056384867897198
-0.42360046398310125,-0.1917846659674165,1.0037273443642905,-2.598616566282386,-1.0732535432320933,1.3879245716514372,1.6828043253039162,2.897763625090491,0.1637533758912424,2.52558470027828,-2.6394819154376563,1.130889359894728,1.31403042333306,-0.14053199633023983
-0.42360033785526774,-0.19178462584239675,1.0037272224791254,-2.598616562368796,-1.0732535626677544,1.3879245341652542,1.6828043426814911,2.897763563814628,0.16375336866861545,2.5255847605022197,-2.6394819144823236,1.130889364545167,1.314030413194387,-0.14053200045876535
-0.4233866455155644,-0.19169573951913677,1.0035841797887093,-2.598608259365002,-1.0732847630713263,1.387863706066442,1.6828337391691557,2.8977647590988624,0.16381127113843252,2.525119930658027,-2.6395278039271632,1.1308524776931999,1.314107325741984,-0.1404999997335461
-0.42338645398064845,-0.19169567858991599,1.0035839946953855,-2.5986082534224413,-1.0732847925853637,1.3878636491415257,1.6828337655575778,2.89776459743328,0.16381125203197033,2.525120089545675,-2.6395278014056767,1.1308524899790706,1.3141072989600455,-0.14050001064424156
-0.42317337595938476,-0.19160626440459438,1.0034339835654311,-2.5986000034810854,-1.0733152230758778,1.3878031962089983,1.6828632149601335,2.8977649336273945,0.16386925417446818,2.524654996445733,-2.639573699059798,1.1308155598382326,1.3141843096145518,-0.14046796429382247
-0.42317355601479,-0.19160632173099934,1.003434157560518,-2.5986000090721992,-1.0733151953090339,1.387803249760398,1.6828631901344187,2.897764975685485,0.16386925915068629,2.5246549551095896,-2.6395736997164296,1.1308155566397744,1.3141843165861924,-0.14046796145461293
-0.4229610028637296,-0.19151717237177834,1.0032823392865744,-2.5985917566822168,-1.0733454034725058,1.3877431437510142,1.6828925617562467,2.897765174883249,0.1639272559469176,2.524189787273979,-2.639619502339481,1.1307786185978908,1.3142613369695728,-0.1404359111813296
-0.42296099563036904,-0.19151717007454394,1.0032823322966742,-2.598591756458451,-1.073345404585961,1.3877431416035373,1.682892562750908,2.8977650491821993,0.16392724107111611,2.5241899108144743,-2.6396195003779837,1.1307786281566599,1.3142613161314975,-0.14043591967202285
-0.422749332218177,-0.1914279785398394,1.0031283582291444,-2.5985833741422684,-1.0733755321804637,1.3876830869190364,1.6829219156001152,2.8977651214595816,0.16398523778183627,2.5237245963836212,-2.639665319082496,1.130741698070975,1.314338367133698,-0.14040386159617402
-0.42274921537964527,-0.19142794140155583,1.0031282453187735,-2.598583370520922,-1.0733755501698834,1.3876830522188222,1.6829219316863728,2.897765077786417,0.16398523261300824,2.5237246393068613,-2.6396653183998144,1.130741701392249,1.3143383598931613,-0.14040386454552656
-0.4225382429713678,-0.19133956636699168,1.0029718115121513,-2.598574721516935,-1.0734062903022465,1.387622353081249,1.682951278365902,2.8977650790806386,0.16404318389285288,2.5232593308872797,-2.6397113013974423,1.13070477779614,1.3144153884586416,-0.14037180926877602
-0.4225382951110932,-0.19133958294131936,1.0029718619001793,-2.598574723133145,-1.0734062822730195,1.3876223685660305,1.682951271187667,2.897765052181171,0.16404318070884072,2.523259357324294,-2.6397113009766247,1.130704779842574,1.3144153839994845,-0.14037181108487462
-0.4223692244087065,-0.19126752677536096,1.0028480503327541,-2.5985680377968903,-1.0734298616954954,1.3875747867886226,1.682974745038619,2.8977653904076863,0.16408963428796142,2.5228866431460766,-2.639748177031316,1.1306752044657475,1.3144771068205108,-0.1403461222694642
-0.42222588391744864,-0.19120738240911272,1.002743459455865,-2.59856207954814,-1.0734512981290774,1.3875332337574928,1.682994719877569,2.8977655438378918,0.16412913928993866,2.5225695006622395,-2.639780269474747,1.1306500731461413,1.314529569395941,-0.14032428577680545
-0.4222259409501916,-0.19120740053548957,1.0027435145710202,-2.5985620813160133,-1.073451289347589,1.3875332506949238,1.6829947120273276,2.8977658962286448,0.16412925232774933,2.5225691560030903,-2.6397802801737984,1.1306500215965463,1.3145296785351488,-0.14032423883902356
-0.4220158878390041,-0.19111769782947174,1.0025841482142548,-2.598553343201507,-1.0734819824549797,1.3874725726513244,1.6830240680769517,2.8977658770427404,0.16418741125418324,2.5221027712444037,-2.639827330029793,1.1306130353553212,1.3146068791979664,-0.140292120812052
-0.42201644335538724,-0.19111798555531845,1.0025846745763802,-2.598553370515246,-1.0734818455939434,1.3874728278809219,1.6830239456812466,2.897766120898968,0.16418744018267217,2.5221025315803356,-2.6398273338414615,1.1306130167846304,1.3146069196745422,-0.14029210431966366
-0.4218031336251782,-0.19102745453296333,1.002446854193531,-2.5985450189140877,-1.073512882609596,1.3874122846299244,1.6830532408964594,2.897766042560967,0.16424566946023278,2.5216363471337804,-2.639873763121618,1.1305759882699005,1.3146841848444843,-0.14025996681906738
-0.42180462157065346,-0.19102797075329025,1.0024482880428724,-2.5985450689720753,-1.073512633525298,1.3874127616779823,1.6830530181763121,2.897772932073533,0.16424757824511582,2.521629603852004,-2.6398739508946205,1.1305750816563314,1.3146861094349398,-0.14025914444416387
-0.42159257456167154,-0.19093777436145842,1.0023098904788963,-2.598536761527452,-1.073543508455458,1.3873525557568227,1.683082157775548,2.8977730116311893,0.16430661026027638,2.521160550017708,-2.6399207765756034,1.1305376890171186,1.3147641669113677,-0.14022666211395785
-0.4215925656131212,-0.19093772748675164,1.0023098859860102,-2.598536757251003,-1.073543530170161,1.3873525173428893,1.6830821771998998,2.8977729368373684,0.16430660121662832,2.5211606235219115,-2.6399207753940175,1.1305376947735704,1.3147641543747177,-0.14022666722813448
-0.421381205448089,-0.19084841656351603,1.0021707342971808,-2.5985285301673193,-1.073574330583484,1.387292497966067,1.6831112039568232,2.8977729083477097,0.16436678328800758,2.520687597295561,-2.639967834534004,1.1304997609492164,1.3148433538626736,-0.14019370365101458
-0.4213840949552896,-0.19085019721678886,1.0021734452946625,-2.598528697908932,-1.0735734883016352,1.3872940565990373,1.6831104507642412,2.897773486067541,0.16436685314748622,2.5206870295423496,-2.639967843661914,1.130499716491862,1.314843450702674,-0.140193664146274
-0.4211735898291096,-0.19076222275790222,1.002034220272371,-2.5985205642002254,-1.0736040105509304,1.3872345490368785,1.6831392096516486,2.8977734735362777,0.16442705378572464,2.5202142843714856,-2.640014115345812,1.1304617394438117,1.314922673287251,-0.14016069186442315
-0.4211737870361638,-0.19076228452211375,1.0020344109368011,-2.5985205702313934,-1.0736039806107511,1.3872346068598533,1.68313918288254,2.8977735364577146,0.16442706139412433,2.5202142225357544,-2.640014116339547,1.1304617346021058,1.3149226838341734,-0.14016068756231914
-0.4209651299571098,-0.19067554926034536,1.001896910668643,-2.5985125361400963,-1.0736339722823907,1.3871760673048232,1.6831674747110172,2.897773542452363,0.16448729741637313,2.5197414160961955,-2.6400596841835653,1.1304237068296972,1.3150019681642044,-0.1401276805516929
-0.42096503459285284,-0.19067551939246297,1.0018968184677295,-2.598512533223864,-1.0736339867606732,1.3871760393439807,1.6831674876562293,2.8977734949668807,0.16448729167379605,2.51974146276277,-2.6400596834335315,1.1304237104840011,1.3150019602048255,-0.14012768379980334
-0.4207565179453461,-0.1905885611670941,1.0017595938057609,-2.598504490405563,-1.073663963412545,1.3871175320612528,1.68319577020352,2.8977734823534362,0.1645475316035765,2.519268443378248,-2.64010548825026,1.130385690520647,1.3150812489140402,-0.1400946663401299
-0.4207565277695018,-0.19058856424548853,1.0017596033048681,-2.598504490706529,-1.073663961919519,1.387117534942372,1.6831957688689103,2.8977734722737907,0.16454753038535141,2.519268453284223,-2.640105488091456,1.130385691296403,1.3150812472243794,-0.1400946670292451
-0.4205480012892977,-0.19050172137296784,1.0016218400272576,-2.598496464349398,-1.0736939569037443,1.387059014928358,1.6832240487460943,2.897773450026577,0.16460777777279878,2.5187951713662677,-2.64015189655765,1.1303476973834654,1.3151605397312673,-0.14006165532050807
-0.42054790158797317,-0.190501690146597,1.001621743634014,-2.598496461301166,-1.07369397204008,1.3870589856948854,1.683224062281158,2.8977736064777133,0.16460779669173808,2.5187950176140497,-2.6401518990300534,1.1303476853449577,1.3151605659567784,-0.14006164462193071
-0.4203392387318079,-0.190415429306646,1.0014830159743102,-2.598488462375848,-1.0737239932304758,1.3870004292227573,1.6832523432282427,2.897773506620755,0.1646680411468444,2.5183219084918083,-2.6401981906135448,1.1303096798201997,1.3152398344076262,-0.14002864289275063
-0.42033918679914883,-0.19041541304065834,1.00148296576368,-2.5984884607875536,-1.073724001116072,1.3870004139955743,1.6832523502771615,2.8977734856300117,0.1646680386081063,2.5183219291215853,-2.6401981902822165,1.130309681435208,1.3152398308892277,-0.14002864432868445
-0.4201306550369335,-0.19032961801244497,1.0013441309826892,-2.5984804721183714,-1.073753985453572,1.3869419065627575,1.6832806031244383,2.8977740226719355,0.16472842261963372,2.517848567413438,-2.6402437634643023,1.1302715761832702,1.3153192587583926,-0.13999557263343254
-0.4201305943819502,-0.19032959901602098,1.0013440723409328,-2.598480470263531,-1.0737539946615327,1.3869418887782974,1.6832806113569339,2.8977738662086594,0.16472840367342023,2.5178487211774296,-2.640243760989115,1.1302715882325036,1.3153192325123695,-0.1399955833407851
-0.41992205999989274,-0.19024360228617,1.0012056722430698,-2.5984724571907907,-1.0737839645442984,1.3868833858529328,1.683308871786246,2.8977738591993454,0.16478876657850927,2.5173754772146744,-2.6402890706649367,1.1302334831153875,1.315398651066702,-0.1399625064483223
-0.4199219309443034,-0.190243561866275,1.0012055474685253,-2.59847245324284,-1.073783984137334,1.3868833480115246,1.6833088893041355,2.89777410514605,0.16478879635962196,2.517375235511313,-2.6402890745545036,1.1302334641739538,1.3153986923217285,-0.13996248961744273
-0.4197134951533119,-0.1901573234161873,1.0010674522082317,-2.5984644325628947,-1.073813922694491,1.3868249054144144,1.6833371269532638,2.8977740663068143,0.16484915093921293,2.516901736796118,-2.640334945559323,1.1301953852319164,1.3154780988279882,-0.13992941397972647
-0.4197136253755982,-0.19015736417557072,1.0010675781119458,-2.59846443654155,-1.0738139029371983,1.386824943576313,1.6833371092858727,2.89777404947427,0.16484914890155178,2.5169017533390736,-2.6403349452927896,1.1301953865289482,1.3154780960046253,-0.13992941513078372
-0.41950543704448773,-0.19007149262392975,1.000929248768851,-2.598456450013867,-1.0738437658708655,1.3867666433110468,1.6833652678924587,2.8977745723670942,0.16490967492877306,2.5164273301085167,-2.6403813158812866,1.1301572439648357,1.3155576899458135,-0.13989627146758865
-0.41950558768037194,-0.19007153970527835,1.0009293944160005,-2.5984564546116293,-1.0738437430457504,1.3867666874005469,1.6833652474839518,2.897774571117676,0.16490967477544727,2.516427331335141,-2.6403813158611382,1.1301572440603824,1.3155576897351313,-0.1398962715544969
-0.4192975045314178,-0.18998618483808905,1.0007907270347651,-2.5984484884172874,-1.073873583540606,1.3867084280230841,1.6833933775514902,2.8977746176662365,0.16497019918306055,2.515953096615439,-2.640427353832185,1.1301190786624826,1.3156372751245016,-0.13986313050506038
-0.4192973118783101,-0.18998612462100795,1.000790540761134,-2.598448482536018,-1.0738736127338662,1.3867083716339366,1.6833934036532199,2.8977746154816124,0.1649701989186103,2.5159530987625427,-2.6404273537979095,1.1301190788307869,1.3156372747577292,-0.13986313065484346
-0.41908933479962585,-0.18990087929079813,1.0006522199545644,-2.5984405069675454,-1.073903417831394,1.386650154443057,1.6834215182358951,2.8977744239726277,0.16503068274317467,2.515479328412747,-2.6404728013411702,1.130080911910486,1.3157168270445512,-0.13982999882198732
-0.41908946079331244,-0.18990091867225622,1.0006523417766973,-2.5984405108125457,-1.0739033987385085,1.3866501913202711,1.6834215011639824,2.8977745358429843,0.1650306963071957,2.515479218472864,-2.640472803112582,1.1300809032886898,1.3157168458230704,-0.13982999116059958
-0.41892320640102554,-0.18983240927753542,1.0005423693817832,-2.5984341115488063,-1.0739271904615606,1.386603698151112,1.6834439668273884,2.8977754542364096,0.16507930152269257,2.5150991736358534,-2.6405092918988076,1.1300502658955178,1.3157807268846091,-0.13980337719791747
-0.4187488137823525,-0.18976038898190595,1.000426993537653,-2.5984273983126607,-1.073952162718884,1.3865549168494953,1.6834675386228897,2.8977754255222887,0.16513030020751263,2.5146999471516196,-2.6405482267620415,1.1300181360433426,1.3158477596846554,-0.13977545341556707
-0.4187488280175433,-0.18976039342996742,1.0004270073009902,-2.5984273987466207,-1.0739521605637385,1.3865549210140022,1.6834675366939535,2.897775389960758,0.16513029588591,2.514699982099369,-2.640548226198482,1.1300181387872117,1.3158477537088653,-0.13977545585426743
-0.4187488467160865,-0.1897603992699608,1.000427025380576,-2.5984273993169706,-1.0739521577322728,1.386554926484025,1.6834675341625243,2.8977752309483744,0.1651302765674978,2.514700138366006,-2.640548223678665,1.1300181510546483,1.3158477269904592,-0.13977546675832042
-0.4185412644457269,-0.1896749963517843,1.0002892584924172,-2.5984194271487775,-1.0739818825513092,1.3864968670319975,1.6834955795560846,2.897775664142145,0.1651911269493338,2.5142244531016864,-2.640594680796491,1.1299798388172504,1.315927658666371,-0.13974217440112602
-0.4183960532594879,-0.18961557615647884,1.0001927476838866,-2.5984138567363484,-1.0740026633398907,1.3864562629153463,1.6835151890577942,2.897775906255596,0.16523371983783441,2.5138916994135503,-2.640626683655718,1.1299530045047186,1.315983631782652,-0.139718868791183
-0.41839577217806134,-0.1896154883703911,1.00019247590199,-2.5984138481629646,-1.0740027059018225,1.386456180700903,1.6835152271117941,2.8977758363644064,0.16523371133673992,2.513891768098402,-2.640626682547944,1.129953009900622,1.3159836200317305,-0.13971887358708557
-0.41818826206965554,-0.1895302641330927,1.0000550772292334,-2.5984058643103203,-1.074032391979518,1.3863981584783662,1.6835432595427342,2.8977758580473587,0.16529454270650135,2.513416483585841,-2.6406722482080873,1.129914668171724,1.3160635579371136,-0.1396855747615584
-0.41818815537850185,-0.18953023081149656,1.0000549740678961,-2.598405861057078,-1.0740324081348893,1.386398127271761,1.6835432739875502,2.8977759174415834,0.16529454993147752,2.513416425217047,-2.640672249149428,1.1299146635859705,1.3160635679240014,-0.13968557068631338
-0.4179808146491055,-0.18944463385317167,0.9999181894056424,-2.5983978613357044,-1.0740620683160165,1.3863401521573389,1.6835712948251054,2.8977758326803524,0.16535537334171924,2.512940957484597,-2.640718189143876,1.1298763406260963,1.3161434989754968,-0.13965227037499006
-0.4179806020690293,-0.18944456746362892,0.9999179838591257,-2.598397854852779,-1.0740621005046043,1.3863400899808473,1.6835713236040153,2.8977763149283753,0.16535550961489598,2.5129404855113204,-2.640718202494427,1.1298762761663563,1.3161436356912763,-0.13965221188479227
-0.417773182125285,-0.1893588979881491,0.9997809660156189,-2.5983898591058217,-1.074091783220938,1.3862820880455882,1.68359935416599,2.89777626114944,0.16541643300033115,2.5124644580472406,-2.6407647063784756,1.1298379261201226,1.3162236581540792,-0.139618876459497
-0.4177731967529654,-0.1893589025577258,0.9997809801576398,-2.5983898595527295,-1.0740917810064943,1.3862820923255832,1.6835993521856274,2.897776334571711,0.16541644194402805,2.5124643858934235,-2.640764707542558,1.1298379204476476,1.316223670507414,-0.13961887141612306
-0.4175656261979013,-0.18927353609906739,0.9996434097221982,-2.5983818775391336,-1.0741214880959618,1.3862240505016379,1.6836273922512728,2.8977764212210406,0.16547742225592943,2.511988195895306,-2.6408111177156326,1.129799534638152,1.3163037549708028,-0.1395855159296553
-0.4175656746048828,-0.1892735512179442,0.9996434565282772,-2.5983818790160664,-1.0741214807657116,1.3862240646603956,1.6836273856976076,2.8977761414590777,0.16547738817893398,2.5119884708255107,-2.6408111132769796,1.1297995562530636,1.3163037078985256,-0.13958553514101335
-0.4173580451447938,-0.18918831579517992,0.9995058961980661,-2.5983738922944517,-1.074151184242094,1.3861660128917412,1.6836554305767155,2.897776180013791,0.16553833831716158,2.5115127092653022,-2.640856967845351,1.129761171257703,1.3163837785748957,-0.13955218959995186
-0.4173580367156928,-0.18918836365464387,0.999505883169487,-2.5983738966387087,-1.0741511621433286,1.3861660516903997,1.6836554108018147,2.897776278744958,0.165538350343315,2.511512612239544,-2.6408569694117956,1.1297611636299967,1.3163837951873028,-0.13955218282038628
-0.4171505184821722,-0.18910287515445123,0.9993689400332864,-2.598365893584641,-1.0741808242607132,1.386108062771192,1.6836834360276178,2.8977762412154924,0.16559928637146415,2.5110369106179657,-2.64090270814797,1.129722774859498,1.316463848089115,-0.13951883277418808
-0.4171523636347434,-0.189103450976968,0.9993707241746153,-2.5983659498206513,-1.0741805450785051,1.3861086020997737,1.6836831864073742,2.897783836730337,0.16560139832958454,2.5110294779609585,-2.6409029162983244,1.129721769113272,1.3164659801961487,-0.13951792100604932
-0.41694613922672463,-0.18901805703201724,0.9992352487982092,-2.598357976763715,-1.074210013200548,1.3860509983973435,1.6837110385243435,2.8977838713404864,0.16566382637779942,2.5105482243906128,-2.6409493104298263,1.1296826875703387,1.3165475397323418,-0.13948392567387846
-0.41694599185741854,-0.18901801104313165,0.999235106301251,-2.598357972272646,-1.0742100354988118,1.3860509553228093,1.683711058460509,2.8977837863636395,0.16566381582175538,2.5105483078950765,-2.6409493090667726,1.1296826942089242,1.3165475252857592,-0.13948393157593197
-0.41674035864500425,-0.18893294071335287,0.9990998553077359,-2.598350033032982,-1.0742394237376622,1.385993521361642,1.6837388247631795,2.8977837510224855,0.16572687451814394,2.510064781801585,-2.640996104429038,1.129643325265001,1.3166297096915436,-0.13944967437361755
-0.41674356881233976,-0.18893476929517217,0.9991028803245205,-2.5983502060031674,-1.0742385563758736,1.3859951337902308,1.6837380490209553,2.8977863561404025,0.16572750433088324,2.5100622300098436,-2.6409961688618275,1.129643013512274,1.3166303730575013,-0.1394493926242304
-0.4165397082254074,-0.18885108570130882,0.9989689949316709,-2.5983423803973578,-1.0742674433584494,1.3859386271413552,1.683765360885439,2.8977862322436962,0.16579091616366126,2.509577558055966,-2.6410426561967917,1.1296034571179496,1.3167129256923369,-0.13941498223794224
-0.4165396256065783,-0.18885106025415865,0.9989689150119805,-2.5983423779102597,-1.074267455703004,1.3859386032670038,1.6837653719244483,2.8977863196698337,0.16579092707891663,2.509577472147175,-2.6410426576033577,1.1296034502686685,1.3167129405949263,-0.1394149761476393
-0.4163372067835267,-0.1887681292780945,0.9988366448149844,-2.5983346154287505,-1.0742959610263165,1.3858827921059023,1.6837923547189582,2.8977862863999952,0.1658545807905929,2.5090919893022114,-2.6410886990639812,1.129563754892953,1.3167957610487626,-0.13938044815791684
-0.4163373836946418,-0.18876827781295002,0.9988368069450235,-2.5983346293028564,-1.07429589118731,1.3858829199685578,1.6837922922485324,2.897786325038723,0.16585458561465716,2.509091951333838,-2.641088699685785,1.1295637518657424,1.316795767634832,-0.1393804454657923
-0.41613517633480157,-0.1886851004620418,0.9987051617120022,-2.5983268579347216,-1.0743243390808423,1.3858272132048368,1.6838192344824106,2.897786276422968,0.16591823727092736,2.5086063397413394,-2.641134880407356,1.129524069242203,1.3168786034122202,-0.1393459115489908
-0.41613510763811945,-0.1886850793354391,0.9987050952587948,-2.598326855868917,-1.0743243493296362,1.3858271933796766,1.6838192436470156,2.897786285354316,0.16591823838824205,2.50860633096522,-2.6411348805516837,1.1295240685427252,1.316878604935217,-0.13934591092491222
-0.41593298922877686,-0.1886018147864963,0.9985734937292579,-2.5983190920036696,-1.074352777673088,1.3857715368937669,1.6838461612881583,2.8977863050619455,0.1659819046597688,2.508120417928268,-2.6411815776905545,1.1294843903184266,1.3169614388071333,-0.13931137378305802
-0.41593311573636704,-0.1886018536897378,0.9985736161083354,-2.598319095806628,-1.0743527587980148,1.3857715734012004,1.6838461444118762,2.8977866640556442,0.16598203263654776,2.508120067334456,-2.6411815896143964,1.1294843328049424,1.3169615598886262,-0.13931132139515467
-0.41573101248922484,-0.1885188686253878,0.9984416034536885,-2.5983113519937397,-1.0743811906010414,1.38571592026734,1.6838730511098836,2.897786856383499,0.16604580422611415,2.507633769289578,-2.6412283751516354,1.129444603904574,1.3170444982831482,-0.13927674545795776
-0.41573131522339324,-0.18851900851213887,0.9984418918383859,-2.598311365347019,-1.074381123842799,1.3857160457998612,1.6838729914080326,2.89778740096739,0.16604595570346437,2.5076332363386857,-2.641228390086962,1.1294445317280486,1.317044651240086,-0.1392766800261831
-0.4155294570075032,-0.18843636417794762,0.998309989890668,-2.598303637077648,-1.0744095028744862,1.385660483574279,1.6838998514725034,2.8977880618009735,0.16610998145207523,2.5071462677949032,-2.641274723539454,1.129404661094346,1.3171278543086475,-0.1392419916858909
-0.4155294419579416,-0.188436359555622,0.9983099753326599,-2.5983036366270205,-1.0744095051173188,1.3856604792345877,1.6838998534782608,2.8977879446198003,0.16610996675889567,2.5071463829405776,-2.6412747216496175,1.1294046702966998,1.3171278342906367,-0.1392419998719343
-0.4153278947831218,-0.18835370181888234,0.9981787328111213,-2.5982959080638266,-1.0744377958958253,1.385605070459122,1.6839266483459818,2.8977884593601235,0.16617423258502484,2.5066586859731252,-2.6413207930384033,1.1293646754337452,1.3172112872075692,-0.13920719905386747
-0.41532799580254576,-0.18835373283787593,0.9981788305383734,-2.5982959110976087,-1.0744377808453631,1.3856050995739198,1.6839266348886786,2.8977884713048194,0.16617423408472476,2.5066586742350268,-2.6413207932307556,1.1293646744946153,1.3172112892490624,-0.13920719821931904
-0.4151266053013982,-0.18827079204895192,0.9980480100878113,-2.598288174121345,-1.0744660523353655,1.3855497300011415,1.683953417587503,2.8977884706105534,0.1662384918176758,2.506170847588221,-2.641367201432902,1.129324704473432,1.3172947423349401,-0.1391723997424823
-0.4151264516621742,-0.18827074487631457,0.9980478614548476,-2.598288169509111,-1.0744660752250281,1.385549685723916,1.6839534380523906,2.897788481749288,0.166238493216051,2.506170836643248,-2.6413672016130776,1.1293247035993788,1.3172947442396348,-0.1391723989648086
-0.4149255247783188,-0.188188017520301,0.9979172458617072,-2.5982804609230032,-1.0744942683024075,1.3854944827375517,1.6839801377272825,2.897788569610883,0.16630277291642903,2.505682729341597,-2.6414140243254027,1.129284729045314,1.3173782039991258,-0.13913759594731756
-0.4149254708460539,-0.18818800097117272,0.9979171936856233,-2.5982804593051387,-1.0744942763319703,1.3854944672040501,1.683980144908182,2.897788569990924,0.16630277296321339,2.5056827289675354,-2.6414140243306425,1.1292847290155876,1.317378204064049,-0.13913759592146335
-0.4147243032898924,-0.1881055731113772,0.9977859532816655,-2.598272765663779,-1.074522485145894,1.3854392335440249,1.6840068478603523,2.8977885420025213,0.16636704973025918,2.50519478173341,-2.641460677478088,1.129244747812268,1.3174616583374936,-0.13910279961691807
-0.41472444460314684,-0.18810561643660328,0.9977860899966711,-2.5982727698998964,-1.0745224641222135,1.3854392742161181,1.6840068290637817,2.8977886249085305,0.16636706013522629,2.5051947002672694,-2.6414606788157227,1.1292447412968025,1.3174616725091326,-0.13910279382424506
-0.4145434960412304,-0.18803157090928835,0.9976681283707283,-2.5982658464292814,-1.0745478280550644,1.385389597580513,1.6840308465086986,2.897789083445012,0.16642504184077822,2.5047553534627855,-2.6415021950640925,1.1292086772598013,1.3175369195592603,-0.1390714156490711
-0.4143967916103115,-0.1879712503679558,0.9975728802132808,-2.598260215414694,-1.0745683891534217,1.3853493215606623,1.6840503274243934,2.897788971599512,0.16647204835379714,2.504399028257044,-2.6415358667036672,1.1291794369628294,1.3175979345851405,-0.13904596723012763
-0.4143967765557157,-0.1879712457514211,0.9975728656481992,-2.598260214963248,-1.0745683913942132,1.385349317227611,1.6840503294261615,2.897788544561722,0.16647190963235703,2.5043994455660403,-2.6415358534978806,1.1291795007251664,1.3175978001116428,-0.13904602518582854
-0.41419582736136373,-0.1878885183437493,0.9974423276593702,-2.598252504248038,-1.074596564667111,1.3852941441608966,1.6840770153406508,2.8977886644483473,0.16653627639958168,2.5039111263917757,-2.6415824131351626,1.1291394707292182,1.317681358434501,-0.13901117650951855
-0.41419588337493973,-0.18788853551762408,0.9974423818501519,-2.598252505927808,-1.0745965563334705,1.3852941602842836,1.6840770078902514,2.897788438746735,0.1665362480625694,2.503911348172034,-2.6415824094907956,1.1291394884660737,1.3176813198501875,-0.13901119228690328
-0.4139951241261306,-0.18780609900028544,0.9973116476694255,-2.598244821222009,-1.074624687914329,1.385239076291481,1.6841036433746002,2.8977895311984074,0.16660083911261614,2.5034221919304613,-2.6416291993200853,1.1290993642235612,1.317765110495472,-0.13897625473122122
-0.41399516032795614,-0.18780611009230164,0.9973116826939954,-2.5982448223067074,-1.0746246825319243,1.385239086705229,1.6841036385622177,2.8977897691215784,0.16660086906449,2.5034219581421233,-2.6416292031662687,1.1290993454965432,1.3177651512274835,-0.13897623807357595
-0.41379447179358664,-0.18772398101623455,0.9971807798377315,-2.5982371507098274,-1.0746527988749452,1.3851840268252333,1.684130256965937,2.8977897504834402,0.16666543320881821,2.502933194337107,-2.6416756366471996,1.1290592152679817,1.317848898513918,-0.1389413147894889
-0.4137942650141042,-0.18772391766374863,0.9971805797833797,-2.5982371445141474,-1.0746528296175972,1.3851839673446102,1.6841302844548025,2.8977896555923266,0.166665421262008,2.5029332875788164,-2.6416756351130637,1.1290592227369756,1.3178488822682812,-0.1389413214338282
-0.41359393535533684,-0.1876418422491355,0.9970502611637402,-2.5982294727909565,-1.074680884151463,1.385129013808144,1.6841568580535027,2.897790301258981,0.16673017011019198,2.5024438473653188,-2.6417217250211613,1.129018984139441,1.3179328389575176,-0.13890630535431447
-0.4134334273757423,-0.1875758098281084,0.9969460804563495,-2.598223313133091,-1.074703365734134,1.3850849777404255,1.6841781579661643,2.8977901147088048,0.16678193356653148,2.502052437280433,-2.6417587748936597,1.128986822521913,1.3179999585134867,-0.13887830712997595
-0.413433573822906,-0.18757589965408972,0.996946217822809,-2.5982233216070654,-1.0747033232111036,1.3850850565954795,1.6841781199340402,2.8977903086675028,0.16678195801890228,2.502052246693136,-2.641758778032062,1.1289868072430607,1.3179999917431373,-0.13887829353873826
-0.41323329429759603,-0.18749352213231418,0.9968161172257934,-2.5982156445059417,-1.0747313668686882,1.3850301354074395,1.6842046826863952,2.8977901357387488,0.16684667387624197,2.5015627759513848,-2.641805470029969,1.1289466126773555,1.3180838978221643,-0.13884329609312185
-0.413233508149629,-0.18749363241004957,0.996816319811713,-2.5982156549850193,-1.074731314407276,1.3850302335162157,1.6842046357677694,2.8977913869578593,0.1668470053865705,2.5015615513742517,-2.6418055031933436,1.128946452243214,1.318084237965636,-0.13884315089380417
-0.4130332580583591,-0.18741159144060493,0.9966858492162176,-2.5982079995200746,-1.0747593376850828,1.3849753540121519,1.6842311691322465,2.897791506217814,0.16691194307462398,2.501071231265408,-2.641852196561283,1.1289061508722766,1.3181683878622166,-0.13880806021326908
-0.413033501189787,-0.18741166581656632,0.9966860844527128,-2.5982080067926896,-1.0747593015883954,1.3849754238551366,1.6842311368596925,2.897791938968801,0.1669120849460075,2.5010708084397226,-2.6418522100522885,1.1289060857113673,1.3181685251975734,-0.13880800098853596
-0.4128336321560564,-0.18732998733408746,0.9965559291343364,-2.5982003706133625,-1.0747872307122295,1.38492071019017,1.6842575894990253,2.8977922707951578,0.1669773329229276,2.500579746835939,-2.641898494633779,1.1288656157028567,1.3182529735255546,-0.13877277544252942
-0.4128335391946738,-0.1873299589150248,0.9965558391900391,-2.5982003678330168,-1.074787244503927,1.3849206835007477,1.6842576018305921,2.8977924199424727,0.16697735182999018,2.50057960028505,-2.641898497055062,1.1288656039175309,1.3182529991547942,-0.13877276495712754
-0.412633960794901,-0.18724816906648645,0.9964263180691244,-2.598192723815922,-1.0748151238826305,1.3848660553928678,1.6842840226205578,2.8977923858725596,0.1670426767085913,2.500088341305105,-2.641944616010329,1.128825091737908,1.3183375302412417,-0.13873749862460683
-0.41263390688103563,-0.18724815258497518,0.9964262659047751,-2.5981927222035526,-1.0748151318813557,1.3848660399146997,1.684284029772503,2.89779236150358,0.16704267361845115,2.500088365249269,-2.641944615614667,1.1288250936629347,1.3183375260533734,-0.13873750033921262
-0.41243441542827064,-0.18716617399880064,0.9962970032196159,-2.598185075331678,-1.0748429832358077,1.3848114686983646,1.6843104274544451,2.897792509808294,0.16710803554295417,2.499596638455099,-2.6419910903609813,1.1287845719229774,1.3184221053509142,-0.13870221226877466
-0.4124347167599236,-0.18716626604917508,0.9962972947789863,-2.5981850843336276,-1.0748429385589766,1.3848115551529023,1.6843103875087606,2.897792451051288,0.16710802809457403,2.499596696190043,-2.641991089407222,1.1287845765668132,1.3184220952549164,-0.13870221639943559
-0.4122352095915316,-0.18708436546459417,0.9961677589512892,-2.598177448626949,-1.0748708007505066,1.3847569759083873,1.6843367833246807,2.8977941549763404,0.16717387434253483,2.499103192102103,-2.642037927070748,1.1287438350306407,1.3185071554921253,-0.13866672614857123
-0.4122352759190404,-0.18708438572809527,0.9961678231287063,-2.5981774506099455,-1.0748707909156359,1.3847569949388854,1.6843367745311122,2.8977942262232848,0.16717388341027295,2.4991031220954394,-2.6420379282298954,1.1287438293868608,1.3185071677615943,-0.13866672112857925
-0.41203567332753455,-0.1870026117609953,0.9960379027947885,-2.5981698139506983,-1.0748987274692432,1.3847022812687602,1.6843632301430218,2.8977941402108005,0.1672397080967114,2.4986099179001346,-2.6420845453851967,1.1287030906706326,1.3185922009358837,-0.13863124532073323
-0.4120355516560865,-0.18700257451280144,0.9960377850762638,-2.5981698103085122,-1.0748987455466876,1.384702246294852,1.6843632463049398,2.8977939774692256,0.16723968738085349,2.4986100778070597,-2.6420845427377655,1.1287031035609894,1.3185921729091743,-0.1386312567903416
-0.4118369189035782,-0.18692140465352747,0.9959088962327449,-2.5981622208455373,-1.0749264065379593,1.3846480327776591,1.6843894633332948,2.897794930514392,0.1673057204136077,2.4981160748016507,-2.6421307744012745,1.1286622470241747,1.318677456583035,-0.13859567832648212
-0.41183688854737,-0.18692139540286323,0.9959088668586134,-2.598162219941348,-1.0749264110290255,1.3846480240860606,1.6843894673490385,2.8977946978760496,0.16730569075554103,2.4981163033865634,-2.642130770610695,1.1286622654669576,1.3186774164876534,-0.1385956947373903
-0.4116392532045925,-0.18684026211175375,0.9957812891891145,-2.59815464388261,-1.074953922420253,1.384594095321586,1.6844155605521158,2.8978000645968347,0.16737323601319387,2.4976171542065266,-2.6421771821930777,1.1286206881774208,1.3187642051617745,-0.13855946019596832
-0.41163938344340245,-0.18684030180974798,0.9957814152129174,-2.598154647767055,-1.0749539031508855,1.384594132617491,1.6844155433232944,2.897800052708549,0.16737323447611852,2.4976171658866093,-2.6421771819970603,1.128620689126678,1.3187642030978202,-0.13855946104204397
-0.41146176777870824,-0.18676720834157834,0.9956668518941401,-2.5981478354419147,-1.0749786341785983,1.384545665448777,1.6844389967007833,2.8978005515012306,0.16743415755401259,2.497167457107265,-2.642219370904508,1.128583227513357,1.318842427767986,-0.1385268000176041
-0.41131778521959017,-0.18670816530284107,0.9955736659717296,-2.5981423281303786,-1.0749986854063183,1.384506376022781,1.6844580016752255,2.8978006397831706,0.16747748024440767,2.496847613725283,-2.6422494614316197,1.1285565882950521,1.318898053861521,-0.13850357934963742
-0.4113175633636308,-0.18670809768212493,0.9955734512967851,-2.5981423215153225,-1.074998718229355,1.3845063124917374,1.6844580310214976,2.897800596188649,0.1674774746052794,2.4968476565577618,-2.6422494607149933,1.1285565917801557,1.318898046288714,-0.1385035824513694
-0.4111200979658616,-0.18662731048909453,0.9954455283419721,-2.598134772707952,-1.0750262124186234,1.3844524303462649,1.6844840918736312,2.89780081173177,0.16754518479297253,2.4963479490103335,-2.6422960806447815,1.1285149406544217,1.318984993808813,-0.13846728575607048
-0.4111201305891736,-0.1866273204338844,0.9954455599101601,-2.5981347736801204,-1.0750262075910282,1.384452439688145,1.6844840875576659,2.897800512398433,0.1675451460735422,2.4963482431117736,-2.6422960757276144,1.1285149645829127,1.318984941812785,-0.13846730705671018
-0.4109226933899546,-0.18654645720543073,0.9953179104242897,-2.598127213532501,-1.075053689600968,1.3843985685048033,1.6845101482730458,2.8978006266990857,0.16761284277577326,2.495848690118958,-2.6423423998701634,1.1284733148090975,1.3190718956019323,-0.13843100928662544
-0.41092260120358226,-0.1865464291079757,0.9953178212209002,-2.598127210783069,-1.0750537032403642,1.3843985421068865,1.6845101604666333,2.897800503848705,0.16761282688326284,2.4958488108232615,-2.6423423978523175,1.1284733246302143,1.319071874262117,-0.13843101803081703
-0.41072538164921024,-0.1864654040810425,0.9951906508244663,-2.5981196476095327,-1.075081134891117,1.3843447670234346,1.6845361819965872,2.897800502286426,0.16768049615823255,2.4953493299707183,-2.642388926123509,1.1284316927861333,1.3191587817547132,-0.13839473021260607
-0.4107253810389464,-0.18646540389549848,0.9951906502333125,-2.5981196475900012,-1.075081134981363,1.3843447668478754,1.684536182075103,2.897800671487431,0.16768051804444228,2.4953491637274468,-2.6423889289031166,1.1284316792606917,1.3191588111461225,-0.1383947181725269
-0.4105281661228952,-0.18638434373142765,0.9950633610958652,-2.5981120896130765,-1.0751085742125532,1.3842909901971598,1.684562202877606,2.8978006049655463,0.16774817832379307,2.4948496200345396,-2.6424358301691147,1.1283900670200921,1.31924569933031,-0.13835844050450863
-0.41052810660100736,-0.18638432560129203,0.9950633034994913,-2.598112087838691,-1.0751085830130123,1.3842909731629778,1.6845622107463503,2.8978006705351547,0.16774818680344517,2.4948495556106387,-2.6424358312450513,1.1283900617785014,1.3192457107192461,-0.13835843583919005
-0.41033123129349036,-0.18630370274819974,0.9949360052464602,-2.5981045621717205,-1.075135935018313,1.3842373615379335,1.684588144638516,2.8978017657314865,0.16781619114040014,2.4943488732950705,-2.6424827156373483,1.1283482809306342,1.3193329457287333,-0.13832201367139074
-0.41033149146532466,-0.18630378188086993,0.9949362570130074,-2.598104569912858,-1.0751358966039666,1.3842374359034464,1.6845881102916769,2.8978018810984345,0.16781620610675319,2.4943487599461136,-2.6424827175367427,1.128348271693393,1.3193329657999775,-0.1383220054478589
-0.4101345340227578,-0.18622326380449028,0.9948088805750439,-2.5980970419922382,-1.0751632531554085,1.3841838049698811,1.6846140521817108,2.8978016941561435,0.1678841851467192,2.4938484160998406,-2.6425292095179156,1.1283064888284429,1.3194201769500324,-0.1382855922877977
-0.41013436324622,-0.18622321186139335,0.9948087153161334,-2.5980970369104655,-1.075163278371666,1.3841837561564763,1.6846140747271816,2.8978018420935534,0.16788420433677675,2.4938482707494636,-2.6425292119522332,1.1283064769829623,1.3194202026866315,-0.13828558174255456
-0.40994017104612546,-0.1861439944140031,0.9946842720169506,-2.5980896363761494,-1.0751899188811267,1.3841314543247867,1.6846393865789424,2.8978024830346456,0.1679522750695801,2.493347213440888,-2.6425755945624805,1.128264631656287,1.3195075465280328,-0.13824910973194915
-0.40994025494680564,-0.1861440196467914,0.9946843532364156,-2.5980896388461234,-1.0751899066241668,1.38413147807245,1.6846393756212024,2.897802349390041,0.1679522577336603,2.4933473447482726,-2.6425755923632606,1.1282646423571632,1.3195075232773954,-0.13824911925814676
-0.40974578231935244,-0.18606450013207976,0.994559767549636,-2.598082222768931,-1.0752165944678946,1.3840790925094328,1.6846647300395245,2.897802295529395,0.16802034354592,2.4928460066076017,-2.6426223061944984,1.1282228067971414,1.3195948966871258,-0.13821263936567396
-0.40974581563729107,-0.18606451015386583,0.9945597998026061,-2.5980822237506573,-1.0752165895998251,1.3840791019398875,1.6846647256867953,2.89780221475527,0.16802033306745523,2.4928460859702906,-2.6426223048652124,1.1282228132658436,1.3195948826350716,-0.13821264512365516
-0.40955146387755104,-0.18598515495164847,0.9944350772979096,-2.5980748250678007,-1.0752432531057288,1.3840267732116134,1.6846900478409208,2.897802454509776,0.16808843871908508,2.4923445468827534,-2.6426692697001686,1.1281809675826802,1.3196822637547392,-0.1381761600840461
-0.4095514880965849,-0.18598516223192618,0.9944351007438019,-2.598074825779922,-1.075243249568552,1.3840267800627215,1.6846900446800088,2.8978024116313215,0.16808843315580413,2.492344589011042,-2.642669268993961,1.1281809710163428,1.3196822562943438,-0.13817616314080117
-0.4093571930748334,-0.18590607275166882,0.9943101931665819,-2.598067439798122,-1.0752699030234387,1.3839744695723875,1.6847153525880727,2.8978023934463177,0.16815652228697608,2.491843302104204,-2.642716006276049,1.1281391244840084,1.3197696182747243,-0.13813968853779124
-0.40935694804904177,-0.18590599909037842,0.994309955973053,-2.5980674325850295,-1.0752699388011262,1.3839744002444077,1.684715384577983,2.8978022895388396,0.16815650880942812,2.491843404194924,-2.642716004566836,1.1281391328038166,1.3197696001983434,-0.13813969594388875
-0.40916302202970645,-0.18582702413029306,0.9941855554202785,-2.5980600507596368,-1.0752965305025022,1.383922197450386,1.6847406452357379,2.8978024710145593,0.16822460692885732,2.4913421521585803,-2.6427623963233766,1.1280972651090952,1.3198569855791416,-0.13810320903730977
-0.4091630444951031,-0.1858270308844654,0.9941855771674692,-2.598060051421137,-1.0752965272218011,1.3839222038062937,1.684740642302763,2.897802334968178,0.16822458928092843,2.4913422858255174,-2.6427623940850746,1.1280972760028984,1.3198569619113316,-0.13810321873595166
-0.40896900959736726,-0.18574781652191774,0.9940613594733652,-2.5980526564774546,-1.0753231142311126,1.3838700028300446,1.6847659073203758,2.8978029225980624,0.16829283983666654,2.49084049220302,-2.6428088679089137,1.1280553402979117,1.3199445003483739,-0.13806666194428296
-0.4089689262284608,-0.18574779147641074,0.9940612787683865,-2.598052654025282,-1.0753231263951566,1.3838699792563203,1.6847659181987376,2.897803080238573,0.16829286031498025,2.4908403373200443,-2.6428088705050863,1.1280553276649115,1.31994452779414,-0.13806665069746749
-0.4087752782306717,-0.18566858281115195,0.9939373998851533,-2.598045270762571,-1.0753496646200302,1.3838178829902166,1.684791134931026,2.897803554118905,0.16836125253085754,2.4903380266525907,-2.6428557215342923,1.1280133489624284,1.3200322052207953,-0.13803004005304165
-0.40877512041932196,-0.18566853540447426,0.9939372471148165,-2.59804526612051,-1.07534968764812,1.3838178383680386,1.6847911555196067,2.897803518359545,0.16836124787767037,2.4903380617862005,-2.6428557209451204,1.1280133518300894,1.3200321989903827,-0.1380300426075023
-0.40860058178073455,-0.18559736623973055,0.9938252016013251,-2.598038627475301,-1.075373613731185,1.38377087878537,1.68481387767951,2.897803567570163,0.1684228311484124,2.4898857794712494,-2.642897967830575,1.1279755473526247,1.3201111329535427,-0.13799708144813017
-0.40845913434263714,-0.18553984576790405,0.9937343662734754,-2.5980332498259093,-1.075392997240991,1.3837328278311052,1.684832287775441,2.8978035275267118,0.16847276258785282,2.48951921870259,-2.6429318923745573,1.1279448813355297,1.3201751394076027,-0.13797035442884487
-0.40845889193971807,-0.18553977294760138,0.9937341316139054,-2.5980332426941226,-1.075393032612178,1.3837327592880388,1.6848323194003494,2.897803636755768,0.1684727767982701,2.489519111385185,-2.6429318941752005,1.1279448725753731,1.3201751584395383,-0.13797034662771246
-0.4082650562061394,-0.18546079896656487,0.9936098754191063,-2.598025862350641,-1.0754195905625075,1.3836806144259644,1.684857552978468,2.897803539021975,0.16854117177576633,2.4890169860633566,-2.642978273001189,1.1279028621819822,1.3202628398189828,-0.13793372953574212
-0.40826517009040497,-0.18546083317704465,0.9936099856653504,-2.5980258657006763,-1.0754195739449193,1.3836806466278144,1.6848575381199757,2.89780365348102,0.16854118666503926,2.489016873606973,-2.642978274887429,1.1279028530018744,1.3202628597616637,-0.13793372136230908
-0.4080711206853733,-0.1853815731910231,0.9934857203263983,-2.5980184690896078,-1.0754461656795655,1.3836284390092901,1.6848828057667817,2.897803562548523,0.16860958380346647,2.4885146016446793,-2.6430248676193857,1.1278608490833586,1.3203505449925128,-0.13789710014525558
-0.40807117548244687,-0.18538158965426277,0.993485773372222,-2.59801847070206,-1.0754461576835954,1.3836284545048168,1.6848827986164308,2.8978034224130855,0.16860956557482565,2.488514739329103,-2.6430248653101733,1.127860860322867,1.3203505205762593,-0.13789711015097605
-0.40787734836994005,-0.18530241016247562,0.9933615659463229,-2.5980110870529476,-1.075472723654137,1.383576306985157,1.6849080358267168,2.8978035015960586,0.16867797789051053,2.4880122535499165,-2.6430717533291777,1.1278188577835968,1.320438220699737,-0.13786048515242366
-0.4078772496259937,-0.1853023804984515,0.9933614703569056,-2.5980110841467194,-1.0754727380630777,1.383576279063897,1.684908048709754,2.8978041538641968,0.1686781559279349,2.488011615325453,-2.6430717710340588,1.1278187721100807,1.320438401997071,-0.13786040759673068
-0.4076835265731322,-0.1852234550918661,0.9932370956893415,-2.598003714867141,-1.075499289207107,1.3835241621324776,1.6849332659000074,2.8978041866908875,0.16874661282809766,2.487509073667024,-2.6431185712434657,1.12777674999729,1.3205261570494957,-0.1378237677978542
-0.4076834772843174,-0.18522344028804572,0.9932370479748087,-2.5980037134174974,-1.0754992963986405,1.3835241481966758,1.684933272328681,2.8978041330788855,0.1687466058452607,2.4875091263399156,-2.643118570359771,1.1277767542998236,1.3205261477013552,-0.13782377162872672
-0.4074898415089976,-0.18514461709190755,0.9931128022832469,-2.5979963445141587,-1.0755258276916209,1.3834720595475263,1.6849584769604866,2.8978040960526563,0.16881517375918564,2.4870063625774588,-2.6431650461148415,1.127734658725211,1.320614009449152,-0.1377870789119653
-0.40748976785216584,-0.1851445949643029,0.9931127309790435,-2.5979963423477583,-1.0755258384399724,1.383472038719625,1.6849584865711766,2.8978040524510043,0.16881516807932728,2.4870064054154692,-2.6431650453953575,1.1277346622246425,1.32061400184618,-0.13778708202831447
-0.40729614340323206,-0.18506558211640467,0.9929887776494803,-2.5979889605528594,-1.0755523646977005,1.383419953913581,1.6849836955510065,2.8978039696488853,0.16888371448195016,2.4865037654287345,-2.6432114683440338,1.1276925768597574,1.3207018421589152,-0.13775039420769497
-0.4072961361165275,-0.18506557992756534,0.9929887705955567,-2.597988960338436,-1.0755523657612471,1.383419951852936,1.6849836965016936,2.8978042065249507,0.16888374533995032,2.486503532698938,-2.6432114722517324,1.1276925578456845,1.320701883463359,-0.137750377279519
-0.4071027443105306,-0.18498655896517846,0.9928651074837891,-2.597981589030032,-1.075578825257323,1.3833679972067303,1.6850088445025206,2.897804108147037,0.1689522775028216,2.486000858936798,-2.6432581999381215,1.1276504928353794,1.320789701680285,-0.13771369794206056
-0.4071025897867875,-0.1849865126125838,0.9928649578900295,-2.597981584490838,-1.0755788477732962,1.3833679535681425,1.6850088646356345,2.8978041094648237,0.16895227767393584,2.486000857642569,-2.643258199958776,1.127650492729499,1.3207897019097938,-0.13771369784674747
-0.40692842981492117,-0.1849154391284653,0.9927533093238452,-2.5979749547879774,-1.0756027019355923,1.3833211277845656,1.6850315249016194,2.8978041164212467,0.16901399191243094,2.4855481547306884,-2.6433004300036216,1.1276126181526172,1.3208687806714274,-0.1376806724760231
-0.4067870176498003,-0.18485794466219474,0.9926624426622634,-2.597969580300866,-1.0756220670401104,1.383283110625113,1.6850499174736804,2.8978041858948327,0.16906404968333888,2.4851810755007993,-2.6433344314523257,1.1275818920255027,1.320932939049123,-0.13765388537532663
-0.40678739542366227,-0.1848581409916843,0.9926628003155411,-2.597969598958719,-1.0756219736496648,1.3832832853979866,1.6850498339468238,2.897804160880531,0.16906404642541162,2.485181100076707,-2.6433344310399915,1.1275818940327296,1.3209329346876566,-0.13765388716304305
-0.40659377048041456,-0.1847793540934317,0.9925386280445077,-2.597962233169776,-1.0756484636424943,1.3832312674386333,1.6850750042665417,2.897804157705197,0.16913260961470744,2.484678355216303,-2.6433808265483765,1.127539791963347,1.3210208028605614,-0.13761718971762749
-0.40659399485406844,-0.18477942135191672,0.992538845263824,-2.5979622397572957,-1.0756484309694185,1.3832313307653639,1.6850749750529492,2.8978042628655043,0.16913262331249346,2.484678251896618,-2.643380828282173,1.1275397835212546,1.3210208211961496,-0.13761718220263375
-0.4064005858373916,-0.1847005331899929,0.9924151054908972,-2.597954872838291,-1.075674869929542,1.3831794065973861,1.6851001060314421,2.8978042392423156,0.1692011857278808,2.4841754214249026,-2.643427322619686,1.1274976850362282,1.3211086921770567,-0.13758048041804072
-0.4064005232755248,-0.1847005144366083,0.9924150449235771,-2.5979548710008387,-1.0756748790404922,1.3831793889410795,1.6851001141760387,2.8978041692310974,0.1692011766053798,2.4841754902110953,-2.6434273214650457,1.1274976906555259,1.3211086799686464,-0.13758048542240897
-0.4062096051949302,-0.18462231008728658,0.9922936641977822,-2.597947579091136,-1.0757009611265023,1.3831281656068848,1.6851249214626547,2.8978155878226275,0.16927312119862625,2.4836612958267175,-2.6434744481526753,1.1274540028294333,1.321199923542879,-0.1375423359847936
-0.4062094941698211,-0.18462227680616294,0.9922935567127,-2.5979475758321424,-1.0757009772938035,1.3831281342724724,1.6851249359186515,2.897815629242359,0.16927312674279094,2.4836612551362798,-2.6434744488466055,1.1274539994508461,1.321199930873786,-0.13754233297599439
-0.4060185892179353,-0.18454425336332303,0.9921719300121588,-2.5979402956177946,-1.0757270609515537,1.383076913591486,1.685149736067792,2.8978155727547303,0.16934505729355553,2.48314719480911,-2.643521596268676,1.127410319332101,1.3212911538207592,-0.13750419522609314
-0.40601837599976687,-0.18454418944804818,0.9921717235920866,-2.597940289357524,-1.0757270920007436,1.3830768534138596,1.685149763828984,2.897815629040103,0.16934506482819423,2.4831471395144114,-2.643521597211833,1.1274103147402834,1.3212911637829774,-0.13750419113682932
-0.40584680469750367,-0.18447422213281417,0.9920624252818655,-2.5979337513589966,-1.0757505076644067,1.383030859948163,1.685172031950965,2.897816165258984,0.16940278030296962,2.482735493381794,-2.643559039391643,1.1273752782044362,1.3213643157975028,-0.1374736062353954
-0.40570731340408805,-0.18441723400827037,0.9919736756568627,-2.597928427419659,-1.0757695467785222,1.382993458264285,1.685190143045153,2.8978162787762223,0.16945758393118338,2.4823444170962325,-2.643594530428225,1.1273420059611976,1.3214338081500978,-0.13744455447597992
-0.40570734025589594,-0.18441724205332655,0.9919737016525767,-2.597928428208439,-1.075769542870483,1.3829934658393066,1.685190139550635,2.8978162299192114,0.16945757737822698,2.482344465092126,-2.6435945296079013,1.1273420099493663,1.3214337994946166,-0.13744455803079902
-0.4055166806648236,-0.18433917963322433,0.9918525834684013,-2.5979211449151607,-1.0757955655529159,1.3829423486024703,1.6852148964489864,2.8978162672676593,0.1695296998539182,2.481829751369837,-2.6436414714418115,1.1272982256656898,1.3215252308044483,-0.13740632617159942
-0.40551649962518876,-0.18433912540347475,0.99185240819713,-2.5979211396037734,-1.075795591898081,1.3829422975393753,1.685214920003272,2.8978161601398096,0.16952968549077063,2.4818298566112844,-2.6436414696450563,1.1272982344122928,1.3215252118275234,-0.13740633396388668
-0.4053258287431918,-0.18426111290378078,0.9917311121073089,-2.5979138632365455,-1.0758216212855496,1.382891175897777,1.6852396755353776,2.8978161247942893,0.16960179791622743,2.4813151490967407,-2.6436886320088404,1.1272544638382356,1.321616625478108,-0.13736811170098084
-0.4053260091390003,-0.18426120760452758,0.9917312828108065,-2.5979138722300705,-1.0758215762581793,1.3828912601237295,1.685239635265399,2.897816954463025,0.16960200948589277,2.481314336865548,-2.6436886534501793,1.127254359994121,1.3216168455235389,-0.13736801784230046
-0.4051352462203237,-0.1841833744502166,0.9916096945456294,-2.5979066034279583,-1.0758476121563074,1.3828401242225556,1.685264392043941,2.897816880416963,0.16967416421956072,2.4807996196692983,-2.6437356901775018,1.1272105639205816,1.3217082993858655,-0.13732978030131404
-0.4051352691845036,-0.1841833813266467,0.9916097167776696,-2.5979066041019405,-1.0758476088164457,1.3828401306971667,1.6852643890571146,2.89781690675,0.16967416775553135,2.4807995938003735,-2.6437356906189544,1.1272105617686656,1.321708304054309,-0.13732977838260596
-0.40494454754548936,-0.18410562141903775,0.9914882507481808,-2.59789933550159,-1.075873619690169,1.3827890325056336,1.6852891285476708,2.897816903021024,0.16974646275241856,2.480284454386787,-2.6437824589169927,1.1271666848668105,1.3217999110481151,-0.13729147382101559
-0.4049445768007507,-0.18410563017477344,0.9914882790721515,-2.5978993363600864,-1.0758736154356994,1.382789040751919,1.6852891247461859,2.8978167928308984,0.16974644795697014,2.480284562635724,-2.643782457066271,1.127166693869874,1.3217998915123719,-0.137291481842307
-0.4047572743083574,-0.18402950050774702,0.9913702825564581,-2.597892228454376,-1.0758987638672188,1.382739553425525,1.6853130990189635,2.8978187081569526,0.16981920133684936,2.4797674939741867,-2.6438292797838745,1.1271225938373401,1.3218920014315154,-0.13725296603295667
-0.40475707178265985,-0.18402944074269723,0.9913700863954826,-2.597892222594952,-1.0758987929236836,1.3827394970413556,1.6853131249976934,2.8978185914290915,0.16981918561749154,2.47976760864416,-2.64382927781975,1.127122603391535,1.3218919807033798,-0.1372529745463158
-0.40458857149143324,-0.18396083693141385,0.9912639688968774,-2.5978858265499216,-1.0759214215497446,1.3826949753384108,1.68533469488115,2.8978187333389016,0.1698773974615495,2.4793537746773975,-2.6438670151026904,1.1270873219117603,1.3219656650255742,-0.1372221578400563
-0.40448541807532123,-0.18391900839366748,0.9911986986926982,-2.597881923023078,-1.0759352800697704,1.382667716822617,1.6853478950083822,2.8978188103328364,0.1699210516650722,2.479043457517095,-2.6438953538414314,1.1270608658633607,1.3220209216709717,-0.13719905248766562
-0.404485518576152,-0.18391903805317433,0.9911987960359019,-2.5978819259305155,-1.0759352656494672,1.3826677448026654,1.6853478821159085,2.897819894735573,0.16992139033516596,2.4790423976187217,-2.6438953865271078,1.1270607077510957,1.3220212545361054,-0.13719890904174514
-0.40429828243918564,-0.18384313068467062,0.9910804975452976,-2.597874835259493,-1.075960410076422,1.382618274459447,1.685371841167714,2.8978204148071285,0.1699943237516579,2.478524697091224,-2.6439423701533764,1.1270165172935562,1.3221135317086494,-0.13716031973821496
-0.4042983434317122,-0.18384314868203067,0.9910805566209149,-2.5978748370242766,-1.0759604013258741,1.382618291439706,1.6853718333448815,2.8978203547245727,0.16999431562789535,2.478524756112744,-2.6439423691400035,1.1270165222220307,1.322113521016445,-0.13716032413212798
-0.40412984353525516,-0.183774773524763,0.9909742867505296,-2.597868447381,-1.0759830243772672,1.3825737732503312,1.6853933974952007,2.8978202633630072,0.170060241279256,2.4780580627473086,-2.643984456023651,1.12697660982031,1.3221968537461328,-0.1371254684274419
-0.40397636632317724,-0.183712296899472,0.990877677839932,-2.5978626186414067,-1.0760036317639905,1.3825332226891769,1.6854130443413218,2.897820145391318,0.17012025093278949,2.4776330147572843,-2.644022963071812,1.126940280902501,1.322272717698585,-0.1370937346867407
-0.4039761526393084,-0.18371215652482142,0.99087747843092,-2.5978626054140364,-1.0760036981234293,1.3825330996330933,1.6854131037006645,2.8978201735008007,0.1701202547302576,2.4776329871436147,-2.644022963545344,1.1269402785966727,1.3222727227000508,-0.1370937326336894
-0.403788801535808,-0.183635894877205,0.9907593341868077,-2.597855493440552,-1.0760288832039269,1.3824835560244981,1.685437104165361,2.897820247458803,0.17019346557067339,2.4771143750981572,-2.644070173358682,1.1268959740267546,1.3223652812427584,-0.13705502345491638
-0.40378947174659974,-0.1836362080077345,0.9907599720499141,-2.5978555233435463,-1.0760287337769396,1.3824838374669364,1.6854369705225434,2.8978210184201423,0.1701936716353316,2.477113620608911,-2.644070193993878,1.1268958740985657,1.3223654926028843,-0.13705493306502659
-0.40360228118175456,-0.18356023932271448,0.9906417288331797,-2.597848431535303,-1.0760538724999273,1.3824343806631978,1.6854609240986576,2.897821088840045,0.17026695542079429,2.4765947594218325,-2.6441173683517603,1.1268515226138276,1.3224581172712462,-0.1370161929956979
-0.40360225875678424,-0.18356023271204513,0.9906417071125491,-2.5978484308874226,-1.0760538757132858,1.3824343744256806,1.6854609269731915,2.8978209639212746,0.17026693851042296,2.4765948821359594,-2.6441173662425785,1.1268515328700432,1.3224580950247695,-0.13701620213580212
-0.4034156170446215,-0.18348461761510038,0.9905240119612531,-2.597841363175557,-1.07607888535561,1.3823851530732112,1.6854847681557508,2.897821697175683,0.17034055528769265,2.4760749793673877,-2.644164267478885,1.1268070079264643,1.3225510647846432,-0.1369773134489345
-0.40341583299208406,-0.1834846812294657,0.9905242211326817,-2.5978413694139717,-1.076078854426206,1.3823852131017613,1.6854847405017157,2.897821521722719,0.17034053150276662,2.4760751517230926,-2.6441642645153687,1.1268070223442581,1.3225510335141122,-0.13697732629781134
-0.40322985083639473,-0.18340909495509994,0.9904074166510091,-2.5978343083858357,-1.0761037646631806,1.382336176610063,1.6855085023094203,2.8978251150279313,0.170415199455487,2.4755518921739075,-2.6442111815229543,1.1267619990841524,1.3226450499088527,-0.13693798328371587
-0.4032299623911566,-0.18340912781693586,0.9904075247047954,-2.597834311608207,-1.0761037486861165,1.3823362076193417,1.685508488024202,2.897825261525142,0.17041521947870875,2.475551748267879,-2.644211184010035,1.126761986986683,1.3226450761381612,-0.13693797250050577
-0.40304420253900375,-0.18333347593315885,0.9902910403477527,-2.5978272551230606,-1.0761286140545163,1.382287261241805,1.6855322097750123,2.897825250939068,0.1704898756736828,2.475028441763932,-2.644258362744554,1.1267169807788133,1.3227390759043658,-0.13689863533046798
-0.4030440688175041,-0.1833334365711483,0.9902909108188958,-2.597827251264894,-1.0761286331941582,1.3822872240950526,1.685532226888966,2.8978252959331705,0.17048988182252423,2.4750283975653744,-2.6442583635075327,1.1267169770637389,1.3227390839596813,-0.13689863201913854
-0.4028587029422024,-0.1832580200856686,0.9901745981222527,-2.597820218419387,-1.0761534308472323,1.3822384153384109,1.6855558795525911,2.897825671380444,0.1705647150659786,2.474504535139827,-2.644305756335941,1.1266719024817524,1.322833261250583,-0.1368592266703641
-0.4028586770485294,-0.18325801246946405,0.990174573039984,-2.597820217672008,-1.0761534345504513,1.382238408149508,1.6855558828636306,2.897825911846171,0.17056474798012156,2.474504298929064,-2.644305760420514,1.1266718826074842,1.3228333043394453,-0.13685920895400794
-0.4026756742179147,-0.18318385433786055,0.9900603325720576,-2.5978132950060067,-1.0761777216593353,1.3821905616830952,1.68557907535617,2.8978321091333115,0.17064143311442148,2.4739744613754464,-2.644353149312688,1.1266259144693773,1.3229293209714807,-0.1368190084785521
-0.40267581356346316,-0.18318389504475618,0.9900604675779592,-2.5978132989992053,-1.0761777018590166,1.382190600137596,1.685579057651966,2.89783210532617,0.17064143258622932,2.4739744651143543,-2.6443531492476495,1.1266259147865725,1.3229293202843353,-0.13681900876230046
-0.4025110304201318,-0.18311711993192858,0.9899577039463034,-2.5978070601235297,-1.076199565736042,1.3821475186926895,1.6855999423006072,2.897832117612534,0.17071047645396664,2.4734974996911063,-2.644395525965891,1.1265845145056792,1.3230157800284772,-0.1367828076274713
-0.40236099069764286,-0.18305610608107958,0.9898643836343721,-2.5978013681844727,-1.076219472233495,1.3821082921152934,1.6856189639719799,2.897832175838408,0.17077338611336002,2.473062830430335,-2.644434229685694,1.126546795882786,1.3230945608338418,-0.13674981881817638
-0.40236125627272123,-0.18305621942279604,0.9898646374209106,-2.5978013790584904,-1.0762194179757412,1.3821083948774842,1.6856189154494414,2.897831978937189,0.17077335879339506,2.473063023837094,-2.6444342263130802,1.126546812290429,1.3230945252823245,-0.13674983344904446
-0.40217834110241757,-0.18298182326235413,0.9897508089975995,-2.597794444525775,-1.0762436813716643,1.3820605888060404,1.6856420958455347,2.8978322544171267,0.17085010356044528,2.472532653586839,-2.64448170899971,1.1265008089083013,1.3231906278913144,-0.13670959287127382
-0.40217831770782286,-0.1829818164323047,0.9897507863310091,-2.597794443854894,-1.0762436846940338,1.3820605823536152,1.6856420988158236,2.897832225867427,0.17085009959806863,2.472532681629584,-2.6444817085111043,1.1265008112876562,1.323190622736253,-0.1367095949940631
-0.4019954635314278,-0.18290763040561497,0.9896367532679777,-2.597787523931382,-1.0762679356580227,1.3820128047728835,1.6856652601210302,2.8978322988848397,0.17092684174792971,2.4720023463365273,-2.6445292344188176,1.1264548094577918,1.3232867205455427,-0.13666935964711535
-0.4019955528699022,-0.1829076564880916,0.9896368398266029,-2.5977875264919064,-1.076267922970262,1.3820128294137008,1.6856652487783053,2.8978328075226223,0.17092702345731636,2.4720018500468868,-2.644529251529923,1.1264547266404863,1.3232868938689792,-0.1366692844187647
-0.40181270824599036,-0.18283362344126086,0.9895227301200098,-2.597780610446608,-1.076292168254918,1.3819650568794772,1.6856884054174812,2.8978327104403476,0.17100385209439084,2.471471489212,-2.644576497939832,1.1264086812975762,1.3233830854135027,-0.13662901398760852
-0.401813077103351,-0.18283376667813744,0.9895230839905889,-2.5977806242567456,-1.0762920994439966,1.3819651879347097,1.685688343882243,2.897833333775999,0.17100405109865147,2.4714708803377086,-2.644576517135248,1.1264085883500061,1.323383280583311,-0.13662892971119867
-0.40163043405609056,-0.1827596983558326,0.9894093954067724,-2.5977737053378753,-1.076316302504074,1.3819174874072209,1.6857114713055346,2.8978336507527374,0.17108109063311705,2.4709397732193743,-2.6446236113358257,1.126362425605167,1.323479686097114,-0.1365885585643949
-0.40163055498736977,-0.1827597336372726,0.9894095125771738,-2.597773708799166,-1.076316285340842,1.3819175207411867,1.6857114559605142,2.8978340845285224,0.17108126371980248,2.4709393505266775,-2.644623627310876,1.126362348319046,1.3234798473179072,-0.13658848824329262
-0.40144842407681036,-0.1826856736102096,0.9892964767330614,-2.5977668013784037,-1.0763403934890157,1.3818700031217084,1.6857345013698595,2.897835123138899,0.17115871398643234,2.4704066686019495,-2.644670968597338,1.126315994690347,1.3235766718416544,-0.13654793545294686
-0.40144845875011637,-0.18268568371798555,0.989296510328197,-2.597766802370575,-1.0763403885718694,1.3818700126725725,1.685734496973844,2.8978348501765137,0.17115867588546863,2.470406936712891,-2.6446709639033723,1.126316017520172,1.3235766223886394,-0.13654795581206858
-0.40126644559429003,-0.1826117132242695,0.9891834389756022,-2.597759907244887,-1.0763644700711739,1.38182255364931,1.685757510898775,2.8978347491519543,0.17123622606820277,2.4698740265517927,-2.644718567120371,1.1262696313238956,1.3236735273481912,-0.1365073694375798
-0.4012664131483721,-0.18261170377266556,0.9891834075388362,-2.597759906317006,-1.0763644746686438,1.3818225447166563,1.6857575150098918,2.8978350152717596,0.17123626321307928,2.4698737651614273,-2.644718571695701,1.126269609067435,1.3236735755614486,-0.13650734958950816
-0.4010844969509595,-0.1825379417266202,0.9890703071713469,-2.5977530221541665,-1.0763885395311972,1.3817751181096174,1.685780511314301,2.8978350635711454,0.17131380244512417,2.469341010219864,-2.644766063744378,1.1262232234513854,1.323770467703742,-0.1364667711866252
-0.40108441439610054,-0.18253791767386573,0.9890702271804495,-2.5977530197935166,-1.076388551232586,1.3817750953806476,1.685780521776283,2.8978348507535774,0.17131377273816017,2.4693412192549893,-2.6447660600842244,1.1262232412502073,1.3237704291467054,-0.1364667870607068
-0.4009025294676061,-0.1824642429769341,0.9889572791021513,-2.597746137470704,-1.0764125917163976,1.3817277076369807,1.6858034998708473,2.8978350171843026,0.17139134364397668,2.4688083359245656,-2.6448132626242904,1.1261768294352148,1.3238673834928099,-0.13642618730167344
-0.40090264511249707,-0.18246427665442688,0.9889573911561511,-2.5977461407758082,-1.0764125753329772,1.3817277394615504,1.6858034852218218,2.8978348659639295,0.17139132253662526,2.4688084844568525,-2.644813260023718,1.1261768420824434,1.3238673560960788,-0.1364261985801707
-0.40072079588796683,-0.18239041069531492,0.9888447160470601,-2.597739247878925,-1.0764366092537991,1.381680360259777,1.6858264648822372,2.897834960980468,0.17146888058522913,2.4682756503503214,-2.6448604457606817,1.126130429885722,1.3239642885733964,-0.13638559881631895
-0.4007207301506952,-0.18239039155187076,0.988844652350755,-2.597739246000077,-1.076436618566715,1.3816803421690116,1.6858264732084884,2.8978348851503313,0.17146887000089928,2.4682757248317664,-2.644860444457198,1.1261304362264601,1.3239642748353289,-0.13638560447192738
-0.4005390547064245,-0.18231639576939074,0.9887321202148609,-2.597732352140489,-1.076460649509336,1.3816329772774951,1.6858494478686188,2.8978354922901772,0.17154660172568015,2.4677422766699504,-2.6449079355597815,1.126083954969948,1.3240613706532525,-0.13634493367268696
-0.40053914287974735,-0.18231642146083082,0.9887322056493009,-2.5977323546619306,-1.0764606370105376,1.3816330015544738,1.6858494366935988,2.8978355700492635,0.17154661259599324,2.467742200293385,-2.6449079368986297,1.126083948461447,1.324061384752219,-0.1363449278671094
-0.40037532153938926,-0.18224989275629166,0.9886304059359832,-2.5977261554337017,-1.0764823154158538,1.3815902878381978,1.6858701478510447,2.897835653469219,0.17161657556310717,2.4672620591885206,-2.6449508062320337,1.1260421166807855,1.324148771941064,-0.13630832698546058
-0.4002425674964867,-0.18219612338591507,0.9885477667273213,-2.5977211316375404,-1.0764998777707695,1.3815556740140176,1.6858869289824416,2.897835476325966,0.17167330472006448,2.466872872228066,-2.6449853071355305,1.1260081854623079,1.3242196327551543,-0.1362786486463874
-0.40024286888481253,-0.18219627075504174,0.9885480528666752,-2.59772114569037,-1.0764998075288252,1.3815558061431217,1.6858868661584756,2.897835634770736,0.17167332686642744,2.4668727166009106,-2.6449853098613603,1.1260081722003292,1.3242196614832498,-0.13627863681795338
-0.40006107700155713,-0.18212257536375542,0.9884351283641895,-2.597714262038415,-1.0765238376719926,1.381508436279261,1.6859098361507057,2.8978356570313313,0.17175105173602612,2.466339503323251,-2.6450324166384487,1.125961675699906,1.3243167566580638,-0.13623796768961172
-0.40006102839733604,-0.18212256121879467,0.9884350812668767,-2.59771426064992,-1.0765238445545031,1.381508422910981,1.6859098423024528,2.8978356070830085,0.1717510447550632,2.4663395523831966,-2.6450324157790424,1.1259616798807395,1.324316747601645,-0.13623797141774152
-0.39987982221478724,-0.18204888302989453,0.9883228647961406,-2.597707389053597,-1.0765477621362791,1.3814612623342173,1.6859327179243269,2.8978368103896965,0.1718291561080143,2.46580500917441,-2.6450796821977285,1.1259150113644443,1.3244142401763996,-0.13619713387043664
-0.3998797174527713,-0.18204885256177938,0.9883227632824063,-2.597707386063178,-1.0765477769604632,1.3814612335355,1.6859327311765222,2.89783672403008,0.17182914400206428,2.4658050939979006,-2.645079680708258,1.125915018605749,1.324414224492985,-0.1361971403291855
-0.3996988089336133,-0.18197525760575672,0.9882107368646924,-2.5977005292503383,-1.0765716426862997,1.3814141799209505,1.685955555252871,2.897837499964602,0.17190747988134447,2.465269692422325,-2.6451272638378454,1.1258682473235564,1.3245119260190465,-0.13615620827490948
-0.3996988271576454,-0.18197526290152588,0.9882107545237648,-2.597700529769126,-1.0765716401092815,1.3814141849270953,1.6859555529491659,2.8978375526861377,0.17190748728307392,2.4652696406388586,-2.645127264747994,1.1258682428986995,1.3245119356012038,-0.13615620432787234
-0.3995178531744248,-0.1819018676459212,0.988098500308209,-2.5976936860505973,-1.0765955190386203,1.3813671184525367,1.6859783772928019,2.8978377500740464,0.17198584009417495,2.4647341619087406,-2.64517484299606,1.125821459350606,1.3246096578734718,-0.1361152668720138
-0.3993549742476885,-0.18183594260159364,0.987997453640264,-2.5976875279591205,-1.0766170046011512,1.3813247623206344,1.6859989169163776,2.897837548355632,0.17205632945731164,2.4642525528657675,-2.64521734769835,1.1257793568937267,1.3246975793559868,-0.13607843461371294
-0.39935529554152094,-0.181836035986497,0.9879977649767175,-2.59768753712481,-1.076616959165889,1.3813248505939768,1.6859988762935192,2.8978405087542036,0.17205721482950986,2.4642496597154473,-2.645217434462815,1.1257789364474917,1.3246984634218881,-0.13607805393551553
-0.3991746257197031,-0.18176273020343903,0.9878860036791624,-2.5976806931318306,-1.0766407847593196,1.3812778727259092,1.686021663753131,2.8978403283635004,0.17213612814400614,2.4637126969225527,-2.645264621515724,1.1257318734624446,1.3247967437829882,-0.13603687106942797
-0.3991749234115547,-0.18176281672787464,0.987886292144446,-2.5976807016241024,-1.0766407426620623,1.3812779545138856,1.6860216261141376,2.8978409973088297,0.17213634091698493,2.4637120435563205,-2.645264642091089,1.1257317737782002,1.3247969529450172,-0.1360367807225138
-0.3989944008370374,-0.18168938363718645,0.9877747526550307,-2.597673855544368,-1.0766645513979198,1.3812310127519796,1.686044399302093,2.8978411937676523,0.17221565525248828,2.463173553288808,-2.645312105364716,1.1256845324319302,1.3248956517183785,-0.13599542247468777
-0.3989945144308864,-0.1816894166518832,0.9877748627292844,-2.597673858784705,-1.0766645353339177,1.3812310439598043,1.6860443849416162,2.8978410277367583,0.1722156317674961,2.463173716358817,-2.6453121024868382,1.125684546431305,1.3248956214090164,-0.135995434962217
-0.3988145572510584,-0.18161629422587744,0.9876636911796339,-2.5976670423915937,-1.0766882364417492,1.381184313600901,1.6860670552253638,2.8978433138165585,0.17229573350574823,2.4626326064337665,-2.645359860843406,1.1256369322262278,1.3249950889903275,-0.1359537420912218
-0.3988147482422635,-0.18161634966615914,0.9876638762595533,-2.597667047834911,-1.0766882094658943,1.3811843660153613,1.6860670311078056,2.897843445602483,0.17229575223279792,2.4626324770009926,-2.645359863134092,1.1256369210828447,1.3249951131111644,-0.13595373214981077
-0.39863506093073475,-0.1815434964342577,0.9875526461053568,-2.597660245890739,-1.0767118541718266,1.3811377336132118,1.6860896510278525,2.8978432796651976,0.1723758093811032,2.4620917567889222,-2.6454074650583177,1.1255893249279363,1.3250945273110197,-0.13591206350405782
-0.39863483719638815,-0.1815434315331137,0.9875524292907123,-2.597660239519504,-1.0767118857532818,1.381137672249503,1.6860896792621372,2.8978429991067873,0.1723757695108259,2.4620920323394024,-2.645407460181387,1.1255893486523045,1.3250944759597507,-0.13591208467045113
-0.39845742381168314,-0.18147167145353826,0.9874435946204345,-2.5976535376865413,-1.0767350261939033,1.381091990554344,1.6861118500344783,2.897846904878662,0.17245694927976674,2.46154752100931,-2.6454548856017053,1.1255411990104665,1.3251950378895474,-0.1358699212089336
-0.3982976437494008,-0.18140684782422678,0.9873458025281145,-2.59764749149978,-1.0767558668142052,1.3810508467495142,1.6861318230492297,2.8978469112816363,0.17252997069917653,2.4610576840563994,-2.6454975974673105,1.125497889213701,1.3252854947767814,-0.1358319908428136
-0.3982993715637333,-0.18140753725091852,0.9873474581699959,-2.5976475578950575,-1.0767555359028878,1.3810514763514288,1.6861315271164128,2.8978527800910534,0.17253178248347467,2.461051950449651,-2.645497773990634,1.125497033553073,1.3252872905485056,-0.13583121593166925
-0.398123028147225,-0.18133592378994656,0.9872398682816632,-2.597640886878229,-1.0767784689009843,1.3810061929382051,1.6861535160028946,2.8978529038613754,0.17261421211693762,2.4605033729439896,-2.6455456556751056,1.125448308248063,1.3253890852041232,-0.13578851712265982
-0.3981231975021373,-0.18133600406665895,0.9872400292840711,-2.5976408945482836,-1.0767784305871784,1.3810062651936716,1.6861534817337094,2.8978535618111163,0.17261443587228342,2.460502730920531,-2.6455456770756123,1.1254482045145635,1.3253893020838508,-0.13578842306614436
-0.397947520639379,-0.1812648149657976,0.9871328354786444,-2.5976342598753646,-1.0768012397355418,1.3809612235338387,1.6861753516234237,2.8978533949788794,0.172697497156717,2.459952271142342,-2.645593696442495,1.1253991920300939,1.3254917232008454,-0.1357454622395342
-0.3979477082444607,-0.18126490024229636,0.987133014198915,-2.597634268037792,-1.0768011989841009,1.3809613005476207,1.6861753151754746,2.8978535067914013,0.17269751338005346,2.4599521613373305,-2.6455936984111936,1.1253991824530174,1.3254917439135703,-0.13574545369191782
-0.3977722489981925,-0.18119396035045465,0.9870259361436409,-2.597627645544624,-1.0768239610012649,1.3809163418068113,1.686197143729212,2.897854297605843,0.17278092943975754,2.459400741576413,-2.6456414705570386,1.125349983374456,1.3255945100595214,-0.13570233847163982
-0.3977722445292873,-0.18119395906947222,0.9870259318103818,-2.59762764541912,-1.0768239616247657,1.3809163405945624,1.6861971442869366,2.8978542362471913,0.17278092052372163,2.459400801834775,-2.64564146947563,1.1253499886361946,1.3255944986836905,-0.13570234316801844
-0.397597333125951,-0.18112307449041687,0.9869196596549292,-2.5976210289968806,-1.076846630315178,1.3808715519682027,1.686218899027923,2.8978556743594215,0.17286480972619955,2.458847989270188,-2.645689089555138,1.1253005585845433,1.3256977381252097,-0.13565901986239437
-0.3975971777203924,-0.18112302997475638,0.9869195090012068,-2.5976210246240674,-1.0768466519891402,1.3808715098114606,1.6862189184067677,2.897855801779743,0.17286482830395222,2.458847864138461,-2.6456890918054543,1.1253005476365998,1.3256977617940207,-0.1356590100895032
-0.3974228034600156,-0.1810521923064714,0.9868138946524416,-2.597614423017918,-1.076869205025449,1.3808269413999437,1.6862405730191843,2.8978566331080913,0.17294896294249273,2.4582941673045546,-2.645736935869971,1.1252510090440215,1.32580124478062,-0.13561557932679413
-0.3974228295535642,-0.18105219976728737,0.9868139199497419,-2.597614423750933,-1.076869201392317,1.3808269484668179,1.6862405697720804,2.897856697951603,0.17294897241336926,2.45829410362623,-2.6457369370177504,1.125251003466866,1.3258012568378312,-0.13561557434830496
-0.3972658835107392,-0.18098851965227336,0.9867186539816686,-2.5976084944689384,-1.0768894961539757,1.3807868542408155,1.6862600463215567,2.89785726822538,0.17301649176552392,2.4578503404419028,-2.645775507569165,1.1252112810404866,1.3258842521058787,-0.1355807420375681
-0.39713847617931197,-0.18093702437274128,0.986640823900629,-2.5976036919762713,-1.0769059689661673,1.3807542962509194,1.6862758570951488,2.897857248405586,0.173080587464431,2.457429006558101,-2.6458119787760914,1.1251735650055887,1.3259630629663892,-0.13554767464957118
-0.3971386667707941,-0.1809371014330825,0.9866410064205624,-2.597603699393206,-1.0769059319971066,1.3807543665651618,1.6862758240332436,2.8978578256792353,0.17308077242606856,2.45742844294562,-2.6458119967033813,1.1251734780704639,1.3259632449886585,-0.13554759591382304
-0.3969643713724027,-0.18086665596638696,0.9865350508307014,-2.597597121563698,-1.076928458364911,1.380709851541118,1.6862974436219456,2.8978577883962764,0.17316520373272182,2.4568739094873564,-2.6458597200021736,1.1251237881872478,1.326067026682959,-0.13550404005744254
-0.39696459386702987,-0.18086671951603073,0.9865352665416243,-2.5975971278089243,-1.0769284274183422,1.3807099117446988,1.686297415954269,2.89785868028828,0.1731654670384848,2.4568730379916452,-2.645859745978907,1.1251236621737775,1.3260672912473748,-0.13550392608161466
-0.3967906037087694,-0.18079623965965563,0.9864298460962688,-2.5975905519565776,-1.0769508893085935,1.3806655149015539,1.6863189850299465,2.897858527851678,0.17325004312342696,2.4563181134543903,-2.6459074234006743,1.1250739035239956,1.3261712160858483,-0.1354603039903819
-0.39679039073895694,-0.18079617886903865,0.9864296396151824,-2.5975905459836666,-1.0769509189137958,1.3806654573078871,1.6863190114987257,2.8978587145590744,0.17325007050102004,2.4563179301065325,-2.6459074267119624,1.1250738874247843,1.3261712508852979,-0.1354602896189121
-0.396616672999925,-0.18072561788081298,0.9863245592686569,-2.5975839730820347,-1.076973347044449,1.380621131308808,1.6863405502374471,2.8978586149150463,0.17333482561324676,2.455762297790038,-2.6459554062024306,1.12502405444654,1.3262753511599188,-0.13541659108502224
-0.3966167489006578,-0.18072563954744325,0.986324632855955,-2.5975839752101337,-1.0769733364940977,1.3806211518355598,1.6863405408032666,2.897858729378699,0.1733348423980945,2.4557621853863694,-2.6459554082314245,1.1250240445772342,1.3262753724938845,-0.13541658227270026
-0.39644316006722313,-0.18065525272402372,0.9862193859078658,-2.5975774167690155,-1.0769957525084948,1.3805768577745958,1.6863620594443423,2.897861124620688,0.1734203790536819,2.4552039870346594,-2.646003636449293,1.1249738446156234,1.3263802495747257,-0.1353725517620712
-0.39644322324278924,-0.1806552707572182,0.9862194471590335,-2.597577418540682,-1.0769957437262567,1.3805768748593783,1.6863620515928757,2.8978609612441826,0.17342035498036878,2.4552041474673256,-2.6460036335430104,1.1249738587454852,1.3263802190378504,-0.1353725643780379
-0.3962694912236193,-0.18058503970083795,0.9861139307021975,-2.597570863587763,-1.0770181758601054,1.3805325457468918,1.6863835825323825,2.8978609188050957,0.17350589085778934,2.4546460681603346,-2.646051625825888,1.1249236475601814,1.3264851006069547,-0.13532853366129505
-0.39626956347368303,-0.18058506032422628,0.9861140007501223,-2.5975708656161416,-1.077018165816853,1.380532565286268,1.6863835735531194,2.897861051892866,0.17350591046729313,2.4546459374705574,-2.646051628192507,1.1249236360495765,1.326485125481586,-0.1353285233837167
-0.3960965354277679,-0.180515081704959,0.986009373161548,-2.597564332122228,-1.0770404369089337,1.3804885305449481,1.686404968994763,2.8978618798069427,0.1735916737656833,2.454087321433235,-2.646099371121422,1.1248733145545406,1.326590245144084,-0.13528439214768828
-0.39595830962012535,-0.18045893320834594,0.9859260769697444,-2.597559099903116,-1.0770582272013756,1.380453353889302,1.686422067325907,2.897861886351219,0.1736517291209032,2.453696059992108,-2.6461329183207973,1.124838075651601,1.3266638462423836,-0.135253484443963
-0.39595818194703547,-0.18045889685299077,0.985925953178719,-2.5975590963295687,-1.0770582449071284,1.3804533194358317,1.686422083156896,2.8978619052187504,0.1736517319060784,2.453696041464937,-2.646132918657549,1.1248380740180042,1.3266638497722845,-0.13525348298491213
-0.395785272576636,-0.18038871919478616,0.9858214778187522,-2.5975525611484325,-1.0770805090197895,1.3804093094532455,1.6864434699948379,2.8978618932478604,0.17373752174537227,2.453137036332862,-2.6461811140888907,1.1247877474325558,1.3267689880037503,-0.13520933687812597
-0.39578542187519705,-0.1803887617085449,0.9858216225781637,-2.5975525653277094,-1.0770804883141345,1.3804093497431236,1.686443451481991,2.897862702651814,0.17373777684526903,2.4531362459911996,-2.6461811389126586,1.1247876270050776,1.3267692401703055,-0.13520922785978917
-0.3956129126636281,-0.18031895122026675,0.9857172856760652,-2.5975460566149287,-1.077102683606301,1.380365474940401,1.6864647689734795,2.8978641424544325,0.17382411450607194,2.4525755641395968,-2.6462293629271314,1.1247370376288837,1.326874921628912,-0.13516485051739613
-0.39561289578515435,-0.1803189464173265,0.9857172693100846,-2.5975460561422246,-1.0771026859460577,1.38036547038873,1.6864647710655403,2.897863961598267,0.1738240876956647,2.452575741732023,-2.6462293596980357,1.1247370533314744,1.3268748877058432,-0.13516486453969767
-0.39544048811212473,-0.18024930136608575,0.9856130093916882,-2.597539552770646,-1.0771248615235036,1.3803216265863165,1.6864860729379938,2.897863857936679,0.17391054866975164,2.452014918824476,-2.6462772406350275,1.1246863929572304,1.3269806927737928,-0.13512043260696882
-0.3954403830400386,-0.1802492714679369,0.9856129075132785,-2.5975395498325144,-1.0771248760848562,1.3803215982481802,1.6864860859574748,2.8978639850082626,0.17391056750625156,2.4520147940463044,-2.6462772429036576,1.1246863819249326,1.326980716608377,-0.13512042275537395
-0.3952682715215925,-0.18017957783729965,0.9855092086943458,-2.5975330444124474,-1.0771469799215985,1.3802778798005058,1.6865073349456314,2.897865660879644,0.1739975266388063,2.4514525016206132,-2.6463250389717006,1.1246354887744636,1.3270870273129827,-0.13507577337200605
-0.39526861974251837,-0.18017967682399938,0.9855095463462789,-2.5975330541431005,-1.0771469317070395,1.3802779736274644,1.6865072918374753,2.8978657720871954,0.17399754317727423,2.4514523924215457,-2.646325040961655,1.12463547909868,1.327087048211598,-0.13507576473288752
-0.39509630896413217,-0.18010971289962807,0.9854058438183992,-2.597526537652952,-1.0771690665451858,1.3802342010895883,1.686528569899882,2.897865662128755,0.1740845064421892,2.4508899245400606,-2.6463731339922085,1.1245845884499053,1.3271933514664154,-0.1350311112318756
-0.39509634258179194,-0.18010972245673607,0.9854058764156379,-2.5975265385924127,-1.0771690618902872,1.380234210148923,1.6865285657373392,2.8978655939458378,0.1740844963043502,2.450889991491458,-2.6463731327726046,1.1245845943820019,1.3271933386538297,-0.13503111652755528
-0.39494157627596405,-0.18004690280775737,0.9853125944260572,-2.597520690218863,-1.0771889483346122,1.3801948935663582,1.6865476751949027,2.8978659394341726,0.1741628367249275,2.450383213399906,-2.646416692597462,1.124538759284822,1.3272890978119687,-0.13499089618586146
-0.39481600435363884,-0.17999618341792178,0.9852366750800003,-2.5975159563851884,-1.077205081726675,1.38016299552178,1.6865631733901307,2.897865593105351,0.17422630634599523,2.449972766501377,-2.6464517990910337,1.124501614248766,1.3273666798181765,-0.13495831245873924
-0.3948159545552441,-0.1799961391106022,0.9852366298215935,-2.5975159522346107,-1.0772051025748812,1.3801629570782872,1.6865631920434536,2.8978664890060557,0.1742265779441179,2.4499718913541795,-2.6464518257529415,1.1245014848733845,1.327366951009111,-0.13495819542199294
-0.3946438912485535,-0.17992658511318638,0.9851328485167103,-2.5975094537394607,-1.077227209171566,1.3801192389956807,1.6865844394219738,2.8978665388067615,0.17431373753004387,2.4494089356659323,-2.6464996496588173,1.1244504838096945,1.32747345886472,-0.13491345782119657
-0.3946443509409727,-0.17992680586102683,0.9851332852168477,-2.5975094748240655,-1.0772271038448755,1.380119437607668,1.686584345216576,2.897866584395553,0.17431374431989344,2.4494088909008056,-2.646499650475281,1.1244504798395605,1.327473467439849,-0.13491345427566004
-0.39447265427900824,-0.17985716714753064,0.9850300811391763,-2.5975029779012853,-1.0772491340135764,1.3800758579946866,1.6866055316230533,2.8978664447964793,0.1744009656456198,2.4488457280219755,-2.6465475006392856,1.1243994512414228,1.3275800383576524,-0.13486868480430547
-0.3944730957339342,-0.17985732228618723,0.9850305062161704,-2.597502992951036,-1.0772490591667148,1.380076001560977,1.6866054646939608,2.8978679721621514,0.17440145841689247,2.448844236971631,-2.646547548389589,1.124399219584845,1.327580522886148,-0.13486847502447774
-0.3943016883047692,-0.17978767754018854,0.9849276019016786,-2.5974965068778624,-1.0772710347374517,1.380032534429696,1.6866265988770834,2.897868204984375,0.17448901700248687,2.448279737137888,-2.6465958060866837,1.124348048075762,1.327687443750869,-0.13482356103514204
-0.3943024129536079,-0.17978793949369987,0.9849282989244132,-2.5974965322493047,-1.077270908496295,1.3800327761696618,1.686626485987373,2.897870141486747,0.17448969054781793,2.448277848328509,-2.6465958703819803,1.1243477361545948,1.3276880943355982,-0.13482327830143626
-0.39413138818276394,-0.17971861941257217,0.9848254864152457,-2.5974900721749083,-1.0772928122461263,1.3799894500189076,1.6866475481199186,2.8978702280594817,0.17457786631838879,2.4477115042211093,-2.6466443221212623,1.1242962723845156,1.3277956047778066,-0.1347781069447016
-0.39413158866734577,-0.17971867622719273,0.984825680831956,-2.5974900777598924,-1.077292784567279,1.3799895038943788,1.6866475233743117,2.8978702809366155,0.17457787425439708,2.4477114523006183,-2.6466443230725054,1.1242962677567645,1.3277956147685233,-0.13477810281170277
-0.3939606565123137,-0.17964960300739197,0.9847228319581198,-2.5974836281242126,-1.077314660910322,1.3799462241229525,1.686668560243267,2.897870297125422,0.17466631902295804,2.4471444985093136,-2.646692484439838,1.1242446643669752,1.3279033927247097,-0.1347328164759083
-0.3939608899851281,-0.17964966917363334,0.9847230583631692,-2.5974836346289196,-1.0773146286784003,1.379946286865306,1.6866685314240044,2.897870492322209,0.17466634832112415,2.4471443068473526,-2.6466924879526554,1.1242446472847942,1.327903429606927,-0.1347328012180058
-0.39378997183617415,-0.1795804955395104,0.9846204903556028,-2.597477174122885,-1.0773364957080123,1.379903014072628,1.6866895700662088,2.897870372048015,0.17475478748365614,2.446577448358628,-2.646740386537348,1.1241930353115515,1.3280112110353963,-0.13468750960073494
-0.3937904441253046,-0.1795806804872928,0.9846209432184096,-2.5974771919588244,-1.0773364068576359,1.3799031834171975,1.6866894906066245,2.8978705552696162,0.17475481498621015,2.446577268455119,-2.646740389835283,1.1241930192775733,1.3280112456556576,-0.1346874952778856
-0.3936198606815058,-0.17951137744971568,0.9845189467483344,-2.597470732297384,-1.0773582173346652,1.379860020634184,1.6867104835804199,2.8978703010022375,0.17484324215933,2.4460103581594197,-2.6467884884876227,1.124141422062518,1.3281190133696041,-0.1346422063718422
-0.39362005451526905,-0.1795114617824103,0.9845191317559916,-2.597470740390505,-1.0773581769629885,1.3798600971499688,1.6867104474734034,2.8978711745581,0.1748435150216734,2.446009505066911,-2.646788515112917,1.1241412928633512,1.3281192838463367,-0.1346420894386151
-0.3934498306929717,-0.17944226764972449,0.9844173744339919,-2.5974642981459075,-1.0773799258474699,1.379817061435972,1.6867313788259328,2.8978711716874184,0.17493209728568626,2.4454419165482904,-2.6468369816466257,1.1240896393428175,1.3282272154917987,-0.13459673821607954
-0.3934501406837603,-0.17944235535398612,0.9844176750574647,-2.597464306771501,-1.0773798831177022,1.379817144620139,1.6867313406238371,2.8978736201391033,0.1749328961509926,2.4454395267026783,-2.6468370589286194,1.1240892643244447,1.3282279991895098,-0.13459639862374795
-0.3932801226849527,-0.17937347851010887,0.9843158028594887,-2.5974578856926334,-1.077401598943395,1.3797741763632052,1.6867522338348326,2.897873696000346,0.1750219446577579,2.4448705578620284,-2.646885512477655,1.124037379097341,1.3283363821268557,-0.1345508502043189
-0.39328032165757776,-0.1793735640947114,0.9843159928667307,-2.5974578939095103,-1.0774015579535332,1.3797742540999112,1.686752197175979,2.897874433086791,0.17502220033655203,2.4448698389115258,-2.6468855369131234,1.1240372605323445,1.3283366293468957,-0.1345507427525603
-0.3931106872003456,-0.17930493713543694,0.9842145335428629,-2.5974514861762517,-1.0774231959052898,1.379731424486569,1.6867730253406408,2.8978745633577265,0.1751118153809914,2.4442993009195035,-2.6469336621450408,1.1239850911804554,1.3284455798777186,-0.13450494769450305
-0.39311064194955936,-0.17930492434790501,0.9842144896582834,-2.597451484919283,-1.0774232021353463,1.379731412356529,1.6867730309120548,2.897874428790205,0.17511179501487995,2.4442994330450922,-2.646933659710513,1.1239851030193453,1.3284455543273053,-0.13450495827019715
-0.39294193587844095,-0.17923638341448633,0.9841143158123584,-2.597445092865282,-1.0774446680822685,1.379688899082927,1.686793718816706,2.8978771084961448,0.17520242263968333,2.4437258243392925,-2.6469817740297152,1.1239324521749934,1.3285555089323697,-0.13445872397179937
-0.3929417892523839,-0.17923634203247918,0.9841141736073444,-2.597445088794669,-1.0774446882460098,1.3796888598210328,1.6867937368433963,2.897876894519216,0.17520239009530014,2.4437260344278826,-2.6469817701451683,1.1239324710603973,1.3285554681837715,-0.13445874084421972
-0.39277361615127493,-0.1791677503981326,0.9840146200938698,-2.5974387074226897,-1.0774660763412562,1.3796465074627333,1.6868143538912492,2.8978787479390906,0.17529358119908256,2.4431505459529674,-2.6470302928585765,1.123879568514429,1.3286659744571079,-0.1344122663368208
-0.3927735443595788,-0.17916773014873844,0.9840145504645967,-2.5974387054305543,-1.0774660862089123,1.3796464882501374,1.686814362711904,2.8978788549431,0.1752935975308847,2.443150440895394,-2.647030294805738,1.123879559049525,1.3286659948756379,-0.13441225787881494
-0.3926051371085455,-0.17909920782119482,0.9839144675667306,-2.5974323321541455,-1.0774875151230026,1.379604070511025,1.6868350035602258,2.897878761635308,0.17538475004341603,2.4425751329263914,-2.647079082437793,1.1238266881439407,1.3287764469263292,-0.13436581008415027
-0.392605119219648,-0.17909920277344415,0.9839144502176929,-2.5974323316570875,-1.0774875175815866,1.3796040657220514,1.6868350057594332,2.897878665376279,0.17538473535440957,2.4425752274341246,-2.6470790806864275,1.1238266966575163,1.3287764285578083,-0.13436581769126876
-0.3924366578783829,-0.17903094224069527,0.9838140648035667,-2.597425968931008,-1.0775089519931198,1.3795616356258895,1.6868556459839352,2.8978787416731677,0.17547590995625706,2.441999923034029,-2.64712760055374,1.1237738056377307,1.3288869238692875,-0.13431936038097492
-0.39243665828507623,-0.1790309423565004,0.9838140651969871,-2.597425968942367,-1.0775089519371224,1.3795616357354712,1.6868556459329658,2.8978787810160362,0.17547591596067447,2.4419998844067834,-2.6471276012693683,1.123773802157615,1.32888693137631,-0.13431935727035427
-0.3922682143746652,-0.17896269343613103,0.9837138993445596,-2.597419601108529,-1.0775303620665335,1.3795192379365666,1.686876273902569,2.897878804008249,0.17556707017706374,2.441424850305527,-2.6471757136810625,1.1237208990910794,1.3289974012683272,-0.13427290133169922
-0.3922683485093561,-0.17896273124573092,0.9837140294403515,-2.597419604826736,-1.0775303436414139,1.3795192738143829,1.6868762574312082,2.897878887293869,0.17556708288685563,2.4414247685352457,-2.6471757151953357,1.123720891725302,1.328997417160477,-0.13427289474863935
-0.3921003623154178,-0.17889435372695317,0.9836146344268126,-2.5974132380793655,-1.0775516642743868,1.3794770433505246,1.6868968145617922,2.897880401873543,0.1756587733799435,2.4408481286166435,-2.647223977282455,1.1236677435086149,1.3291084094610017,-0.13422620710835576
-0.3921003834364072,-0.1788943596717436,0.9836146549113689,-2.5974132386643083,-1.0775516613775626,1.3794770489937358,1.6868968119720522,2.897880532814124,0.17565879342734192,2.4408480000604307,-2.6472239796685733,1.12366773190214,1.329108434496157,-0.13422619673871683
-0.3919325270600904,-0.17882592837716338,0.9835152903089339,-2.5974068793899936,-1.0775729742773685,1.3794348481717353,1.6869173542831075,2.897880408735567,0.17575048500729906,2.440271177490242,-2.6472726806831357,1.1236145998833496,1.32921942104152,-0.13417951285679974
-0.39179828991222365,-0.17877146315610215,0.9834354670801346,-2.5974018115696884,-1.0775900232716822,1.379401099674876,1.6869337741690553,2.897880395558863,0.1758238583554146,2.4398096237109677,-2.647311705423564,1.1235720832631642,1.3293082315922051,-0.1341421618558516
-0.39179820008768473,-0.1787714378663523,0.9834353799569335,-2.5974018090812283,-1.0775900355966033,1.3794010756737816,1.6869337851866142,2.897881394710696,0.1758241618289036,2.439808647815603,-2.647311735260997,1.1235719383898801,1.3293085348810738,-0.13414203084600995
-0.39163040276914796,-0.1787035102675789,0.9833355919726934,-2.597395474911456,-1.0776113390275213,1.3793588937469057,1.686954307090759,2.8978813279320406,0.17591603560435232,2.4392314569987903,-2.6473600862687476,1.1235187064643943,1.3294197201214537,-0.13409527231852092
-0.39163072449614855,-0.1787036008486833,0.983335904021807,-2.5973954838219755,-1.0776112948855712,1.3793589797122925,1.6869542676260072,2.8978822347306554,0.17591632562520498,2.4392305717755214,-2.647360114475352,1.1235185695251628,1.3294200062528425,-0.13409514838915904
-0.3914633852909386,-0.17863573125726262,0.9832366493986999,-2.5973891550331016,-1.0776325204968433,1.3793169389293514,1.6869747276542282,2.897883822765733,0.1760089483190619,2.4386511971077134,-2.6474082586967858,1.1234649669021115,1.3295319256476903,-0.13404806069060582
-0.39146334700379093,-0.17863572048388754,0.9832366122639389,-2.597389153973981,-1.0776325257458241,1.3793169287039895,1.6869747323489181,2.8978837328854095,0.17600893446891863,2.4386512853482927,-2.6474082570509374,1.12346497490103,1.3295319083970432,-0.13404806783964096
-0.39129619810927085,-0.1785676376437353,0.9831378107390023,-2.597382819154692,-1.0776537271618758,1.3792749379544231,1.686995175082806,2.8978838933806905,0.1761017567966956,2.4380710703796673,-2.647456684060401,1.1234112860311978,1.3296440292715532,-0.13400089014950378
-0.3912964080548571,-0.17856769671741723,0.9831380143732282,-2.5973828249660302,-1.0776536983725942,1.3792749940220643,1.686995149345718,2.8978837611768995,0.17610173642713622,2.438071200172498,-2.6474566816417955,1.123411297798333,1.329644003898557,-0.13400090066384562
-0.3911290833672094,-0.17849960218319705,0.9830388318425367,-2.5973764946170137,-1.077674932578164,1.3792329531556184,1.6870156111303976,2.8978845759491776,0.17619483280666248,2.437490093750286,-2.647505502614264,1.1233574951542455,1.3297563826414134,-0.13395361366425584
-0.3911292189581186,-0.17849964033691634,0.9830389633563907,-2.597376498371576,-1.0776749139858013,1.3792329893677469,1.6870155945067764,2.897884643374624,0.17619484321406986,2.4374900275553397,-2.647505503849833,1.1233574891466338,1.329756395595762,-0.13395360829499303
-0.39098059485810754,-0.17843952423819598,0.9829512590866019,-2.5973709003914176,-1.077693605189856,1.3791959496634822,1.6870336261435201,2.8978883157172426,0.17627977980835308,2.4369636893800415,-2.6475494293120385,1.123308518030854,1.3298586670766044,-0.13391056361875364
-0.39098050433270704,-0.17843949894388533,0.9829511712649728,-2.5973708979025827,-1.0776936175209508,1.3791959256359654,1.6870336371674748,2.8978883194203355,0.17627978038384207,2.4369636857448764,-2.647549429380349,1.1233085176997224,1.3298586677912008,-0.13391056332185247
-0.39083045174204845,-0.17837882164310503,0.9828628247832407,-2.59736523836234,-1.0777124826373656,1.3791585281198788,1.6870518465873965,2.8978893113104096,0.17636583053450572,2.436431067369835,-2.647593433168011,1.1232589014015257,1.329962259946715,-0.13386695888207623
-0.39083039457633095,-0.17837880567568476,0.9828627693218666,-2.5973652367909894,-1.0777124904226403,1.3791585129539259,1.6870518535466879,2.8978891834860807,0.1763658106429009,2.4364311928565314,-2.6475934308133215,1.1232589128517914,1.329962235267991,-0.13386696911611917
-0.39068067513370064,-0.17831800457757296,0.9827750018191175,-2.5973595752183787,-1.077731298595928,1.3791212209469093,1.6870700194210309,2.897890093097068,0.1764520314418352,2.435898301196918,-2.6476373912697615,1.1232092309614785,1.330065991320362,-0.1338232932755754
-0.3906806299884833,-0.1783179919783766,0.9827749580207552,-2.5973595739793587,-1.0777313047381685,1.379121208976744,1.687070024911649,2.8978901069064555,0.17645203359646633,2.4358982876407964,-2.6476373915253975,1.1232092297225456,1.3300659939897717,-0.13382329216715405
-0.3905310186888995,-0.1782570893403861,0.9826872745888187,-2.5973539151627896,-1.077750095657115,1.3790839587518375,1.6870881724173845,2.8978909085868754,0.1765384941114574,2.4353645484555777,-2.647681779421374,1.1231594451177296,1.3301699641756217,-0.1337795163994171
-0.3903965216409606,-0.17820252381617951,0.9826081757147183,-2.597348842133739,-1.0777669937388827,1.3790504713007605,1.6871044805716675,2.8978907677186356,0.1766162692134472,2.434884322722194,-2.647721899394658,1.1231146649101245,1.3302634912181963,-0.13374014299036086
-0.39039665760904363,-0.1782025836786021,0.9826083053989318,-2.597348847878083,-1.0777669650821635,1.3790505256273065,1.68710445494234,2.8978917040802195,0.1766165462758078,2.4348834079387203,-2.6477219268299304,1.1231145316592626,1.330263770262584,-0.1337400225537726
-0.3902321133774782,-0.17813610072604913,0.9825113434130337,-2.5973426514186326,-1.0777876253164567,1.3790095735266492,1.6871243931453161,2.8978917662877013,0.17671183782108013,2.434295847869418,-2.6477706194457014,1.1230596704688174,1.330378324360443,-0.13369179560265199
-0.39023247406502914,-0.1781362279619607,0.9825116906422089,-2.5973426637640484,-1.077787563928546,1.3790096913151606,1.6871243382492471,2.8978925732857785,0.17671212456980623,2.434295061130836,-2.647770646812558,1.123059537562737,1.3303786007541598,-0.13369167519007208
-0.3900682949704146,-0.17806980754633894,0.9824153358088621,-2.597336468059966,-1.0778081552026406,1.3789688573778012,1.687144226460319,2.897892633614834,0.1768076424067484,2.433706962269218,-2.6478189793888074,1.123004554019058,1.3304933876675387,-0.13364334307166548
-0.3900684859578183,-0.17806988734530993,0.982415518403676,-2.597336475736416,-1.077808116938272,1.3789689301156995,1.6871441922343529,2.8978935339165126,0.17680794469530703,2.4337060840103053,-2.6478190085576747,1.123004412338242,1.330493682851663,-0.13364321482078045
-0.3899048522473567,-0.17800343290248577,0.982319763432919,-2.5973302877178055,-1.0778286166541955,1.3789282720839573,1.6871640029330033,2.8978942876414404,0.17690397808679847,2.4331164580694047,-2.6478675491411616,1.122949202570191,1.3306089788293525,-0.13359466235949258
-0.38990468488561625,-0.17800338632103774,0.9823196010506585,-2.5973302831325773,-1.0778286393679668,1.378928227813744,1.6871640232380654,2.897894398200963,0.17690399546211033,2.433116349538155,-2.647867551191334,1.1229491926031114,1.3306090003014033,-0.13359465344750898
-0.38974157905540263,-0.177937074373701,0.9822242898963038,-2.597324117791971,-1.0778490544558088,1.3788877436112097,1.6871837512421428,2.8978954770857683,0.1770005546422242,2.4325249173068,-2.647916553393948,1.1228937416623528,1.330724800624191,-0.13354587840544374
-0.38974151428575166,-0.17793705635688717,0.9822242270525718,-2.597324116017923,-1.0778490632418967,1.3788877264874895,1.6871837590957397,2.8978953645525536,0.17700053692823303,2.432525027774844,-2.6479165513056766,1.12289375181869,1.3307247787469416,-0.13354588748506213
-0.3895784711289707,-0.17787102732131377,0.9821286456383724,-2.597317967587999,-1.0778694718669466,1.3788472597600077,1.6872034716486617,2.8978962861780104,0.1770974186511669,2.4319326590786154,-2.647965584877787,1.1228381455837186,1.3308408970640837,-0.13349697898867818
-0.38957828132190286,-0.17787097451866796,0.9821284614764494,-2.597317962389317,-1.0778694976138259,1.3788472095753521,1.6872034946667305,2.897896310017206,0.1770974224088091,2.4319326356764748,-2.6479655853200326,1.1228381434295556,1.330840901702758,-0.13349697706432417
-0.3894318804018191,-0.17781184544243978,0.9820427609617353,-2.597312443337697,-1.0778877880756443,1.3788109251595984,1.687221171117943,2.897897020995808,0.17717514406934676,2.431458390833889,-2.648004410250401,1.122793541233667,1.3309340095735367,-0.1334577565303392
-0.38931282315852034,-0.17776356754576206,0.9819733105048716,-2.597307941722886,-1.0779026624962578,1.3787814098216913,1.6872355551562892,2.897896997164011,0.17724891913321095,2.4310079977219488,-2.648041217071817,1.1227511946259319,1.3310224095619052,-0.13342051505429042
-0.38931295621010253,-0.17776362358739917,0.9819734376562845,-2.5973079471135563,-1.0779026356246866,1.3787814608918394,1.6872355311233531,2.8978978247381413,0.17724917543890317,2.4310071896954213,-2.648041242225881,1.1227510724131702,1.3310226648654604,-0.13342040456211057
-0.38915018949103874,-0.1776974390199424,0.9818786536754374,-2.597301788967851,-1.0779229685272873,1.3787411219448122,1.6872551936898255,2.897897716346007,0.1773463821492447,2.430414015052307,-2.64809006282652,1.1226953054973716,1.3311391065380525,-0.13337134741377943
-0.3891504391450997,-0.17769753444899905,0.9818788932510181,-2.5973017981911735,-1.0779229226141163,1.378741209652544,1.6872551526304793,2.8978986928691715,0.1773467025039741,2.430413062169702,-2.64809009390108,1.1226951545391,1.3311394212200751,-0.13337121081513503
-0.3889879019476856,-0.17763158317469951,0.9817840014735495,-2.597295663186411,-1.077943212953489,1.3787009635610268,1.6872747647585697,2.897899688394979,0.17744446286141358,2.4298180953450554,-2.648139286137208,1.1226391422190356,1.3312564153082276,-0.1333219240549144
-0.38898805223745025,-0.1776316248737757,0.9817841473052269,-2.5972956672913203,-1.0779431926186689,1.3787010032042,1.6872747465776534,2.897899787857515,0.17744447864155966,2.4298179977123837,-2.6481392879925476,1.1226391331961216,1.3312564347376643,-0.13332191598624155
-0.3888258540067433,-0.17756609959240155,0.9816892902456589,-2.5972895567600602,-1.077963413691276,1.3786608850109898,1.687294292565685,2.8979004703028366,0.17754273603881643,2.4292218651522184,-2.648188280596107,1.122582872930244,1.3313738975682519,-0.13327242181847998
-0.38882584034111645,-0.17756609580366423,0.981689276984274,-2.5972895563875755,-1.0779634155398896,1.37866088140873,1.6872942942168079,2.8979005008344707,0.1775427408915622,2.429221835182485,-2.6481882811664943,1.1225828701570149,1.331373903538962,-0.13327241933917922
-0.3886642483003584,-0.1775007539681912,0.9815952166526918,-2.597283455637031,-1.0779835324518277,1.378620949269746,1.6873137577747102,2.8979016904468544,0.1776413588509591,2.428624662975345,-2.6482368816650577,1.1225264175507488,1.331491741890523,-0.1332227598442679
-0.38853486142312477,-0.17744813817438487,0.981520245754095,-2.597278554805572,-1.07799963907997,1.3785889739462478,1.6873293505197404,2.8979015922325093,0.17772024067350856,2.4281469067368615,-2.64827583397854,1.1224812656106966,1.3315860014830854,-0.1331830319439007
-0.3885351036617237,-0.17744822580333341,0.9815204787159368,-2.5972785632987487,-1.0779995968292893,1.3785890549155102,1.687329312738504,2.8979023476472907,0.17772049652661082,2.428146169931731,-2.648275858653486,1.1224811457100574,1.331586251026419,-0.1331829234201063
-0.38837359977352826,-0.17738249190616795,0.9814268604542828,-2.59727245086048,-1.0780197021565612,1.3785491535600567,1.687348769981306,2.897902380902174,0.17781924249678926,2.4275483315690956,-2.6483250176577844,1.1224246543478045,1.3317042120973603,-0.13313320669778594
-0.38837385150727677,-0.17738258723028544,0.9814271021102261,-2.5972724600777357,-1.078019656275358,1.3785492412641656,1.6873487289485243,2.897902380271674,0.17781924239768987,2.427548332187577,-2.6483250176456825,1.1224246544048402,1.3317042119739408,-0.13313320674764384
-0.3882124839271466,-0.17731717929539048,0.9813332404187101,-2.597266370438693,-1.0780397389350767,1.3785093913978281,1.6873681535162945,2.8979032162196834,0.17791842063508145,2.4269493074509416,-2.648374327541206,1.1223679699509823,1.3318225988013914,-0.13308331554770936
-0.38821240674490376,-0.17731715792964664,0.9813331655216082,-2.5972663683344663,-1.0780397493556624,1.3785093710784269,1.687368162832978,2.8979032790632484,0.17791843067304125,2.4269492457649964,-2.648374328718634,1.1223679642242632,1.331822611127615,-0.1330833104264837
-0.3880513684143354,-0.1772522252725386,0.9812391861003507,-2.597260295399317,-1.0780597599894577,1.3784696400233667,1.6873875269787102,2.8979042918567064,0.1780179337076131,2.4263494843416673,-2.6484232051086116,1.122311099605597,1.33194131558274,-0.13303327592820535
-0.3880514257502812,-0.1772522411384987,0.9812392417393498,-2.597260296962169,-1.0780597522515367,1.3784696551122178,1.6873875200604256,2.8979042382700175,0.17801792513358183,2.4263495369393873,-2.648423204103469,1.122311104493765,1.331941305060436,-0.13303328030061135
-0.3878907914806078,-0.1771872612331915,0.981146205097625,-2.5972542221580035,-1.0780796728921032,1.37843008136693,1.687406818513221,2.8979063333350936,0.17811810219432456,2.4257478227451195,-2.648471808502854,1.122253906585243,1.3320606862119666,-0.13298294629954954
-0.387890823269327,-0.17718727001725032,0.9811462359477634,-2.5972542230221993,-1.0780796686065472,1.3784300897218484,1.6874068146828924,2.8979060285019678,0.1781180532468527,2.425748121951031,-2.6484718027695537,1.1222539344590623,1.3320606262278751,-0.132982971230458
-0.38773024141680335,-0.17712192349007072,0.9810536109709975,-2.597248133592373,-1.0780995849724815,1.3783905280996098,1.6874261158666237,2.897905963199495,0.17821821194274357,2.425146310516727,-2.6485207675297078,1.1221967617590023,1.3321799835958998,-0.13293264325373633
-0.387730188123089,-0.17712190876229972,0.9810535592522083,-2.59724813214131,-1.0780995921570007,1.3783905140904018,1.687426122288807,2.8979062939459723,0.1782182650533395,2.425145985876579,-2.6485207737502154,1.122196731514845,1.3321800486801312,-0.13293261620143504
-0.3875695721523229,-0.17705658600015894,0.9809606608787611,-2.597242053510918,-1.0781195241944088,1.3783509400501588,1.6874454242202028,2.8979061584927823,0.17831836713011828,2.4245443391400805,-2.648570249108061,1.1221396102346755,1.3322993271649572,-0.13288232540466893
-0.3874731965827376,-0.1770177679125089,0.9809045148567366,-2.597238425889328,-1.0781314843493464,1.3783271964921262,1.6874569955065999,2.897906089209055,0.17837846760363618,2.424183238714434,-2.6485997875330423,1.122105306454121,1.3323709432630695,-0.1328521362860129
-0.38747314749925543,-0.17701775434819744,0.9809044672239908,-2.5972384245535793,-1.078131490965427,1.378327183589283,1.6874570014223846,2.8979060530102423,0.1783784617907882,2.4241832742450775,-2.648599786852509,1.1221053097638771,1.3323709361399603,-0.1328521392467068
-0.38731237977996,-0.176952873219002,0.9808111582952002,-2.5972323563725905,-1.0781514310809168,1.3782875783643664,1.6874763095980745,2.8979062324228746,0.17847861610484994,2.4235816560908017,-2.6486485293145177,1.1220481301979248,1.3324903056862816,-0.13280181966432103
-0.3873125853731736,-0.17695293003596202,0.9808113578124207,-2.597232361968033,-1.0781514033670452,1.378287632408055,1.6874762848219054,2.8979061409729514,0.1784786014198838,2.4235817458518287,-2.648648527593905,1.1220481385599737,1.332490287690943,-0.13280182714360933
-0.38715193679282667,-0.17688774001094565,0.9807187007940135,-2.59722627577029,-1.0781713088817813,1.3782480817844922,1.687495578553306,2.8979061811750864,0.1785787506438412,2.4229801220161082,-2.64869716504704,1.1219909515854694,1.3326096491883517,-0.1327514982516682
-0.3871520301979894,-0.17688776580842802,0.9807187914393678,-2.597226278310959,-1.0781712962979229,1.3782481063248095,1.6874955673034924,2.89790609762567,0.17857873722769924,2.4229802040231885,-2.6486971634752567,1.1219909592251214,1.3326096327477135,-0.1327515050856367
-0.3869916868273302,-0.17682241809197752,0.9806265598863204,-2.5972201956238044,-1.0781911558596264,1.3782086570018626,1.6875148207001018,2.8979071117376947,0.17867921637687,2.4223773685850034,-2.6487463922666823,1.121933640296624,1.3327293099668651,-0.13270103790023846
-0.3869918299222208,-0.17682245759279436,0.9806266987564376,-2.5972201995141626,-1.0781911365922565,1.3782086945793255,1.6875148034727236,2.8979072019596224,0.17867923089007665,2.422377280029451,-2.6487463939657063,1.121933632036133,1.3327293277398145,-0.1327010305130707
-0.3868319834354743,-0.17675753504127556,0.9805344307930142,-2.597214156164024,-1.0782109111077887,1.3781694205550092,1.6875339616531986,2.8979088377780364,0.17878024732217224,2.4217727965976046,-2.6487960259803085,1.1218760717909362,1.3328495224060326,-0.13265034474463766
-0.3868321217673234,-0.17675757316796936,0.980534565046149,-2.597214159919667,-1.0782108925082277,1.378169456834054,1.6875339450258604,2.8979087892969346,0.17878023950181454,2.4217728441822324,-2.6487960250658507,1.1218760762380926,1.332849512839708,-0.1326503487235282
-0.3866722699077574,-0.1766930106578064,0.980442033006522,-2.5972081298740095,-1.0782306614164359,1.3781301864580566,1.6875530946247714,2.8979088863149762,0.1788812767120893,2.4211684586818993,-2.6488452250044294,1.1218184834729406,1.3329697412018628,-0.13259965236237603
-0.38667215047683534,-0.1766929777413111,0.9804419170956038,-2.5972081266313904,-1.0782306774751658,1.3781301551366756,1.687553108978944,2.8979088161662183,0.17888126539668026,2.421168527533352,-2.6488452236814037,1.121818489907425,1.3329697273595418,-0.13259965811731877
-0.38652889842738336,-0.17663495476055235,0.9803596099606544,-2.5972027021371784,-1.0782483625655614,1.3780949989517524,1.6875702641319053,2.8979107670906767,0.17897284268101998,2.42062297437233,-2.648889031662709,1.121766340563764,1.333078581173626,-0.13255374945891818
-0.3864126143273303,-0.17658742959220675,0.9802932060608107,-2.597198280041939,-1.0782627226441166,1.3780664550677173,1.6875842020120007,2.897910773363744,0.17904704230942325,2.4201805344395844,-2.6489248392055815,1.1217240852348946,1.3331667819781154,-0.13251654032245597
-0.3864127833918758,-0.17658747616611947,0.9802933701437695,-2.597198284629694,-1.0782626999231621,1.3780664993857075,1.6875841816997021,2.8979107081842947,0.1790470317561077,2.420180598412628,-2.648924837972057,1.1217240912274784,1.3331667690876285,-0.13251654568358973
-0.38625353016064157,-0.1765224598412063,0.980202132800807,-2.59719224306102,-1.078282377857819,1.378027405421376,1.6876032649088906,2.8979107518700378,0.17914871821172706,2.4195741585033783,-2.6489744384810257,1.1216662086639149,1.333287631095759,-0.1324655648547406
-0.38625369483172367,-0.17652253012588215,0.9802022900627048,-2.597192249818582,-1.0782823441668383,1.3780274694370886,1.6876032347738517,2.89791063797764,0.17914869977315462,2.419574270287635,-2.648974436327516,1.1216662191348372,1.3332876085719594,-0.1324655742226417
-0.38609434234938167,-0.17645790489390745,0.9801104445469058,-2.5971862312962664,-1.0783020351384578,1.3779883586966362,1.6876223135029877,2.897910579173491,0.17925036478080347,2.418968032197247,-2.6490240563481984,1.1216083463774784,1.3334084416018088,-0.13241461265497856
-0.3860947469435283,-0.17645806319413015,0.9801108324222909,-2.597186246579032,-1.078301959033912,1.3779885039411015,1.6876222454416494,2.897911744026551,0.17925072968768774,2.418966894921118,-2.6490240921103467,1.1216081725806375,1.3334088042435663,-0.13241445551288633
-0.3859357093494591,-0.17639368539625977,0.9800193848966545,-2.5971802338802568,-1.078321572812988,1.3779495102420594,1.6876412691614209,2.8979118050541324,0.17935252280516334,2.418360580318449,-2.6490730609245663,1.1215502106405757,1.3335297778282182,-0.13236343277678086
-0.385935665120984,-0.17639369124819648,0.980019340112368,-2.597180234338594,-1.0783215703786406,1.3779495137635625,1.6876412669769523,2.8979117542797646,0.17935251457179202,2.418360630152293,-2.6490730599630474,1.1215502153142332,1.3335297677762554,-0.1323634369569877
-0.3857768739955878,-0.17632903851456483,0.9799287156280148,-2.597174204032797,-1.0783411302052683,1.3779106149875728,1.687660260328729,2.897911819772558,0.17945452530373807,2.4177536703105496,-2.649121787514165,1.1214921398966862,1.3336509691266931,-0.1323123076330437
-0.38577720523623693,-0.17632912957671998,0.9799290371284446,-2.5971742130059736,-1.0783410857760725,1.3779107016598644,1.6876602206094313,2.8979125763891336,0.1794548252370154,2.4177529337192034,-2.6491218156459597,1.1214920031994149,1.3336512518999886,-0.13231218366025255
-0.38561847346767664,-0.17626412724114715,0.9798386716033907,-2.5971681759505594,-1.0783606438101576,1.3778718212067087,1.6876792108253862,2.897912752313946,0.1795569879037222,2.417145179895215,-2.649171172987859,1.1214338861169466,1.333772610043245,-0.13226099007780645
-0.3856187552917625,-0.17626425385550082,0.979838940087495,-2.5971681881014432,-1.078360583200146,1.377871936101216,1.6876791566139637,2.897913965112071,0.17955736343299566,2.417143995691312,-2.6491712098905045,1.1214337067554436,1.3337729843955577,-0.13226082794349336
-0.3854603457014143,-0.17619958209817277,0.9797484007432979,-2.597162185112741,-1.0783801025935205,1.3778331524243468,1.68769809143682,2.8979138149568975,0.17965984284635272,2.4165352781508282,-2.6492210930071556,1.1213754550850297,1.3338946224113961,-0.1322095131277825
-0.38546028048979863,-0.176199564191152,0.9797483374468863,-2.5971621833490763,-1.07838011133108,1.3778331353781663,1.6876980992486015,2.8979137240019455,0.1796598280447581,2.4165353674205967,-2.649221091281126,1.1213754634769022,1.333894604365236,-0.13220952063450842
-0.3853019563549678,-0.17613542175437313,0.9796574634684356,-2.597156205976243,-1.0783996013825208,1.377794402904975,1.6877169992466663,2.8979138443321357,0.17976253946619813,2.415926152255775,-2.649270557409212,1.1213170790447875,1.3340164815891002,-0.13215810756226176
-0.38530214931759854,-0.17613547474296176,0.9796576507632198,-2.5971562111970976,-1.0783995755284743,1.377794453345973,1.6877169761325037,2.897913901905971,0.1797625488365009,2.415926095749505,-2.6492705585017946,1.1213170737334628,1.3340164930124736,-0.13215810280961637
-0.38514381952447696,-0.176071310456682,0.9795671335621385,-2.5971502206794783,-1.0784190396927351,1.3777557461406724,1.6877358701525176,2.8979147085078942,0.17986552825834412,2.4153164869681305,-2.6493193375016673,1.1212585375481043,1.3341386399000008,-0.1321065660113967
-0.38514386988781,-0.176071324279083,0.9795671824463064,-2.597150222043172,-1.078419032948359,1.3777557593001717,1.6877358641245,2.897914939038344,0.1798655658356676,2.4153162607132472,-2.6493193418809233,1.12125851625537,1.334138685683837,-0.1321065469621474
-0.3849861413539468,-0.17600684726193094,0.9794778463371525,-2.597144225323141,-1.078438392893264,1.3777172484676248,1.6877546802470262,2.8979165907232396,0.17996913641612,2.414704828753262,-2.6493683191223263,1.1211997107243246,1.3342614112199218,-0.13205475013658363
-0.38498624086925126,-0.17600687454272457,0.9794779429338387,-2.597144228011452,-1.0784383795817574,1.3777172744426345,1.6877546683459421,2.8979164644888353,0.1799691157767329,2.4147049526444633,-2.6493683167190483,1.121199722407737,1.3342613861012014,-0.13205476058847543
-0.3848285753044207,-0.1759422290167949,0.9793885545608321,-2.59713823794109,-1.0784577480012922,1.3776787722480792,1.6877734792700294,2.8979163488863264,0.1800727153045809,2.414093023666947,-2.64941808332809,1.1211409378580597,1.3343841440602766,-0.13200295822730101
-0.38470249396828393,-0.17589098536763714,0.9793164366134084,-2.5971334786530718,-1.0784732453445733,1.3776479821008705,1.6877885080185138,2.897916452882276,0.18015559694542205,2.4136035081236145,-2.649458061716882,1.1210939065641448,1.3344823338365712,-0.13196152651569015
-0.3847026398124207,-0.17589104963700564,0.9793165756750417,-2.5971334848272742,-1.0784732145562326,1.3776480405288325,1.687788480481386,2.897916420396152,0.18015559163352357,2.41360354000636,-2.6494580610980196,1.1210939095709778,1.3344823273715782,-0.13196152920634452
-0.38454495920511444,-0.17582732267767653,0.9792262864563552,-2.597127536783499,-1.0784925737619333,1.3776095530286954,1.6878072637626205,2.8979166231104685,0.18025920853491417,2.412991898425968,-2.649507234553068,1.1210350785310692,1.3346051007480266,-0.13190972464818929
-0.3845451438076628,-0.1758273732529645,0.9792264656500214,-2.5971275417668847,-1.0784925490811395,1.3776096011865704,1.6878072416990153,2.8979175311937944,0.18025953831726937,2.4129910133613564,-2.6495072659782894,1.121034925795871,1.3346054175556494,-0.13190958629192107
-0.3843885409347463,-0.17576368267117104,0.9791377476420537,-2.5971216011452647,-1.0785117145040521,1.3775714621577135,1.687825874694036,2.897920462635117,0.18036429852591507,2.4123763808995076,-2.6495560168156227,1.1209755423303278,1.3347293114705456,-0.1318572837113794
-0.38438841941484636,-0.17576364943214706,0.979137629677834,-2.597121597868947,-1.0785117307253849,1.3775714305027122,1.6878258891955875,2.8979204931588107,0.18036430355470756,2.412376350943857,-2.6495560174001267,1.1209755394914098,1.3347293175716004,-0.13185728117021656
-0.38423210828909493,-0.17569953366941427,0.9790496474841701,-2.597115648142549,-1.0785308444544852,1.3775333986956486,1.68784448274375,2.8979205326880013,0.18046927760623,2.4117607828928023,-2.6496053491137825,1.1209160794130373,1.334853415642037,-0.13180488401042023
-0.384232247909261,-0.17569957181844575,0.9790497830222575,-2.5971156519024,-1.0785308258360726,1.3775334350317472,1.6878444660991154,2.897920692071029,0.18046930385481996,2.4117606264749334,-2.6496053521623324,1.1209160645911087,1.3348534474966343,-0.13180487074579528
-0.3840760192881163,-0.17563557816488373,0.9789614179794617,-2.5971097259026736,-1.0785499474607394,1.377495417634793,1.6878630441226496,2.897921535159341,0.18057462075720476,2.4111438638435487,-2.649655485171057,1.1208564747327516,1.3349778598270827,-0.13175234310478778
-0.3840759525084465,-0.1756355599161301,0.9789613531530419,-2.597109724103242,-1.0785499563657424,1.3774954002527977,1.6878630520843858,2.8979214272393037,0.18057460295468708,2.41114396975523,-2.649655483104717,1.1208564847813376,1.3349778382343098,-0.13175235209493152
-0.3839509930418119,-0.17558497681485896,0.97889002265189,-2.597105014970289,-1.078565251792126,1.3774649943003388,1.6878778953761584,2.8979217328978724,0.18065892849184007,2.4106503449506924,-2.649695325726709,1.1208087631279788,1.3350774673926304,-0.13171030270590434
-0.3838320323149178,-0.17553684913947531,0.9788223895951775,-2.5971005188699854,-1.078579797533397,1.3774360511478019,1.6878920293721054,2.8979213927280867,0.18073892662338054,2.410182378994424,-2.6497322998553603,1.1207634470951486,1.3351719865363423,-0.13167039599133368
-0.3838326972378825,-0.17553705452435597,0.9788230326412988,-2.597100538956452,-1.078579697866021,1.3774362440610926,1.6878919402537962,2.897923571284416,0.18073965754132804,2.41018025370278,-2.6497323705738367,1.1207631032864764,1.3351727014333212,-0.1316700849289285
-0.3836763579145934,-0.17547323353893596,0.9787348680160752,-2.597094599926058,-1.078598804677588,1.3773982184613667,1.6879105253132112,2.8979235023874423,0.1808453012727762,2.4095631714207837,-2.649781211594136,1.1207033052547342,1.335297455726657,-0.1316174016592626
-0.3836766368148812,-0.17547330970285202,0.9787351387684238,-2.597094607432936,-1.0785987675055195,1.3773982910124243,1.687910492081964,2.897923679960016,0.18084533067265163,2.409562997157126,-2.6497812150027067,1.1207032886814514,1.3352974913350284,-0.13161738682829904
-0.3835205945301814,-0.17540922614750176,0.9786473678790824,-2.5970886749485294,-1.0786178343963053,1.3773603648658943,1.6879290341288669,2.8979236980405094,0.18095137056698718,2.408944272275626,-2.6498309822573294,1.1206433379484886,1.3354226262138464,-0.13156453772397247
-0.383520741088339,-0.1754092661494111,0.978647510157705,-2.597088678891404,-1.0786178148724832,1.3773604029715605,1.6879290166745715,2.8979234791603172,0.18095133432661203,2.4089444870776973,-2.6498309780549816,1.1206433583775768,1.3354225823219181,-0.1315645560060763
-0.3833650402553257,-0.17534572667614245,0.9785593272431905,-2.597082792569363,-1.0786368403711877,1.3773225815737415,1.6879474941589612,2.8979246211971006,0.18105776721875078,2.408324455733018,-2.6498812581075146,1.1205832365393307,1.3355480943608073,-0.13151155349984966
-0.3833652356766688,-0.1753457799827567,0.97855951696154,-2.5970827978236293,-1.078636814353147,1.3773226323583811,1.6879474708992612,2.8979247401048074,0.1810577869426746,2.408324339042169,-2.649881260393564,1.1205832254279713,1.3355481182320474,-0.13151154355408545
-0.38320941926029306,-0.17528285984502023,0.978470474062255,-2.5970769368374804,-1.0786558443655623,1.3772847946148046,1.687965940268989,2.897924722628023,0.18116418469162898,2.40770490344984,-2.649930802963607,1.1205230956995988,1.3356736076682214,-0.1314585607867338
-0.3832096384235584,-0.1752829195972323,0.9784706868322592,-2.597076942727692,-1.0786558152009476,1.3772848515424005,1.687965914195607,2.897924524844818,0.18116415188495516,2.407705097545275,-2.6499307991606997,1.1205231141820184,1.335673567962031,-0.13145857732792354
-0.38305416029684913,-0.1752199016648497,0.9783825539661626,-2.5970710618128634,-1.0786747903725753,1.3772470894308348,1.6879843612120111,2.897926558294184,0.18127121499491583,2.4070840434415643,-2.649979527529691,1.1204626303685985,1.3357997171944698,-0.13140529233450993
-0.3830542543934552,-0.17521992733270597,0.9783826453159454,-2.5970710643423036,-1.078674777845075,1.377247113884711,1.6879843500113112,2.8979264595120497,0.1812711985542963,2.4070841403797196,-2.649979525625705,1.120462639619797,1.3357996973224289,-0.13140530061561773
-0.38289932665375215,-0.17515640829320134,0.9782957539870161,-2.597065168827064,-1.0786936620306538,1.377209526413564,1.6880027324134685,2.8979275065572168,0.181378600517502,2.4064619403697005,-2.6500286452926693,1.1204020163157193,1.3359261707133676,-0.13135186401747134
-0.3828991728668454,-0.17515636638159116,0.9782956046840567,-2.5970651646948286,-1.0786936824868811,1.3772094864813775,1.6880027507019473,2.8979274775473485,0.1813785956813394,2.4064619688375632,-2.6500286447334127,1.1204020190358146,1.3359261648712017,-0.13135186645207053
-0.3827447369462904,-0.1750928898736639,0.9782088869221077,-2.5970592978609606,-1.0787125151333554,1.3771720325953192,1.6880210662995907,2.897928444605924,0.1814863543427787,2.405838389590283,-2.650078841882565,1.1203412713076517,1.336052962303505,-0.13129829293035034
-0.38274470909711145,-0.17509288228968245,0.978208859885008,-2.5970592971124953,-1.0787125188353177,1.377172025367015,1.6880210696079212,2.8979284248786747,0.1814863510476057,2.405838408948515,-2.6500788415013674,1.1203412731597444,1.3360529583266025,-0.13129829458859854
-0.38260576787414724,-0.17503647849528203,0.9781299791520492,-2.597054061763378,-1.0787294586045673,1.3771383494971943,1.6880375179727052,2.897930677658449,0.1815840929041448,2.40527511979338,-2.650124132758567,1.1202862406129448,1.33616781084136,-0.13124976998310478
-0.38260572960473116,-0.17503646807645978,0.9781299419979224,-2.5970540607361494,-1.07872946368976,1.3771383395681864,1.6880375225185018,2.8979305628386474,0.18158407365801388,2.405275232465815,-2.650124130535628,1.120286251418721,1.3361677876397033,-0.13124977965628704
-0.38246512587318904,-0.1749797367343522,0.9780501097347107,-2.5970487632317427,-1.0787465884731557,1.3771042661947028,1.6880541632542796,2.8979307541617434,0.18168282295513016,2.4047063516349265,-2.6501688226317324,1.1202305967428758,1.336283863607469,-0.131200737295603
-0.3824651782807642,-0.17497975100138952,0.9780501606145089,-2.5970487646392417,-1.0787465815095771,1.377104279791367,1.6880541570294754,2.8979306081840353,0.18168279848560775,2.404706494882598,-2.6501688198051774,1.1202306104822513,1.3362838341101426,-0.1312007495931402
-0.38232483840996423,-0.17492254319008982,0.9779714028776567,-2.597043435290005,-1.0787636591999714,1.3770702754014872,1.688070783935396,2.897930474760411,0.18178139040668206,2.4041385780346083,-2.650213050749982,1.1201750361640892,1.3363997491569952,-0.13115176772899506
-0.38219867057484347,-0.17487050855816832,0.9779009983509512,-2.5970386267899634,-1.0787790259869423,1.3770396992232117,1.688085744677775,2.8979306322491176,0.18187015719392097,2.4036267969457867,-2.6502538095272783,1.1201250335830322,1.336504087526019,-0.131107667701722
-0.382199063147616,-0.17487063865311558,0.9779013770734304,-2.5970386394675757,-1.0787789630198015,1.3770398205872727,1.6880856883732327,2.897932253795112,0.18187073165818912,2.4036252161409415,-2.650253864591219,1.1201247657954712,1.3365046428011471,-0.13110742530804442
-0.38219902648080417,-0.17487062867768177,0.9779013414742304,-2.59703863848345,-1.0787789678895754,1.3770398110798938,1.688085692725931,2.8979322514259813,0.18187073125997877,2.403625218465244,-2.6502538645453733,1.1201247660193574,1.336504642321965,-0.1311074255082505
-0.3820451418676418,-0.17480758405112873,0.9778147518456466,-2.59703281087118,-1.0787977174432473,1.377002533494002,1.6881039167488345,2.8979331397147483,0.18198003941202234,2.4029973374331224,-2.650304453630639,1.120063299484817,1.3366329363020721,-0.13105320225650274
-0.3819373889127027,-0.17476426336595452,0.97775333599066,-2.5970287673352828,-1.0788108393900675,1.376976439901176,1.6881166545778075,2.89793330090283,0.18205668603094427,2.402557785232869,-2.6503392748791845,1.1200201808797674,1.3367228791865697,-0.1310151960788084
-0.3819374108000906,-0.17476429248107728,0.9777533548427266,-2.5970287700543766,-1.0788108257231914,1.376976465023259,1.6881166423464542,2.8979333712172366,0.182056697870828,2.402557716235602,-2.6503392762446802,1.1200201742419438,1.3367228934354944,-0.1310151901379446
-0.3817835459833905,-0.1747021178949728,0.9776656948202405,-2.5970229636276767,-1.0788295205784717,1.376939222453002,1.6881348548642476,2.8979333077928775,0.1821661056387578,2.4019304176190346,-2.6503880703751803,1.1199585818811997,1.336851315046867,-0.1309609125203295
-0.38178650411297177,-0.1747031520620972,0.9776685430784031,-2.5970230640970886,-1.078829021154383,1.3769401820920733,1.6881344082525978,2.8979465452607567,0.18217082787842642,2.4019175137369544,-2.6503885227794046,1.1199563811922433,1.3368558745100714,-0.13095892059474723
-0.3816335197855336,-0.17464047264451388,0.9775833849892264,-2.5970172361353447,-1.0788475702913871,1.3769032292724717,1.6881524924556093,2.8979466013888846,0.18228166319760053,2.4012860646938705,-2.650437555763707,1.1198941362475456,1.3369856978625618,-0.130904023252699
-0.38163353525153365,-0.1746404768277543,0.97758340000762,-2.597017236547219,-1.0788475682491034,1.3769032332614541,1.688152490628045,2.8979466468568944,0.18228167102959247,2.4012860200841004,-2.650437556659242,1.1198941318885978,1.33698570720765,-0.13090401934836127
-0.3814832437248805,-0.17457837292716238,0.9775007469039441,-2.597011502974878,-1.0788656895869955,1.3768671388476745,1.6881701757458067,2.897948756176323,0.18239662762081377,2.4006427838464397,-2.6504882781690196,1.1198300128363852,1.3371194754010851,-0.1308473941739141
-0.381483021471305,-0.17457831288959635,0.9775005310753802,-2.5970114970525637,-1.078865718903645,1.376867081585071,1.6881702019551654,2.8979488645069935,0.1823966463487139,2.4006426775611764,-2.65048828031051,1.1198300024230106,1.3371194977202414,-0.1308473848486189
-0.38133276028711816,-0.1745169466088523,0.9774168289047562,-2.597005814422925,-1.0788838518462542,1.3768309922071147,1.6881878610435144,2.8979487390220697,0.1825115991865216,2.3999994434953464,-2.650539418128579,1.1197658972634486,1.33725324785018,-0.1307907821372183
-0.38133263565989406,-0.1745169129413675,0.9774167078805167,-2.5970058111014955,-1.0788838682854092,1.3768309600963295,1.6881878757416366,2.897948715026814,0.18251159503706926,2.399999467037702,-2.6505394176550077,1.1197658995711097,1.337253242906674,-0.13079078420328738
-0.3811823908066927,-0.17445623746416228,0.9773326713833725,-2.597000146171371,-1.0789019794497974,1.3767948857630445,1.6882055176967903,2.897949901228767,0.18262696170409676,2.399355688844013,-2.6505893949502224,1.1197015479383996,1.3373874139784228,-0.13073400093720577
-0.381062076045966,-0.17440719046905873,0.9772663267836377,-2.59699556592171,-1.0789164591544673,1.3767660040129934,1.6882196618893173,2.8979499151357597,0.18271923003229507,2.3988410596135434,-2.6506284267235993,1.11965004322662,1.33749474801306,-0.1306885607021009
-0.3810623930280119,-0.1744072976757165,0.9772666323524559,-2.596995576356254,-1.0789164073072146,1.3767661038474692,1.6882196155247589,2.8979511840043575,0.18271966721055666,2.398839822518651,-2.650628468977457,1.1196498375568416,1.3374951741787013,-0.13068837470592687
-0.3809125099716306,-0.17434535880416835,0.9771847273080221,-2.596989841264188,-1.0789344485249104,1.3767301369930056,1.6882372471538032,2.897951163130692,0.18283532444987838,2.398195020056434,-2.6506783822049895,1.1195853511112204,1.3376296445198825,-0.13063143605872307
-0.3809125043916177,-0.1743453787498357,0.9771847196657655,-2.596989843091107,-1.0789344392926181,1.3767301535899126,1.688237238888159,2.897951056742091,0.18283530598448117,2.398195124433048,-2.650678380095761,1.1195853613647833,1.3376296225458058,-0.13063144524276016
-0.38076240938000083,-0.1742835395296929,0.9771018817051775,-2.5969841364829964,-1.078952530093137,1.3766941358077744,1.6882548792531988,2.8979512461228314,0.18295114424798609,2.39754919336945,-2.6507296397283238,1.1195208430983117,1.3377642636995155,-0.1305744494855725
-0.3807626790294343,-0.17428361229348877,0.9771021435672509,-2.5969841436610466,-1.0789524945605748,1.3766942052175262,1.6882548474867738,2.897951061342665,0.18295111217953686,2.3975493746552488,-2.650729636065792,1.1195208609062615,1.3377642255361604,-0.1305744654367218
-0.3806132886598359,-0.17422306890008699,0.9770188835685873,-2.596978515931171,-1.0789704505421742,1.376658450575678,1.6882723389657,2.8979556348094757,0.18306855854487036,2.396899449664849,-2.6507806839874632,1.1194555654292264,1.337900406933068,-0.1305168040297393
-0.3806133061311332,-0.1742230736056385,0.9770189005372041,-2.5969785163957013,-1.0789704482438673,1.3766584550647973,1.6882723369112682,2.8979553863148,0.18306851510384714,2.3968996934490274,-2.6507806790378123,1.119455589499664,1.3379003553717697,-0.13051682559082067
-0.3804641304261498,-0.17416288845986205,0.9769361629419162,-2.59697288305503,-1.0789883345653681,1.3766227875169452,1.6882897919408681,2.8979566089098476,0.18318633810567952,2.396249541916619,-2.650830204309285,1.119390057009269,1.3380369214270313,-0.13045898903933884
-0.380464278545519,-0.17416292832821334,0.9769363067929735,-2.596972886989378,-1.0789883150952813,1.3766228255587984,1.688289774533302,2.897956896773497,0.1831863885272904,2.3962492595111318,-2.6508302100519523,1.1193900290867402,1.3380369812316264,-0.13045896402667312
-0.3803152699054344,-0.1741018397074141,0.9768550396518041,-2.5969671980070848,-1.0790061644927897,1.376587203624216,1.6883072374160863,2.897956821507293,0.18330414825857044,2.395599376493262,-2.650879451557589,1.1193245235939147,1.3381734894087316,-0.13040113343929605
-0.38022622199573153,-0.17406478023972927,0.9768061932732959,-2.5969637965864396,-1.0790168690250979,1.3765658898202293,1.6883176877260495,2.8979566941568926,0.18337486363908972,2.3952084342445,-2.65091051334099,1.1192852512593734,1.3382554362951238,-0.13036641610298627
-0.3802262328854278,-0.17406478316942398,0.9768062038496996,-2.5969637968753987,-1.0790168675938627,1.3765658926159574,1.6883176864471792,2.897956705772188,0.1833748656734553,2.395208422849505,-2.650910513572863,1.1192852501326187,1.3382554387082353,-0.13036641509398317
-0.3800773484097588,-0.17400399294272528,0.9767234286911588,-2.596958171270118,-1.0790347635084472,1.3765302677169267,1.6883351230142365,2.8979566239190575,0.18349269255567435,2.3945573402338454,-2.6509620819091326,1.11921979951781,1.3383919718932766,-0.1303085901335499
-0.3800780734875344,-0.17400424273506854,0.9767241271541458,-2.5969581955691012,-1.0790346427584683,1.3765305000183314,1.6883350150334988,2.897959590211677,0.18349380070886845,2.3945544512372052,-2.6509621875665768,1.1192192851026208,1.3383930338550591,-0.1303081245296549
-0.3799293546463618,-0.17394451917164222,0.9766408410788037,-2.596952609276996,-1.079052479062177,1.3764949615627637,1.6883523936941685,2.8979609175976933,0.18361239577194777,2.3939020137311697,-2.6510125226153565,1.1191534180979317,1.3385303268472875,-0.13024997441223052
-0.3799293932469938,-0.17394452954118567,0.9766408785690315,-2.5969526102997182,-1.0790524739974479,1.3764949714596106,1.68835238916521,2.897961048082248,0.18361241878810475,2.3939018857271126,-2.6510125252314394,1.1191534053797625,1.3385303540771094,-0.130249963017814
-0.3797810362796019,-0.17388454092650996,0.9765590455446675,-2.5969469865789128,-1.0790702096148124,1.3764595712925116,1.6883697254729029,2.8979611599103965,0.18373177953428144,2.3932479088442165,-2.6510615295438025,1.119087133017043,1.3386684268168176,-0.13019146079886168
-0.3797813124893912,-0.1738846151294755,0.97655931381217,-2.596946993900291,-1.0790701733720054,1.3764596421119784,1.6883696930709249,2.8979608790687674,0.18373172999776255,2.3932481843477333,-2.6510615239131763,1.1190871603914765,1.3386683682092455,-0.1301914853220656
-0.37963326743123993,-0.17382350960829385,0.9764789714913773,-2.596941323138809,-1.0790878727927584,1.3764243161832708,1.6883870234144407,2.8979623438886204,0.18385160876591566,2.3925920917185657,-2.6511113565315836,1.119020670110067,1.3388069419705948,-0.13013274393511276
-0.3796334393852785,-0.1738235558028034,0.9764791385014844,-2.5969413276968374,-1.079087850229386,1.3764243602716135,1.6883870032428945,2.8979621894354555,0.18385158146641967,2.3925922432338886,-2.6511113534312094,1.1190206851872508,1.3388069096984108,-0.1301327574430431
-0.37950076749937356,-0.17376866010797087,0.9764067346843,-2.5969362700661747,-1.0791037329285245,1.3763927157654212,1.6884025203542623,2.8979644432124374,0.18396029812928205,2.391998945508563,-2.651158087878518,1.118960533421998,1.338932379832765,-0.13007956933761067
-0.3793931025446433,-0.17372536261613192,0.9763465368845408,-2.5969322325117568,-1.0791166282139177,1.3763670366342238,1.6884150792755634,2.897964432599009,0.18404835922918217,2.3915184388192863,-2.651195712487135,1.1189117834494127,1.339034025617372,-0.13003650080927542
-0.3793931913300206,-0.17372542586419115,0.9763466189688286,-2.596932238506601,-1.079116598204371,1.3763670926806837,1.6884150524246229,2.8979653729006447,0.18404869693133286,2.3915175225229923,-2.6511957449344643,1.1189116254636469,1.3390343521463306,-0.130036357878478
-0.3792458117191009,-0.17366630721327425,0.976264873592469,-2.596926685543534,-1.079134199868855,1.3763319773364922,1.688432237630213,2.897965552313222,0.1841695320521506,2.3908594456202295,-2.6512454679148045,1.1188446729890988,1.33917383005216,-0.12997724654521692
-0.37924593551201635,-0.17366634041609874,0.9762649938303722,-2.596926688819904,-1.0791341836502149,1.3763320090331135,1.688432223131282,2.8979666634344188,0.18416996436032118,2.390858364282078,-2.651245508892899,1.118844473353406,1.3391742411208778,-0.1299770658565209
-0.37909895393373105,-0.1736063131538952,0.9761852807643541,-2.5969210743512927,-1.0791516897359181,1.376297032735586,1.6884493791604607,2.897966592058161,0.18429106345313517,2.39019976530318,-2.65129450184602,1.1187773743277094,1.339313993536777,-0.1299178107476786
-0.3790989052760665,-0.17360630010635347,0.9761852335037942,-2.596921073064184,-1.0791516961086765,1.3762970202806972,1.6884493848588344,2.897966612460106,0.1842910670842981,2.3901997452902393,-2.6512945022580165,1.1187773723263796,1.3393139978192492,-0.12991780895495308
-0.37895252944235924,-0.17354537877547482,0.976106736667786,-2.596915446008475,-1.0791691399777439,1.376262202205444,1.6884664851164155,2.8979689976912724,0.18441339828029513,2.389537035611106,-2.6513453420633533,1.118709779362876,1.3394549213224298,-0.12985803908091142
-0.3789526612909748,-0.17354541411099067,0.9761068647338522,-2.5969154494965228,-1.079169122717229,1.376262235939155,1.6884664696863174,2.8979689885329805,0.18441339664084921,2.38953704459389,-2.6513453418773922,1.118709780263857,1.3394549193946466,-0.12985803989013522
-0.37880594681847857,-0.1734850593123909,0.9760266115042491,-2.5969098791193375,-1.0791866483403902,1.3762273198097565,1.6884835851434894,2.8979690265349625,0.1845357705706716,2.3888736561964983,-2.6513976999302455,1.118642213901544,1.3395958471308775,-0.12979828360356027
-0.3786884820745833,-0.17343815564979792,0.9759610968008499,-2.5969054783392447,-1.0792006667206122,1.376199374945978,1.6884972529012088,2.8979690795737483,0.18463365432885048,2.388343732022511,-2.651438393130677,1.1185881122083816,1.339708587403277,-0.12975049501364122
-0.37868842209791254,-0.1734381395780673,0.97596103854403,-2.5969054767536273,-1.0792006745717946,1.3761993596022508,1.6884972599198393,2.8979689382057394,0.18463362906696457,2.3883438706910685,-2.651438390270585,1.1185881261139956,1.339708557653843,-0.1297505074728793
-0.37854169018482065,-0.1733790772297743,0.9758805877205514,-2.5968999177339755,-1.0792181404760282,1.3761644702664384,1.688514352145714,2.8979689753311675,0.18475593177022454,2.387682325178087,-2.6514874529125745,1.1185204556587065,1.3398494665793113,-0.12969075846008105
-0.378542255184942,-0.173379269264748,0.9758811322295511,-2.5968999364342653,-1.0792180475709325,1.3761646491588015,1.6885142690673307,2.8979705309924917,0.18475644959871396,2.3876808077078238,-2.651487503376993,1.118520209964656,1.3398499759154134,-0.1296905363645009
-0.3783959532336372,-0.17331880003377442,0.9758027738954969,-2.596894305688517,-1.0792354332471725,1.3761298935219743,1.6885313397334154,2.897970374153882,0.1848789225368952,2.3870184164496138,-2.651536966764046,1.1184524835948988,1.339991053216548,-0.1296306896689896
-0.37839605501782536,-0.1733188272674191,0.975802872763941,-2.5968943083770193,-1.0792354199423286,1.3761299195274175,1.688531327839403,2.897970296565269,0.18487890864275514,2.3870184925548372,-2.6515369651930274,1.1184524912379055,1.3399910368678132,-0.1296306965192997
-0.3782501446292228,-0.17325796680776318,0.9757245428383357,-2.5968887047193974,-1.0792527889617092,1.3760952649624292,1.6885483483101096,2.89797128450142,0.18500210451638388,2.386352991491167,-2.6515888793280964,1.118384519757642,1.3401327825278848,-0.1295705646636569
-0.37825014350396824,-0.17325796650727998,0.9757245417456843,-2.5968887046903997,-1.0792527891081036,1.3760952646743965,1.6885483484422932,2.8979712319482616,0.18500209508929277,2.3863530430400512,-2.6515888782612027,1.1183845249408901,1.3401327714422342,-0.1295705693083904
-0.3781042918392439,-0.1731985372646241,0.9756443129732961,-2.5968831948945628,-1.0792701668161606,1.3760606355265104,1.6885653134492662,2.8979724488318155,0.18512575286210087,2.3856863785287956,-2.6516414222697606,1.1183163533305804,1.3402749389774282,-0.12951027940868798
-0.3781042921731421,-0.17319853735354052,0.9756443132971899,-2.5968831949031967,-1.0792701667732887,1.376060635611374,1.6885653134103973,2.897972516354706,0.18512576499619282,2.385686312297512,-2.6516414236404087,1.1183163466624442,1.3402749532378326,-0.12951027343291388
-0.377972783404803,-0.17314610939983144,0.9755714477431656,-2.596878251080496,-1.0792857985367372,1.3760294280547862,1.6885805867148607,2.897972561987485,0.1852370077180776,2.3850876328210155,-2.6516864362645176,1.1182549250878764,1.3404028987351913,-0.1294560241336682
-0.3778665692226397,-0.17310254900737032,0.9755147869397529,-2.596874162143293,-1.079298379223761,1.3760042429270714,1.6885929590177393,2.89797278694728,0.18532725865350486,2.384602198797202,-2.651721632507848,1.118205039175221,1.3405067286863384,-0.12941196552631196
-0.3778667648188794,-0.1731026213030038,0.9755149748512739,-2.5968741691506416,-1.0792983443690196,1.3760043097257855,1.6885929278471563,2.8979739614909317,0.18532771182238772,2.3846010556170487,-2.6517216755404784,1.1182048294751206,1.340507160381625,-0.12941177577994623
-0.3777214396090489,-0.17304181414352549,0.9754380843302952,-2.596868546764656,-1.0793155869672453,1.3759698456630245,1.6886098756970416,2.8979737426734538,0.1854515992080943,2.383934405517829,-2.651772162859637,1.118136474388335,1.3406496018251817,-0.12935132572854213
-0.3777214356277252,-0.1730418130787914,0.9754380804624345,-2.596868546661609,-1.0793155874875162,1.3759698446474227,1.6886098761628014,2.8979750385954226,0.18545207618413606,2.38393314302966,-2.6517722085132105,1.1181362520373619,1.3406500606750011,-0.12935112453377506
-0.37757616565854946,-0.17298144406859617,0.9753597682577002,-2.5968629941941734,-1.079332872555823,1.3759353831894972,1.6886267932106054,2.8979750320660607,0.1855763839123039,2.383264446363544,-2.6518251178507852,1.1180677904845129,1.340792864350635,-0.12929053828483328
-0.37757610265807173,-0.17298142722772347,0.975359707060516,-2.5968629925328033,-1.0793328807834852,1.3759353671066457,1.6886268005666176,2.8979747526833215,0.18557633350398017,2.383264720394113,-2.651825112159833,1.118067818151156,1.3407928051931606,-0.129290563081931
-0.3774310645226553,-0.17292302042706353,0.9752796948114613,-2.5968575387425186,-1.0793501221928938,1.3759009916206848,1.6886436321165395,2.897977362220715,0.18570183853584243,2.382593543207806,-2.6518772523226204,1.1179987510318448,1.3409367668306764,-0.12922949480199142
-0.37743097764736255,-0.17292299721595228,0.9752796104199808,-2.5968575364519006,-1.079350133534005,1.3759009694532072,1.6886436422541546,2.8979774042687865,0.18570184615078134,2.3825935019662534,-2.651877253182694,1.1179987468564456,1.3409367757561155,-0.12922949106031556
-0.37728588406285546,-0.17286489666603,0.9752003736134798,-2.5968520453183195,-1.079367321792061,1.3758666055819875,1.6886604816856345,2.8979783085778923,0.18582759179717545,2.381923144302853,-2.651926514863403,1.117929455619442,1.3410810071379826,-0.12916828928024593
-0.377285930011519,-0.1728649089449057,0.9752004182484493,-2.5968520465315925,-1.0793673157924477,1.3758666173073024,1.6886604763218203,2.897978384752678,0.18582760561469858,2.3819230695905063,-2.651926516419527,1.117929448047561,1.3410810233223431,-0.12916828249225087
-0.3771411629252093,-0.1728050312498981,0.9751239482247316,-2.5968464528028345,-1.0793844296548025,1.375832356045911,1.6886773227005203,2.8979782092990156,0.18595331286572758,2.3812526561619585,-2.65197550958889,1.117860181307544,1.3412252444267683,-0.12910705731374117
-0.3770111564590284,-0.1727500718405226,0.9750555994228991,-2.5968414159255677,-1.0793998484114469,1.3758015689670682,1.6886924720140977,2.897978297476115,0.18606653840751353,2.3806474755723315,-2.652022582415574,1.1177979117262606,1.3413550853119238,-0.1290519318288621
-0.37701111011382515,-0.17275005946264343,0.9750555544023145,-2.596841414703838,-1.079399854458536,1.3758015571464437,1.688692477420997,2.8979783325229107,0.18606654476605566,2.3806474411975884,-2.652022583131961,1.1177979082423204,1.3413550927588789,-0.1290519287048859
-0.37686632417810717,-0.17269055114208864,0.9749767864196626,-2.5968359254509963,-1.0794170685738749,1.3757672561400618,1.6887092977908016,2.897978251007606,0.18619236483868384,2.3799747932680937,-2.6520760861632486,1.1177287512231575,1.3414993424536101,-0.12899072180921012
-0.37686638009087847,-0.17269056607000444,0.9749768407355068,-2.5968359269238146,-1.0794170612793557,1.3757672703990451,1.688709291271143,2.897979511493821,0.18619284157114357,2.379973565939107,-2.652076131597664,1.1177285298375628,1.34149979851167,-0.12899052150568924
-0.3767213064189221,-0.17263294352197445,0.974895984267369,-2.5968305038171433,-1.0794342942736654,1.375732896644772,1.6887261044451365,2.8979794554706135,0.18631884509867636,2.3793019175993972,-2.6521271225063217,1.1176591785277323,1.3416442472503016,-0.12892924081230328
-0.37672197721415657,-0.17263314252149708,0.974896633806444,-2.5968305233323035,-1.0794341975100545,1.375733084490241,1.6887260179280723,2.89798463510858,0.18632079615120567,2.3792968738421525,-2.652127308639357,1.1176582715319223,1.3416461156183788,-0.12892842022876927
-0.37657805222318785,-0.17257507629360713,0.9748190655773827,-2.596825033569269,-1.0794511933622388,1.3756990605649433,1.6887427138479256,2.89798728230131,0.1864485342281048,2.3786217740403064,-2.6521756538927908,1.117588006721037,1.3417922812880407,-0.12886635316434703
-0.3765779225372867,-0.17257504170569327,0.9748189395939812,-2.5968250301538207,-1.079451210261786,1.3756990275262497,1.688742728955786,2.8979872931413,0.18644853622124202,2.3786217634091162,-2.6521756541166006,1.1175880056326748,1.341792283612036,-0.12886635218948506
-0.37643504124554106,-0.17251492188967266,0.9747446861880382,-2.596819462814012,-1.0794680650322266,1.3756652853569404,1.6887593501693599,2.8979872666825948,0.18657765833749806,2.377942038374993,-2.6522255900823954,1.1175171666157953,1.3419397692973192,-0.12880367537459536
-0.3764349823435662,-0.17251490618660092,0.9747446289669943,-2.596819461263696,-1.0794680727047261,1.3756652703573087,1.6887593570282413,2.8979872834866462,0.1865776614284549,2.3779420218951124,-2.65222559042941,1.117517164928946,1.341939772900239,-0.1288036738623468
-0.3762922151515964,-0.1724546583730806,0.9746691972258779,-2.5968139542860618,-1.0794849877837978,1.375631527695698,1.6887759557841422,2.8979883451538075,0.18670731096275528,2.3772594663081055,-2.652279173559579,1.11744622973854,1.3420877089357255,-0.12874082535806375
-0.37617740859755866,-0.17240875232416641,0.9746053126195804,-2.596809671371674,-1.0794986153214166,1.3756043856501163,1.6887892349429432,2.8979882723904495,0.18681102282344497,2.376713934622609,-2.652321979884084,1.1173894683128416,1.3422060334421468,-0.1286905972785255
-0.3761772609603069,-0.17240871297319238,0.9746051691941666,-2.596809667485469,-1.079498634550692,1.375604348057542,1.6887892521303711,2.897988496886498,0.18681106419382765,2.3767137144581856,-2.6523219845254795,1.1173894457455185,1.3422060816339458,-0.12869057704628073
-0.37603374387501454,-0.1723519050525999,0.9745262202849592,-2.5968042744116095,-1.0795155913362358,1.3755704520264835,1.6888058497846647,2.8979884223716006,0.18694063156201857,2.3760337387270205,-2.652371639854967,1.1173183671673876,1.3423539713898132,-0.12862777690153981
-0.37603380991094504,-0.17235196190942847,0.9745262803119825,-2.5968042797762165,-1.0795155644567314,1.3755705019998583,1.6888058257297116,2.8979884322840483,0.18694063338746147,2.37603372900632,-2.6523716400590924,1.1173183661707493,1.3423539735173602,-0.12862777600811892
-0.3758908736483324,-0.17229320224901556,0.9744511721021674,-2.5967987528476435,-1.0795323859213233,1.3755367804284564,1.688822414086237,2.897988562771628,0.18707020591767964,2.3753539143865297,-2.652419732712728,1.1172472311662505,1.3425019208640014,-0.1285649054900917
-0.37589082845517474,-0.17229319021646639,0.9744511281966126,-2.5967987516584152,-1.0795323918021396,1.3755367689325046,1.6888224193404686,2.897988317407714,0.18707016070264348,2.3753541550160833,-2.6524197276409596,1.1172472558309154,1.3425018681927439,-0.12856492760284954
-0.3757487253259342,-0.17223257416801108,0.9743780676592415,-2.5967931950140843,-1.0795491228122476,1.3755032982458495,1.688838924419295,2.8979897182219343,0.1872003089553118,2.374670948612904,-2.6524713377180413,1.1171759982241398,1.3426503277999613,-0.12850181901417024
-0.3757486805350183,-0.17223256225757044,0.9743780241431921,-2.596793193838313,-1.0795491286322352,1.3755032868659178,1.688838929622892,2.897989785685402,0.1872003214115967,2.3746708824528984,-2.6524713391149533,1.1171759914333994,1.34265034230188,-0.12850181292574447
-0.3756063585161957,-0.17217324903197628,0.9743018120000064,-2.596787766260314,-1.0795659645356381,1.375469736787024,1.6888554101354978,2.8979895999322913,0.18733046841257472,2.3739867505206877,-2.6525260605316454,1.1171048518294753,1.3427987287234346,-0.12843877824484684
-0.3756063024788592,-0.1721732341326021,0.9743017575578063,-2.596787764788081,-1.0795659718167405,1.3754697225495018,1.6888554166432308,2.897989789854936,0.18733050348042912,2.373986564264671,-2.6525260644627138,1.1171048327110231,1.3427987695474242,-0.12843876110528551
-0.3754634390958467,-0.1721166569873116,0.9742225390477932,-2.5967824422817385,-1.0795828395825438,1.3754360747612333,1.6888718803424059,2.8979911755144947,0.1874611385435161,2.37330267681061,-2.6525784270640473,1.1170333528892438,1.3429476510074547,-0.1283755409080345
-0.37546355906345585,-0.17211668886687015,0.9742226556018911,-2.596782445428735,-1.079582824004067,1.3754361052259991,1.6888718664148703,2.8979911651632797,0.18746113662667874,2.373302686961445,-2.6525784268496637,1.117033353933215,1.3429476487788419,-0.12837554184515731
-0.37532303032454717,-0.1720606484421472,0.9741478474340886,-2.5967771055119937,-1.0795991984091118,1.3754032585178333,1.688887998325515,2.898001776926243,0.18759577649959347,2.372610403425167,-2.652626840182585,1.1169598497902435,1.343100445219954,-0.12831057216886155
-0.3753228061168228,-0.1720605891845599,0.9741476295706404,-2.5967770996596524,-1.079599227374496,1.375403201856611,1.688888024220049,2.8980016074074726,0.1875957446281875,2.3726105696503943,-2.652626836628222,1.116959867077544,1.3431004083477944,-0.12831058767102466
-0.3751974535835245,-0.1720072714409273,0.9740850058089885,-2.596772157378606,-1.0796138008066585,1.375373931468129,1.6889024919473834,2.8980031068203065,0.18771746056749716,2.3719851387831294,-2.652671225522736,1.1168934999795361,1.3432384497046943,-0.12825183098192783
-0.3750954018344288,-0.17196324279436848,0.9740326787554494,-2.596768190483681,-1.0796257691091213,1.375350053099095,1.68891427170113,2.8980030021504906,0.18781617652236182,2.3714757641296647,-2.652712106229038,1.1168398712413783,1.343350323513988,-0.12820423416435922
-0.3750955553666522,-0.17196329693779422,0.9740328264682354,-2.5967681957534317,-1.079625742916582,1.3753501034782305,1.6889142482764772,2.898002745557756,0.18781612818642035,2.3714760157333448,-2.652712100840983,1.1168398974435032,1.343350267632001,-0.1282042576625586
-0.37495534230938077,-0.1719061208647661,0.973957037461556,-2.5967629245144987,-1.0796422014626628,1.3753173019233502,1.6889303411422705,2.8980031183013377,0.18795143497616262,2.37077868338862,-2.652767552245622,1.116766349662941,1.3435035981323873,-0.1281390730722003
-0.37495543644827123,-0.1719061457256128,0.9739571289391655,-2.5967629269699946,-1.0796421893100119,1.3753173256964013,1.688930330279144,2.8980037232614233,0.18795175472119396,2.3707780973320904,-2.65276758136501,1.1167662076690683,1.34350388670794,-0.12813894415004246
-0.3748154904209482,-0.1718514225492367,0.973880757719912,-2.596757709419452,-1.079658508381577,1.3752846703084218,1.6889463266832956,2.8980068473485705,0.1880881883480301,2.3700804519199146,-2.6528183236860086,1.1166919339545678,1.3436583588531343,-0.1280732635959927
-0.3748154463052291,-0.171851410910981,0.9738807148510462,-2.5967577082696973,-1.0796585140702812,1.3752846591769563,1.6889463317689941,2.8980070716130246,0.188088230835735,2.3700802320240903,-2.652818328414676,1.1166919109578268,1.3436584078805538,-0.12807324297254308
-0.37467653450759286,-0.17179477608250426,0.9738092967543803,-2.5967523330422155,-1.079674605058826,1.37525230188598,1.6889622765606251,2.898008355477046,0.18822534857159479,2.3693821452055914,-2.6528657887772704,1.116617206471974,1.3438135881143873,-0.12800718925314714
-0.3746765322096195,-0.17179477547636957,0.9738092945211374,-2.596752332983074,-1.0796746053550175,1.3752523013062605,1.6889622768258667,2.8980082454311287,0.18822532767754208,2.3693822531058473,-2.652865786454017,1.1166172177737468,1.3438135640230024,-0.12800719939018057
-0.3745380407119976,-0.1717347997197205,0.973740865256083,-2.5967468399193003,-1.0796906940057114,1.3752200143913775,1.6889782568450018,2.8980081969773988,0.18836253749841614,2.3686816257815746,-2.6529170022141804,1.1165426396399591,1.3439688104121528,-0.12794109047000557
-0.37453808047238457,-0.17173481020354586,0.9737409038943454,-2.5967468409540033,-1.0796906888801825,1.37522002441864,1.6889782522634627,2.898008144947914,0.1883625276191756,2.368681676796788,-2.652917001115565,1.116542644983138,1.3439687990214777,-0.12794109526279973
-0.37439913036712635,-0.17167566062553608,0.97366876146683,-2.5967414846354973,-1.0797069533004504,1.3751875802931997,1.6889942394889936,2.898008112230052,0.18849982440026913,2.3679788122436687,-2.652973365993258,1.1164682154586778,1.3441240248222215,-0.12787503854359006
-0.3743992034078891,-0.17167567988738153,0.9736688324454414,-2.5967414865378227,-1.0797069438847982,1.3751875987159714,1.6889942310705854,2.898008200695145,0.18849984119629237,2.3679787255041997,-2.6529733678606937,1.1164682063731286,1.3441240441888285,-0.12787503039476045
-0.37427375447739486,-0.17162643443962722,0.9735993550154429,-2.5967368529689945,-1.0797216160154246,1.3751583338692521,1.6890085503976984,2.898009767139607,0.1886239490803483,2.3673463125041714,-2.65302227038219,1.1164008695887282,1.344264272455681,-0.12781540342882858
-0.37417210490209385,-0.17158672027302213,0.9735453927275897,-2.5967329955488285,-1.0797333753725593,1.3751346727793505,1.6890201705318986,2.898009764262735,0.18872443519711712,2.3668364759847336,-2.6530558179662536,1.1163460937483993,1.3443779454473832,-0.12776703263440004
-0.37417215312667906,-0.17158673298307647,0.9735454395909278,-2.5967329968052777,-1.0797333691593591,1.375134684936099,1.6890201649772978,2.8980111427208364,0.188724987741133,2.366835134462306,-2.6530558703003946,1.116345838650782,1.3443784689574265,-0.12776680162511944
-0.3740337240453222,-0.17152835571827385,0.9734767623853182,-2.5967275274302066,-1.0797493728745424,1.3751024648842751,1.6890360984298738,2.8980111375877176,0.18886295955916133,2.3661344977961107,-2.6531035016095137,1.1162707434091326,1.3445344884673203,-0.12770034763135563
-0.37403376381787723,-0.1715283662008602,0.9734768010350381,-2.596727528465258,-1.079749367750508,1.3751024749114409,1.6890360938479252,2.8980110253854594,0.18886293816413247,2.3661346078069627,-2.653103499232502,1.1162707549674056,1.3445344638342744,-0.12770035800023827
-0.3738961012258928,-0.17146779731422424,0.9734091588880442,-2.596722065514136,-1.0797653751512688,1.375070423464721,1.6890519676596383,2.8980124270331657,0.1890018414478023,2.365428347724194,-2.6531577319828035,1.1161954943659573,1.3446912830491913,-0.12763355434764367
-0.37389627721096463,-0.17146784365485956,0.9734093299112114,-2.5967220700938807,-1.07976535249631,1.3750704677946661,1.6890519474066825,2.898012317100303,0.1890018204466477,2.365428455508404,-2.6531577296518334,1.1161955057053605,1.3446912588846978,-0.12763356451979924
-0.3737577470525668,-0.1714104447365976,0.9733353435802998,-2.596716838595996,-1.0797815693145272,1.375038172807515,1.6890678136285788,2.8980122190393427,0.18914076267292845,2.3647213218943115,-2.6532153333151713,1.1161203399819124,1.344848034787911,-0.1275668575838833
-0.3737577358538626,-0.17141044178691356,0.9733353326974568,-2.5967168383037045,-1.0797815707560972,1.375038169985447,1.6890678149186376,2.8980122038931153,0.18914075978149558,2.3647213367451307,-2.653215332995497,1.1161203415443932,1.344848031459322,-0.12756685898546616
-0.3736189219807047,-0.1713569830622914,0.973258531890747,-2.5967117223009115,-1.0797977297904549,1.3750058633569164,1.6890836177393096,2.898013265372402,0.1892799821573128,2.364016729841813,-2.653267359121512,1.116044808352723,1.3450051493250514,-0.12750003594132497
-0.373618782544459,-0.17135694636150056,0.9732583963845522,-2.5967117186743227,-1.079797747733728,1.3750058282462732,1.6890836337794495,2.8980135553087543,0.1892800376331243,2.364016445574583,-2.6532673652781096,1.1160447784093943,1.3450052131231827,-0.1275000090817442
-0.3735082476072833,-0.1713122934893505,0.9732023969981389,-2.596707414964154,-1.0798104650451301,1.37498016234089,1.6890962945998842,2.8980134891994958,0.18939126817282848,2.3634554304628175,-2.6533030068497565,1.1159841936926425,1.3451308660776293,-0.12744649016220944
-0.37339277896183987,-0.1712608995172351,0.9731477717614254,-2.5967027420237736,-1.079823812514153,1.3749533191997605,1.6891096307375495,2.8980135188008838,0.18950822461852646,2.362862738140448,-2.6533454952136246,1.1159207232792894,1.3452629212164506,-0.12739020162382797
-0.37339451514238675,-0.17126145536937099,0.9731494483697354,-2.5967027963668117,-1.0798235428014205,1.3749538406205852,1.6891093895630904,2.8980217941864304,0.18951149288074642,2.362854686841528,-2.653345805657581,1.1159192084461735,1.345266026926482,-0.12738883151960012
-0.3733945142064634,-0.17126145512380386,0.9731494474586349,-2.5967027963428473,-1.079823542922763,1.3749538403860928,1.689109389670234,2.8980217388822886,0.1895114821702748,2.3628547410594063,-2.6533458044725773,1.1159192142085073,1.3452660146591802,-0.12738883668876433
-0.37325827251787835,-0.17120160238073012,0.9730816492729311,-2.596697453764664,-1.0798393843093912,1.3749222185079644,1.6891250333137728,2.898023140302506,0.18965404460284763,2.362138156873888,-2.653403649025858,1.115842378829714,1.345426262522162,-0.1273205450345718
-0.3731484278351962,-0.17115907997170954,0.9730200804724412,-2.5966934625582803,-1.07985218837696,1.3748967323105727,1.6891374848512308,2.8980229784965665,0.1897686997720207,2.3615647467013403,-2.6534494197220444,1.1157805774137466,1.3455550056975554,-0.12726575862387568
-0.37314835373680477,-0.1711590605286526,0.973020008455638,-2.596693460637797,-1.0798521978834605,1.3748967137047696,1.689137493350688,2.898023053625419,0.18976871435488363,2.36156467304901,-2.6534494213339554,1.1157805695739023,1.3455550223869475,-0.12726575158822362
-0.3730110415121093,-0.17110678180191652,0.9729455468368888,-2.596688361191051,-1.0798680287612195,1.37486492272686,1.68915306785826,2.898023123987972,0.18991171774887938,2.360852547314771,-2.6534979893779016,1.115703118576064,1.3457157948180916,-0.12719729633761157
-0.37301143649021107,-0.17110691561800095,0.9729459276066263,-2.5966883742106632,-1.0798679640851288,1.3748650473062165,1.6891530100248575,2.898025952695715,0.18991282374966634,2.3608497948670006,-2.6534980947204674,1.115702604497236,1.3457168487076334,-0.1271968314194849
-0.3728755576114411,-0.17104984438104243,0.972880541227326,-2.5966829483104976,-1.0798834703540754,1.374833672941536,1.689168562133288,2.898027457481632,0.19005669326948116,2.360135977447605,-2.6535436745398866,1.1156246649296682,1.34587853816332,-0.12712787328206865
-0.3728756828946951,-0.17104987720986742,0.9728806629955216,-2.5966829515558683,-1.0798834543017026,1.374833704362107,1.6891685477835607,2.898027265405446,0.19005665576294994,2.360136165739661,-2.65354367040029,1.115624685063013,1.3458784953215144,-0.12712789134657188
-0.37274112035060725,-0.17098854521050466,0.9728186487830781,-2.596677457647279,-1.0798989228185483,1.37480261418799,1.6891840351626155,2.8980286192591596,0.19020203296906235,2.3594142922577266,-2.6535976322906283,1.1155463906917182,1.3460415032925814,-0.12705832225079394
-0.3727410223130754,-0.1709885195352161,0.9728185534953253,-2.596677455109445,-1.0798989353740764,1.3748025896113223,1.6891840463860746,2.8980286759907887,0.1902020440711203,2.3594142366439517,-2.6535976335155196,1.115546384734643,1.3460415159646786,-0.12705831690691483
-0.37260587033078796,-0.17093059833783109,0.9727488931382773,-2.5966722747733586,-1.079914643441434,1.3747713137081732,1.6891994690703829,2.8980301573446763,0.19034814693587077,2.358688319866694,-2.6536585213396124,1.1154680032321345,1.3462050758350692,-0.12698860677804857
-0.372605843479751,-0.1709305913090624,0.9727488670395914,-2.5966722740788457,-1.0799146468789318,1.3747713069801408,1.6891994721429064,2.8980299958919513,0.19034811527009055,2.358688478134404,-2.6536585178483376,1.115468020210852,1.346205039718118,-0.1269886220112344
-0.37248328327205904,-0.1708847206447084,0.9726799530057626,-2.596667842337576,-1.0799288161568414,1.374742994235505,1.6892132941604414,2.898031683239161,0.19048011320367486,2.358037571685072,-2.653707329850032,1.11539696191734,1.3463527985331591,-0.12692570696325722
-0.3723842921913434,-0.17084571516016833,0.9726305925181622,-2.59666398096219,-1.0799400453285437,1.3747202087183439,1.68922454492944,2.8980317701979903,0.19058689214899704,2.3575141113930087,-2.6537376437757945,1.115339108068314,1.3464725336456187,-0.12687463413184563
-0.3723844602420865,-0.17084575913135058,0.9726307558613039,-2.596663985308019,-1.079940023825996,1.3747202508114853,1.6892245257070724,2.8980317123200994,0.19058688077526487,2.357514168127608,-2.65373764252315,1.1153391141634543,1.346472520681746,-0.12687463960039658
-0.37225029565997314,-0.17078587748571827,0.9725704327162719,-2.596658458379183,-1.0799552870740863,1.374689359367256,1.6892399348458795,2.898032802368242,0.19073374316520386,2.356791902805906,-2.6537850484960117,1.1152598562744518,1.3466370466911455,-0.12680437886986784
-0.37225045269599644,-0.17078591856585046,0.9725705853542523,-2.596658462440552,-1.0799552669857828,1.3746893986914506,1.689239916886856,2.898032909026476,0.19073376416012877,2.356791798254175,-2.653785050806989,1.1152598450287692,1.346637070608021,-0.12680436877785617
-0.3721166856827516,-0.1707242521304959,0.9725081113971488,-2.596653056469727,-1.079970714152347,1.37465850946887,1.689255289046434,2.8980341056688808,0.19088142092100036,2.3560623126950446,-2.653844261223148,1.1151806997778393,1.3468021696339942,-0.12673390472560264
-0.3719946317512779,-0.17067565925830763,0.9724404972057181,-2.596648602510428,-1.0799849325766502,1.3746302793381542,1.6892691017483554,2.8980342841559015,0.19101442323306195,2.355405663237571,-2.653899850276095,1.1151094567852193,1.3469507971787786,-0.12667060704863875
-0.3719949974237373,-0.17067578913755987,0.9724408487782954,-2.5966486151834176,-1.079984869613832,1.374630400494194,1.6892690454345463,2.898035775339789,0.19101504249332102,2.3554042126000727,-2.653899908732542,1.1151091716734212,1.3469513805626763,-0.1266703488100256
-0.37185930014348045,-0.17062604703718165,0.9723654824272128,-2.596643683402482,-1.0800004421247653,1.3745991386664747,1.68928431737868,2.8980360185351035,0.1911631055646561,2.354679905135738,-2.653949697795565,1.115029378438115,1.347116958690397,-0.12659981181644353
-0.37185925094057737,-0.17062603417753497,0.9723654346011603,-2.596643682130424,-1.0800004484126005,1.374599126355422,1.6892843230003507,2.8980361017818925,0.19116312202424002,2.354679823536804,-2.6539496996057457,1.115029369632444,1.3471169774139398,-0.12659980391371084
-0.37172499745736154,-0.17057077626619233,0.9723016460586447,-2.5966383218818785,-1.0800156316523126,1.3745682906472885,1.6892996171815557,2.8980361270165744,0.1913111595098984,2.3539577688329825,-2.653992094556347,1.1149493313727525,1.3472826874463095,-0.12652906404768904
-0.37172537553920826,-0.17057090596064217,0.9723020103826752,-2.596638334489114,-1.0800155690155928,1.3745684112305696,1.6892995611695976,2.8980374770508277,0.1913117209570725,2.3539564551977445,-2.6539921475556825,1.1149490729847873,1.3472832163280435,-0.12652882989074543
-0.3715927185955561,-0.17050811687141643,0.9722454392909592,-2.5966327496713864,-1.0800306830958735,1.3745379109333324,1.689314847723113,2.8980372840734443,0.19146031510112937,2.35322749360561,-2.654044259183462,1.114869205074469,1.3474493358589088,-0.12645784010033623
-0.3715928677071876,-0.17050815580276435,0.9722455842328204,-2.596632753519248,-1.0800306640568471,1.3745379482102713,1.6893148307017127,2.898038868962969,0.19146095635187255,2.3532259527299804,-2.6540443200087926,1.1148689079399414,1.3474499431269695,-0.12645757149846082
-0.3714595103313032,-0.17044825263610708,0.9721797216220267,-2.5966275449362377,-1.080046140905825,1.3745071843359007,1.6893300635098818,2.8980386338117476,0.19161037939555658,2.3524903503763497,-2.654108559254418,1.1147891122938312,1.3476166300940307,-0.12638645819984307
-0.37146012646266247,-0.1704484635282233,0.9721803149361676,-2.596627565531425,-1.0800460386091082,1.3745073815214033,1.6893299720257362,2.898043253969359,0.19161229410525848,2.352485858656962,-2.6541087401688315,1.1147882288037807,1.3476184347985107,-0.12638565899823195
-0.371325259819562,-0.17039808868680595,0.9721033588709229,-2.5966227735119336,-1.0800616497083357,1.3744763189565807,1.6893451105658568,2.8980436547676316,0.19176302665021616,2.3517511528292676,-2.654167625153457,1.1147075474903372,1.34778640990615,-0.12631410420512035
-0.37132537676140664,-0.17039810210311312,0.972103474445694,-2.5966227749294575,-1.0800616428260819,1.3744763334734218,1.6893451044288592,2.898043472905462,0.1917629902995257,2.3517513310776597,-2.6541676211666276,1.114707566883638,1.3477863687013807,-0.12631412161061428
-0.37119086022336845,-0.17034856665520426,0.972032294289515,-2.59661775079104,-1.0800768842291286,1.3744454933791115,1.6893602355704926,2.898043718742361,0.19191418475007804,2.351022425483343,-2.654211171627575,1.1146260668089507,1.3479550378206833,-0.1262421783967529
-0.3711914255586741,-0.17034876238942864,0.9720328387542834,-2.596617769832158,-1.0800767896232633,1.374445675479758,1.689360150968466,2.898046805276959,0.191915477933863,2.351019426024145,-2.654211293715492,1.1146254703046963,1.3479562547502324,-0.12624163895937102
-0.3710596191982436,-0.17028946418046154,0.9719771248719846,-2.596612223793964,-1.0800915877630977,1.374415530738811,1.6893752544940552,2.898046905018637,0.1920674338491759,2.3502870948095165,-2.6542544572296674,1.114543657021947,1.3481256974099054,-0.12616917269622396
-0.37105974066106917,-0.17028949581959463,0.971977242947685,-2.596612226920838,-1.0800915722886897,1.3744155610395268,1.68937524065869,2.8980469884516307,0.19206745060152208,2.3502870130362084,-2.6542544590638464,1.1145436480950015,1.3481257163706957,-0.1261691646834331
-0.37092868115781297,-0.17022521320468353,0.9719217372551174,-2.596606716555577,-1.080106578335592,1.3743854813972884,1.6893903325574535,2.89804657149789,0.1922201966968684,2.3495447821007236,-2.6543142441170726,1.1144621540522617,1.3482956543262796,-0.1260964993701319
-0.37092907752633675,-0.17022533252601768,0.9719221207380198,-2.596606728282118,-1.0801065201947075,1.374385594248591,1.6893902805723062,2.898048205018494,0.19222086550178208,2.3495431953711847,-2.654314307496299,1.114461843969571,1.3482962864195107,-0.12609621944244065
-0.3707959663835778,-0.1701697380980498,0.9718505663863697,-2.596601816489827,-1.080122007049471,1.37435495531094,1.6894053205028334,2.898048056968685,0.19237402001388926,2.3487984142477956,-2.65438152102621,1.1143803951105018,1.3484664429489257,-0.12602365580779828
-0.37079631301105476,-0.17016982834328953,0.971850903351446,-2.5966018254131757,-1.0801219629096503,1.3743550417469015,1.6894052810431752,2.8980497196114445,0.19237470066281048,2.348796796547454,-2.654381585488143,1.1143800805799922,1.3484670862524162,-0.12602337103421712
-0.3706617817385407,-0.17012331395786973,0.9717727881437934,-2.5965971299395765,-1.0801373776394794,1.3743241857280273,1.6894202731703207,2.8980499647897418,0.1925282616121935,2.348059222435456,-2.65443389923559,1.11429779518605,1.3486378298587853,-0.12595060692743854
-0.37066175836207904,-0.1701233078712887,0.9717727654192867,-2.5965971293367036,-1.080137380616645,1.374324179899019,1.6894202758320849,2.8980501075022715,0.192528290397731,2.3480590825676693,-2.654433902385168,1.1142977798651854,1.3486378623918727,-0.12595059317512192
-0.37053001564550314,-0.17007139756310874,0.9717106434274445,-2.5965919050814237,-1.0801520638950155,1.3742941871484726,1.6894351474110407,2.8980535525450772,0.19268334875496063,2.347323130892656,-2.654472071743991,1.114214275671816,1.348810288424236,-0.1258768918220623
-0.3705299387093923,-0.17007137756634627,0.971710568632977,-2.5965919031044833,-1.0801520736757362,1.374294167994388,1.6894351561556245,2.8980534920419583,0.19268333649532288,2.3473231901873692,-2.6544720704041707,1.1142142821890713,1.3488102745887858,-0.12587689767254728
-0.3704007947281349,-0.1700072522746119,0.9716620054744789,-2.5965862167051927,-1.0801665475512086,1.374264737193962,1.6894500449408825,2.898054891270899,0.19283925658376777,2.3465784263378726,-2.654520675950203,1.1141308708844972,1.3489834226413802,-0.12580273809805975
-0.3704007613465423,-0.1700072436054212,0.9716619730217717,-2.596586215847623,-1.0801665517918826,1.3742647288881473,1.6894500487310227,2.898055011034902,0.19283928090696012,2.3465783089677092,-2.654520678606569,1.114130857961325,1.3489834500704223,-0.12580272649613988
-0.37027072033185693,-0.1699442412743739,0.9716027426498783,-2.5965809483867606,-1.08018156286122,1.3742349253170696,1.6894649222155915,2.898054632469062,0.19299553907458034,2.345824398736971,-2.6545891995876127,1.1140480605356067,1.3491565664960588,-0.12572872315618788
-0.3702708658843692,-0.16994427906497478,0.9716028841573561,-2.596580952123619,-1.0801815443759084,1.374234961520604,1.6894649056890851,2.898054607896711,0.1929955340828684,2.345824422818003,-2.6545891990422597,1.1140480631869076,1.3491565608679101,-0.12572872553698922
-0.37013784767436864,-0.1698951047302124,0.9715245839440936,-2.59657636696432,-1.0801969660651478,1.3742044663552448,1.6894797187862238,2.8980549441311325,0.19315182528519248,2.3450741281545397,-2.654654716695823,1.1139650358469857,1.3493297042491443,-0.12565493163276464
-0.3701379163612062,-0.16989512255386252,0.9715246507227686,-2.5965763687274483,-1.0801969573464123,1.3742044834329228,1.6894797109932105,2.89805476364581,0.19315178863389004,2.345074305032835,-2.6546547126930635,1.113965055321883,1.34932966291563,-0.12565494911360275
-0.3700047725666087,-0.16985044047095776,0.9714502325218621,-2.596571611136051,-1.0802119427398433,1.3741741465674968,1.6894944992700371,2.8980571460680054,0.1933084207589344,2.3443338795247755,-2.654697292682428,1.1138809289143135,1.3495034993898862,-0.12558077776908805
-0.37000494867129685,-0.16985048616720455,0.9714504037345986,-2.5965716156544802,-1.0802119203858238,1.3741741903506748,1.6894944792875197,2.898056937960426,0.19330837839934478,2.3443340834684534,-2.6546972880595114,1.1138809514071615,1.3495034516557585,-0.1255807979621748
-0.36987570961859007,-0.16979272468425854,0.9713992543991194,-2.5965660622602904,-1.0802261639221338,1.3741448938557177,1.6895092232298503,2.8980634464389468,0.19346759804107805,2.34358815579499,-2.6547338193567387,1.1137954723732646,1.3496798805407169,-0.12550520484477046
-0.36987573598438317,-0.16979273151891228,0.9713992800339204,-2.5965660629365126,-1.0802261605784875,1.3741449004059083,1.6895092202417565,2.89806352102984,0.1934676133639881,2.3435880827012454,-2.6547338210255544,1.1137954642555186,1.3496798977582403,-0.12550519755581657
-0.3697485443261561,-0.16972463226607104,0.971353916608801,-2.5965603726274487,-1.0802405436914988,1.3741159224999029,1.6895239472151364,2.8980645761786743,0.1936278534226341,2.3428283275087978,-2.654792938287111,1.113710475642275,1.3498569518738543,-0.1254292908812462
-0.36974851588723023,-0.16972462489376472,0.971353888958947,-2.596560371898942,-1.0802405472988883,1.3741159154351736,1.689523950439889,2.89806448586487,0.19362783482543655,2.34282841600821,-2.6547929362632567,1.1137104854890438,1.3498569309948563,-0.12542929972254768
-0.36961871893702636,-0.1696667581197877,0.9712866697845053,-2.596555506665992,-1.0802556538926917,1.3740861937928015,1.6895386023465182,2.898064267115963,0.1937883946529526,2.34206274511436,-2.654868138131618,1.1136259130200168,1.3500339730102917,-0.12535367658374463
-0.3696187580070145,-0.16966676824611948,0.9712867077695977,-2.5965555076673272,-1.0802556489399855,1.3740862034958008,1.689538597916429,2.898064556904039,0.1937884543227577,2.342062461149551,-2.6548681446255076,1.113625881427187,1.350034040005185,-0.12535364821764183
-0.3695121526976006,-0.1696358238867015,0.9712186078534941,-2.596552119032471,-1.0802678108993615,1.374061921503614,1.6895502425247755,2.89806667959607,0.19391730568465437,2.3414594079260134,-2.6549108419322756,1.1135572458317027,1.3501762940065012,-0.1252930333806126
-0.3695121413857816,-0.1696358209545803,0.9712185968550351,-2.596552118741603,-1.0802678123336156,1.3740619186950624,1.6895502438072985,2.8980664949061534,0.19391726756542038,2.3414595889018024,-2.65491083778678,1.113557266002129,1.3501762512401791,-0.125293051491556
-0.3694032726942664,-0.16959497332314388,0.9711681091574125,-2.5965477621331186,-1.0802797366826886,1.3740372932362703,1.689562477748003,2.898069665135532,0.1940532540469393,2.340832133241909,-2.6549354782069337,1.113484134494735,1.350326639438653,-0.12522866892166507
-0.36930920136356615,-0.16954150550240765,0.9711439333707093,-2.596543238727777,-1.0802900811045908,1.3740160649708946,1.6895734657300796,2.898069274844101,0.19417431969416832,2.3402650340142728,-2.6549698186158945,1.113419608576165,1.350460340226686,-0.12517121271700837
-0.3693095459487692,-0.16954161748840946,0.9711442661714971,-2.5965432496299017,-1.080290026957703,1.3740161694317576,1.6895734173228991,2.8980707309416722,0.1941749037301035,2.3402636188378523,-2.654969874218824,1.1134193365157055,1.3504608948106345,-0.12517096712302234
-0.3691828701747957,-0.16947353044261693,0.9710942256518305,-2.5965378013232314,-1.0803045965432334,1.3739872473773609,1.6895880275431439,2.8980701781347147,0.19433761627099866,2.3394927294546477,-2.655041835044014,1.113333710102574,1.3506400795994127,-0.12509419777418396
-0.3691829227638115,-0.16947355620358984,0.9710942752176894,-2.5965378038543063,-1.0803045839355976,1.373987271412604,1.68958801626153,2.898070077885043,0.19433759546382134,2.3394928276841824,-2.6550418327846375,1.1133337210973409,1.3506400562965757,-0.12509420764747725
-0.36905192878212745,-0.16942436451674325,0.9710155856926495,-2.596533397335027,-1.0803198675548398,1.3739573085486336,1.6896025373718637,2.8980703788619735,0.1945006624065977,2.3387230415123987,-2.655116825806685,1.1132479127571688,1.3508194463674812,-0.12501768858784512
-0.3690520521937444,-0.1694243964452289,0.9710157056862503,-2.596533400492596,-1.0803198519337287,1.373957339149551,1.6896025234085386,2.8980720420173185,0.19450139152491275,2.338721423233803,-2.6551168942738412,1.1132475789682443,1.350820127462038,-0.12501738572275345
-0.3689196075935861,-0.16938555798234134,0.9709356009519716,-2.5965290022409615,-1.0803347436698174,1.3739272852522397,1.6896170228173002,2.8980727787474585,0.19466418941013597,2.3379675587415036,-2.655160969266908,1.1131605954030759,1.3509997639826041,-0.12494073868622912
-0.368919687364631,-0.16938557862197712,0.9709356785139711,-2.596529004282621,-1.0803347335721276,1.3739273050338365,1.6896170137910231,2.898072577975203,0.19466414764182716,2.337967755464504,-2.6551609647340833,1.1131606174612072,1.3509997172394774,-0.1249407584936355
-0.3687916499998858,-0.16933082189582116,0.9708852539499038,-2.596523456109958,-1.0803486382920222,1.3738984016542632,1.6896315745810777,2.8980726962566266,0.1948270838766737,2.3372181755181707,-2.6551887963169523,1.1130730511144682,1.3511797644057015,-0.12486354904329078
-0.36879203873289956,-0.1693309393317861,0.9708856298757755,-2.5965234676680837,-1.0803485810087787,1.373898512944609,1.6896315233525736,2.8980744543942834,0.1948278351211119,2.3372164637313126,-2.65518886714155,1.113072706022992,1.351180469583106,-0.12486323581702008
-0.36866731477750037,-0.16925837976747182,0.9708517250673596,-2.5965175325013705,-1.080362460333908,1.373870317901118,1.6896460938739666,2.8980741930854315,0.19499159133017407,2.3364498131425755,-2.6552435401244994,1.1129859154830752,1.3513609145749284,-0.12478570925207899
-0.36866767803201483,-0.16925847371114777,0.9708520782670726,-2.5965175417938067,-1.0803624143740103,1.3738704079377495,1.6896460527876562,2.8980791005384354,0.19499377070090151,2.336445053958723,-2.655243744715966,1.1129849130318572,1.3513629458285417,-0.12478480433664219
-0.36854039034779174,-0.16919611672913426,0.970790229548923,-2.596512600692148,-1.080377305223195,1.373841291855781,1.689660510869862,2.898078828775036,0.1951593691993745,2.335663725392955,-2.655326751896058,1.1128983297180675,1.3515446374415472,-0.12470707566943595
-0.3685403368133704,-0.16919610288463716,0.9707901774964451,-2.596512599322899,-1.0803773119960156,1.3738412785867942,1.689660516923972,2.898078702397088,0.1951593426583189,2.335663849211592,-2.655326749022695,1.1128983437025504,1.3515446078266287,-0.1247070882283623
-0.36840855928772687,-0.16915669917669796,0.9707034825755088,-2.596508562306014,-1.080392532970615,1.3738112629234687,1.6896748592750974,2.8980791470758156,0.19532593256124198,2.334891758902362,-2.6553929239661445,1.1128104700374175,1.3517274414999854,-0.12462913907011419
-0.3684082558741588,-0.16915662071018556,0.9707031875603462,-2.596508554545827,-1.0803925713591127,1.3738111877198609,1.689674893591722,2.898079066954498,0.1953259157361762,2.334891837401681,-2.655392922144223,1.1128104789039295,1.351727422725757,-0.12462914703051986
-0.36827841517173443,-0.16911596627769576,0.9706339858329311,-2.5965038158319467,-1.080406786169597,1.3737819079079134,1.6896892128156926,2.8980798508953463,0.1954918409810409,2.3341375085720824,-2.655421998116031,1.112721466793035,1.3519102595453463,-0.12455094598367422
-0.36827841337144296,-0.16911596581416877,0.9706339840818661,-2.5965038157860603,-1.0804067863972922,1.3737819074630044,1.6896892130187564,2.8980799206333963,0.19549185562584448,2.3341374402457102,-2.655421999701196,1.112721459076277,1.3519102758869534,-0.12455093905449122
-0.36815459492772096,-0.16905043983953671,0.9706038696358341,-2.596497826777726,-1.0804200064087124,1.3737542727533958,1.6897035054684073,2.8980869217527037,0.19566102489205228,2.333370128679631,-2.6554540992591593,1.1126311937778048,1.352096068176853,-0.1244709843714169
-0.36815456389467816,-0.16905043184083812,0.9706038394597947,-2.5964978259864626,-1.0804200103218395,1.3737542650856476,1.6897035089679004,2.89808672687008,0.19566098357057626,2.3333703196009505,-2.655454094796518,1.1126312154986344,1.35209602220782,-0.12447100388217214
-0.36803227666232985,-0.1689764958925153,0.9705656005636261,-2.596492119793226,-1.0804338793391333,1.3737266043721066,1.6897177358380153,2.898087917388388,0.19583151915694152,2.3325802463986225,-2.6555265811600157,1.1125420998588904,1.3522826433734512,-0.12439085080494827
-0.3679407572706719,-0.16894766488120982,0.9704992799291077,-2.5964895748711774,-1.0804448110096572,1.3737056522537578,1.689727644411024,2.8980877197617687,0.19595120212727224,2.332024847176264,-2.655591621753538,1.1124798891506806,1.3524131580227978,-0.12433523214958786
-0.36794110284282233,-0.16894776404917433,0.9704996150495191,-2.5964895845812364,-1.080444762902807,1.3737057458332531,1.6897276013979763,2.898089110517226,0.1959517888120743,2.3320234909985302,-2.65559167722276,1.1124796194056543,1.352413710477511,-0.12433498677195498
-0.36780906392223667,-0.16891368983195143,0.9704208771268927,-2.5964854989968718,-1.08045935836665,1.3736762646581449,1.6897417186652235,2.8980899746661954,0.19612210923946627,2.3312521667082216,-2.6556414841160647,1.112389278853379,1.3526005242977002,-0.1242553785378755
-0.36780937478677966,-0.16891378191741602,0.9704211783698238,-2.596485507991146,-1.0804593137494063,1.3736763511431258,1.6897416787819166,2.8980915887026732,0.19612286197059703,2.3312506017842445,-2.655641554432717,1.1123889344885303,1.3526012206964824,-0.12425506722138868
-0.36768394786203196,-0.1688591724479478,0.9703849943748812,-2.596479642131275,-1.0804722798734274,1.3736485764709983,1.6897558783530084,2.898092267311007,0.1962932891666238,2.3304912331809735,-2.6556570872713667,1.112297350640966,1.3527886111541632,-0.12417461998945711
-0.36768398363995836,-0.1688591816567877,0.970385029167935,-2.5964796430426706,-1.0804722753675802,1.3736485853012388,1.6897558743252117,2.8980920003773534,0.1962932321956128,2.3304914946774407,-2.655657081128087,1.1122973805406415,1.3527885479018424,-0.12417464684704749
-0.36756473676831636,-0.16877211668596104,0.9703897115682736,-2.5964728958010515,-1.0804850847106975,1.3736215581500222,1.689770171389708,2.8980977949336584,0.19646595106777553,2.3297129073778535,-2.6556864482432503,1.1122091933487948,1.3529783103675115,-0.12409302595872473
-0.36756467763217504,-0.16877210148041133,0.9703896540584047,-2.5964728942953377,-1.0804850921515916,1.3736215435674177,1.689770178039415,2.8980981108533364,0.19646601882059755,2.3297125979086317,-2.6556864555399606,1.1122091578292252,1.3529783854768507,-0.12409299405205232
-0.36744146308478154,-0.1687041497978159,0.9703301842645349,-2.5964678572899667,-1.0804996075010602,1.3735934618162435,1.6897842418034656,2.8980960862801375,0.19664096771104678,2.3288983061322135,-2.6557928635904102,1.1121192243328384,1.3531685121172288,-0.12401143836099537
-0.3674415204615089,-0.1687041645434757,0.9703302400632605,-2.596467858748344,-1.0804996002856897,1.373593475957188,1.689784235353045,2.8980958896728204,0.19664092544098022,2.328898498722541,-2.6557928590413185,1.1121192464788345,1.353168465292713,-0.12401145825540816
-0.3673067833630155,-0.16868415982753326,0.9702168285130286,-2.596464417802747,-1.080514880431621,1.373563156475904,1.6897980929876724,2.898096341206612,0.19681602497511097,2.328095519569656,-2.6558778330776525,1.1120274669777164,1.3533586399923827,-0.12392996435295078
-0.3673065533739672,-0.16868410074142837,0.9702166048465353,-2.5964644119567954,-1.080514909346277,1.3735630998077424,1.6897981188346227,2.89809634146493,0.1968160250295421,2.328095519315765,-2.655877833083915,1.1120274669486196,1.353358640053294,-0.12392996432828607
-0.3671756898926972,-0.16867364395240703,0.9701042265794158,-2.596460714184899,-1.080529126563556,1.3735334830953558,1.6898119357387595,2.8981016755291886,0.19699117006040812,2.3273258089119953,-2.6558965251015905,1.111933650484655,1.353550234347809,-0.12384788169653715
-0.36708151229822494,-0.16862970686618972,0.970063621475207,-2.59645571322394,-1.0805392646911907,1.3735116549828659,1.6898231241700752,2.8981021711739565,0.1971315250959904,2.326711658200095,-2.6558873544038852,1.111857628891796,1.3537036031079062,-0.12378131047997165
-0.3670814336677468,-0.16862968667299683,0.9700635450055746,-2.596455711225648,-1.0805392745743743,1.373511635613065,1.689823133003658,2.8981020816939242,0.1971315057600158,2.3267117458468345,-2.6558873523250712,1.1118576390087656,1.3537035817222307,-0.12378131957133798
-0.3669625669455856,-0.16856048766322917,0.9700039457239917,-2.596450533447407,-1.0805535544971279,1.373483921584861,1.6898371197369957,2.898100788122731,0.19730801949125976,2.3259062787417193,-2.6559570526885734,1.1117657630945708,1.3538953667341653,-0.12369844456826673
-0.3669630263310113,-0.1685606056518063,0.9700043924811155,-2.5964505451218414,-1.0805534967568402,1.373484034752872,1.689837068119115,2.898104160609604,0.1973095270651104,2.3259030115971058,-2.6559571943545226,1.1117650675409383,1.3538967711535834,-0.12369781778963729
-0.3668384381365053,-0.1685265959629847,0.9698676086603673,-2.5964481159125623,-1.080570188989419,1.3734537619755915,1.689850916852932,2.898104080190711,0.19748711076739678,2.3250946779684316,-2.656044543865685,1.1116729470188984,1.3540888125326136,-0.12361561083303751
-0.3668386305464688,-0.16852664536261042,0.9698677957840562,-2.596448120799426,-1.0805701648128863,1.3734538093598383,1.68985089524167,2.898104280202885,0.19748715417413987,2.3250944820608144,-2.65604454852679,1.11167292432705,1.3540888604794015,-0.12361559044644332
-0.36670917256569524,-0.16852176336720603,0.9697110593018659,-2.596446864641529,-1.080586891351731,1.37342248406713,1.6898645874583278,2.8981056121651605,0.19766507370550812,2.32431733689112,-2.65607453436652,1.1115782504014913,1.3542817808527419,-0.12353310478829549
-0.366708996114518,-0.16852171808910743,0.9697108876957268,-2.5964468601610147,-1.0805869135107198,1.3734224406345827,1.6898646072662498,2.898105594513197,0.19766506987481058,2.3243173541815594,-2.6560745339553513,1.1115782524045077,1.3542817766206925,-0.12353310658770367
-0.3665879354941799,-0.16849503085855488,0.9695969647200018,-2.596444002679114,-1.0806023220250935,1.373393017103787,1.6898783126602632,2.8981100113319975,0.1978442644267897,2.323552918819285,-2.656063094626495,1.1114816229979674,1.3544763579818033,-0.12344916592326616
-0.3665877521845813,-0.16849498385819395,0.9695967864426871,-2.596443998027221,-1.0806023450287974,1.3733929720117066,1.689878333224967,2.898109897692013,0.19784423963823095,2.3235530301227705,-2.6560630919669594,1.1114816359416562,1.3544763306445171,-0.12344917755319829
-0.36648654030967087,-0.16843635343652963,0.969523147732664,-2.5964408570424564,-1.0806165128685041,1.3733675674733208,1.6898907226701634,2.898111315358074,0.1980072184722248,2.322843533422395,-2.6560843953889686,1.111395376915449,1.3546523329501756,-0.12337292192934601
-0.36648639209157885,-0.1684363154502142,0.9695230035816333,-2.5964408532836787,-1.0806165314622995,1.3733675310260374,1.6898907392922329,2.8981111515826488,0.1980071826631713,2.322843693825094,-2.6560843915509618,1.1113953956044504,1.3546522934868612,-0.12337293872160071
-0.3663801159367859,-0.16838335963025486,0.9694192901196184,-2.596439477563394,-1.0806328543516779,1.3733404046726232,1.6899032288397313,2.898110555353238,0.1981727087476841,2.322111415583837,-2.6561499165778875,1.1113095220442633,1.3548300895993668,-0.12329659415148786
-0.36638019255699295,-0.16838337925556335,0.9694193646386013,-2.596439479505217,-1.0806328447453812,1.3733404235050903,1.6899032202518116,2.8981105870946458,0.1981727156852635,2.322111384496285,-2.6561499173207936,1.1113095184225754,1.3548300972461975,-0.12329659089869605
-0.3662647976173581,-0.16835462904692644,0.9693086315383672,-2.5964389286044294,-1.0806490348243774,1.3733123619614567,1.6899155889877542,2.8981126137745665,0.19833833420374436,2.3213915888148513,-2.656202607004222,1.111222885847452,1.355008314947856,-0.12322058364620947
-0.3661778289738349,-0.168318956111297,0.9692635146474613,-2.59643703327411,-1.080660467872843,1.3732915494928548,1.6899255593312215,2.8981136416126514,0.19846938774770884,2.320847808840904,-2.6561834616219526,1.111151822556824,1.3551508253125242,-0.12315956993601951
-0.3661779403622196,-0.1683189943321075,0.9692636219119093,-2.5964370370034215,-1.0806604493514222,1.3732915851113923,1.6899255427582767,2.8981153734167346,0.19847018063896016,2.320846125770446,-2.6561835359623056,1.1111514595486245,1.355151561986995,-0.12315924071049356
-0.366067130256269,-0.1682183673011428,0.9692789330730909,-2.5964321883317836,-1.080674700515444,1.3732655346690068,1.6899394369599463,2.8981149186343202,0.19865133560810833,2.3200810898172612,-2.656179357592437,1.1110544752733613,1.355348107428508,-0.12307459005621357
-0.36606757268028645,-0.16821849798645516,0.9692793606055039,-2.596432201347241,-1.0806746360806683,1.3732656601907989,1.6899393793124662,2.898116642830402,0.19865212359280982,2.320079416446429,-2.656179431576885,1.1110541132433367,1.355348840017916,-0.12307426242618824
-0.3659592216503764,-0.16808531765765444,0.9693236204699582,-2.596426546920598,-1.08068905085107,1.373240638727994,1.6899533109149414,2.8981152684601312,0.19883488276976635,2.3192725313970453,-2.656252450058271,1.1109598163754635,1.355546216802221,-0.12298960115551782
-0.36595954502367967,-0.1680854218132657,0.9693239313475717,-2.596426557369866,-1.0806889991362816,1.373240739357172,1.689953264613373,2.8981185591771634,0.19883636824221895,2.31926936003485,-2.656252590097428,1.1109591235355172,1.3555476005301124,-0.122988981601301
-0.3658431041995378,-0.16797511795913334,0.9693383568442249,-2.5964222525313168,-1.0807043130794773,1.37321427770679,1.689967077595242,2.898117522339504,0.19902048154803964,2.318452971645609,-2.656358540321495,1.1108649647910829,1.3557460537446486,-0.1229046508798719
-0.3658436668495675,-0.16797528095377423,0.9693389010577773,-2.5964222687441305,-1.0807042328334013,1.3732144341983004,1.6899670057993013,2.8981196041652098,0.19902140525926093,2.31845094729076,-2.656358627274105,1.110864540010093,1.3557469165209897,-0.12290426593652182
-0.365723266525543,-0.1678766851225184,0.9693828091021865,-2.596417423489921,-1.0807181385906648,1.373188037940511,1.6899808889212933,2.8981230233030786,0.19920443385641384,2.3176703275611032,-2.6563987339664967,1.110771724497651,1.3559465769159544,-0.12281994704630694
-0.3657237490622238,-0.16787682338409127,0.9693832758411789,-2.5964174373097486,-1.0807180701690293,1.3731881712923135,1.6899808277254422,2.8981267890623243,0.199206198259132,2.3176666689273517,-2.6563988989732743,1.1107709176165583,1.355948211062989,-0.12281921604456514
-0.365611107056516,-0.1677421344817498,0.9695127308304716,-2.596409432743685,-1.0807287026467898,1.37316512328146,1.6899948296736884,2.898127052626302,0.19938941427177514,2.316895145936101,-2.656405542999423,1.110676907081718,1.3561492832536333,-0.12273374173896556
-0.36561142614692343,-0.16774223175495173,0.969513037806971,-2.596409442663141,-1.0807286535209575,1.3731652190089392,1.6899947857304216,2.8981268249739234,0.199389363564193,2.316895368861985,-2.656405537587733,1.1106769334367819,1.3561492276773288,-0.12273376542116576
-0.3655030138809501,-0.16755490213322144,0.9697079550564389,-2.5963978563043533,-1.0807381188080862,1.3731444273412619,1.6900087754277942,2.898126353939837,0.19957380391849622,2.3160822328616426,-2.6564671001577973,1.1105845153946436,1.356351211880928,-0.12264764044953846
-0.36550353320677686,-0.16755505559222073,0.9697084555191537,-2.5963978719112952,-1.0807380416116525,1.3731445782676923,1.690008706350993,2.8981282737249927,0.19957468829297564,2.316080379803555,-2.6564671831517632,1.1105841050484306,1.3563520331813672,-0.12264727319730984
-0.365391974237931,-0.1673962490091636,0.9698430285370865,-2.596387463792455,-1.0807490105394746,1.3731228912448668,1.690022563537231,2.898127084932007,0.19976212730004228,2.3152504739895683,-2.6565815275607028,1.1104922857127244,1.3565541258557028,-0.12256206670984504
-0.36539188108468057,-0.1673962252634551,0.9698429379202391,-2.596387461443576,-1.080749022160314,1.37312286846082,1.6900225739245442,2.8981273310212217,0.19976218224996956,2.315250233019764,-2.6565815334215848,1.1104922571689588,1.3565541860374664,-0.12256204105983937
-0.3652681961170501,-0.16727290058100763,0.969945957452822,-2.5963770020086714,-1.080759672564389,1.3730994907974141,1.6900362567973013,2.89812917823226,0.19995037270018567,2.3144291772955103,-2.656675490097288,1.1103993466646491,1.356756694327128,-0.12247729865505086
-0.3652686272863548,-0.16727304586412117,0.9699463698170412,-2.5963770169264,-1.080759598736441,1.3730996345039017,1.690036190669142,2.8981310782822334,0.19995127279884972,2.3144273336632413,-2.656675573987739,1.1103989351750183,1.3567575255154676,-0.12247692711902225
-0.36514568105637846,-0.16714162329220716,0.9701043677000145,-2.596363981223039,-1.0807674087091375,1.373078277005769,1.6900498970673534,2.8981325941241103,0.20013901518237187,2.313628913042555,-2.6567145135076315,1.110304074488245,1.3569605904490682,-0.12239155621101716
-0.36514549063660606,-0.16714158815265634,0.9701041793534424,-2.5963639780837746,-1.0807674241918663,1.373078246250853,1.6900499108725566,2.898132541454107,0.20013900339116208,2.3136289646157504,-2.656714512251123,1.1103040806095201,1.3569605775453262,-0.1223915617119733
-0.3650341929578449,-0.16709624745301443,0.9700700620086007,-2.5966163532615507,-1.0807837404893958,1.3730511109682881,1.6900620644205118,2.898128873686572,0.20032394198506953,2.3128146166638857,-2.656768086884843,1.110210758690311,1.3571642602238718,-0.12230452318169505
-0.36503497485855796,-0.1670964566703521,0.9700708146050356,-2.596616373902275,-1.0807836356986193,1.373051310097403,1.6900619733684326,2.898134811582798,0.20032672974032995,2.3128088430090017,-2.6567683473173473,1.110209485684412,1.357166841581197,-0.12230336942266007
-0.3649169876917506,-0.16694106590512625,0.9702510539941196,-2.5966047675414314,-1.0807907785559228,1.3730309483838647,1.6900758280544732,2.898133627963622,0.20051424229007342,2.311953200781394,-2.656890032127559,1.1101174195758086,1.3573721932941583,-0.12221566241728343
-0.3649172974258983,-0.16694116076121635,0.9702513515905986,-2.596604777300012,-1.0807907302490776,1.3730310427403687,1.6900757848501744,2.898135550998054,0.20051516204222164,2.311951336397156,-2.656890117744388,1.1101169989865172,1.3573730408257338,-0.12221528318421715
-0.364791172235849,-0.16683285973221906,0.9703584093795099,-2.596594584117436,-1.0807988452193618,1.3730085504021519,1.6900894338527417,2.898135041370068,0.20070425397237202,2.311090973754286,-2.6570286169515884,1.110024546215568,1.3575799305629,-0.12212735801891572
-0.36479118250247744,-0.1668328747807255,0.9703584167816031,-2.5965945858405446,-1.0807988366202572,1.373008566783656,1.6900894261694241,2.89813497693153,0.20070423939831272,2.311091036847632,-2.6570286154013463,1.1100245537648608,1.3575799146605805,-0.12212736480308184
-0.36465889400301243,-0.1667513113972765,0.9704729163704453,-2.596583571768938,-1.0808049865581912,1.3729862083196709,1.6901029972327044,2.8981358325293662,0.2008925301810578,2.310256709655233,-2.6571118022869102,1.1099298668190531,1.3577871161754995,-0.12203912674332251
-0.36465943282354907,-0.16675145546855408,0.9704734388588019,-2.5965835862569886,-1.0808049148100758,1.3729863486079097,1.6901029331294892,2.898141828623867,0.20089541410118272,2.3102508610709034,-2.6571120701468947,1.1099285625178625,1.3577897716715022,-0.12203793926590922
-0.36451190650639465,-0.1668075386204393,0.9704099584267745,-2.596936093198706,-1.0808212621685653,1.3729609436931014,1.6901151460495334,2.8981417974189068,0.20108477943855263,2.309422393302066,-2.657163518925575,1.109832284298447,1.3579984115254833,-0.12194817013980597
-0.36451214713314517,-0.16680759356159314,0.9704101847777764,-2.596936098506737,-1.0808212322516777,1.3729609940218994,1.6901151229056182,2.898141593755126,0.2010847330045742,2.309422592705781,-2.6571635139972103,1.1098323083029564,1.3579983609808783,-0.12194819171676663
-0.36439187012573715,-0.1667758466857867,0.9703223796503009,-2.597124416850983,-1.0808367379186197,1.372932411471024,1.6901269132591357,2.898142413141569,0.20127789845373112,2.3085540480524305,-2.657261436239891,1.1097368662020397,1.3582083495933848,-0.12185837665540777
-0.3643920095968527,-0.1667758821352754,0.9703225153637609,-2.5971244203566943,-1.0808367205874596,1.372932445473702,1.6901268977599626,2.898142553661655,0.20127793048835496,2.308553910472165,-2.657261439639175,1.1097368496407585,1.3582083844658808,-0.12185836176933051
-0.3642631127777616,-0.16669244252864512,0.9703774269333216,-2.597112274910452,-1.0808447907545653,1.3729093404519297,1.6901401868776063,2.8981426623554665,0.2014743334599407,2.3076719926648686,-2.657395626381549,1.109641369108716,1.3584181850990387,-0.12176910733077584
-0.36426337214700943,-0.1666925196776976,0.9703776733007778,-2.597112282388917,-1.0808447517306896,1.3729094120798981,1.6901401539399385,2.898144625080951,0.20147528582219199,2.3076700905992915,-2.6573957149195806,1.1096409339619981,1.3584190604939828,-0.12176871502436093
-0.3641251436426032,-0.16665922397656452,0.9703668122874589,-2.5971005494370685,-1.080852972575408,1.372884323710161,1.6901532180081835,2.8981473227457233,0.2016719759404264,2.3068115594042276,-2.6574848933750155,1.1095436260077136,1.3586291534066595,-0.12167991487979446
-0.3641254648126697,-0.1666593055817236,0.9703671248200259,-2.5971005575080097,-1.080852932683643,1.3728844019899347,1.6901531823270513,2.8981493704988583,0.20167297130655726,2.30680956580483,-2.6574849856943907,1.109543175290539,1.3586300679068808,-0.12167950566091346
-0.36397947628778393,-0.1666385752837387,0.9703796160955749,-2.597090395176271,-1.0808630461166109,1.372858588712564,1.690166139251522,2.8981518968037214,0.20187009811979895,2.3059762532368584,-2.6575101830629384,1.109443558479799,1.358840938087785,-0.12158986541101946
-0.3639797384720387,-0.16663864190137634,0.9703798712296434,-2.5970904017652208,-1.0808630135498087,1.3728586526147133,1.6901661101240704,2.898151752681752,0.20187006508780936,2.3059763943399165,-2.657510179561427,1.109443575536993,1.3588409021866115,-0.12158988074238053
-0.3638439016779813,-0.1665915321444018,0.9704221604720731,-2.5970803891329757,-1.0808723186135278,1.372834529447819,1.6901792354814087,2.898155733390473,0.20207084615137383,2.305121283138387,-2.6575510849387927,1.1093427538409149,1.3590544696304123,-0.12149804090746308
-0.3638438329079712,-0.1665915146745407,0.970422093551325,-2.59708038740484,-1.0808723271521634,1.3728345126921635,1.6901792431211144,2.898155641325415,0.20207082493294237,2.305121373272133,-2.6575510826920277,1.1093427647821734,1.359054446606355,-0.12149805074442721
-0.36371766674010164,-0.16654024050146532,0.970392107251353,-2.5970698003330437,-1.0808820038149434,1.372809472949914,1.6901922189599534,2.89815877761567,0.20227451930025708,2.3042367686414114,-2.657644922766254,1.1092425639877854,1.359269946706564,-0.12140543438754658
-0.3637176116637031,-0.16654022651575762,0.9703920536557114,-2.5970697989489637,-1.0808820106512527,1.3728094595341167,1.6901922250745263,2.898158922558842,0.2022745528829084,2.3042366267462118,-2.6576449263173947,1.1092425466890488,1.3592699830911252,-0.12140541883639688
-0.3635796372164162,-0.1665474287285349,0.9702646731897611,-2.597061328692865,-1.0808932724861373,1.3727813852697253,1.6902049013236908,2.898159289714407,0.20247880742125357,2.3033540260741496,-2.6577431185168097,1.1091423063569747,1.3594853730694183,-0.12131373114377819
-0.36357971880959816,-0.16654744944846644,0.9702647525894408,-2.5970613307429895,-1.0808932623581429,1.3727814051448473,1.690204892265688,2.8981592379078265,0.20247879541552738,2.30335407678999,-2.6577431172471475,1.1091423125400803,1.3594853600637524,-0.1213137367037076
-0.3634378811912864,-0.1665676957784088,0.9701281713566079,-2.597053340504968,-1.0809049344333186,1.3727521513575072,1.6902174129113234,2.8981644462595213,0.20268353368256697,2.302508660117894,-2.657761745384769,1.1090387751199877,1.3597016738325012,-0.12122167815547513
-0.3634378067129358,-0.16656767686829088,0.9701280988795116,-2.597053338634443,-1.0809049436750677,1.3727521332209598,1.690217421178748,2.8981644188752753,0.20268352732170136,2.302508686926032,-2.6577617447129356,1.1090387783947886,1.3597016669457593,-0.12122168109997045
-0.36330817886673206,-0.16655428954853768,0.9700380031861062,-2.5970439455511785,-1.0809157778537135,1.372724916795871,1.6902300460548814,2.8981676591228265,0.20288956916752543,2.3016689604555047,-2.6577535200045896,1.1089338796286166,1.3599190155881518,-0.12112807246473256
-0.36330825256341104,-0.16655430825115047,0.9700380749042683,-2.5970439474004756,-1.0809157687113986,1.3727249347348653,1.6902300378781918,2.898167581131162,0.20288955099526707,2.3016690368043733,-2.6577535180848804,1.1089338889772575,1.3599189959320226,-0.12112808087010407
-0.36318672065716484,-0.1665298966769173,0.9699299838804878,-2.59703528657961,-1.0809271284389683,1.3726983005775946,1.6902427313116801,2.8981731204373276,0.20309987371064242,2.3007917972565792,-2.6577994818694997,1.1088290352438532,1.3601395313706899,-0.12103261492612205
-0.3630792521286015,-0.16656193574565847,0.9697356841237701,-2.5970316445575623,-1.0809393762331547,1.3726734449485765,1.6902525843106395,2.8981726496946916,0.2032691570230627,2.300075264062901,-2.6578726699025386,1.1087460865657155,1.3603158736067735,-0.12095710065673781
-0.3630794945770628,-0.16656200409162025,0.9697359206717033,-2.597031650988145,-1.0809393443586393,1.3726735067838947,1.6902525558021102,2.8981748444358413,0.2032701402706758,2.300073128082932,-2.6578727624298804,1.1087456345563602,1.3603167913479473,-0.12095669083707694
-0.3629402621454796,-0.16661440927465776,0.9694982154575822,-2.597026423415622,-1.0809539115828635,1.3726418115103955,1.6902647423526602,2.898177251539158,0.2034820072535135,2.299213532862762,-2.657894474731628,1.108639020293844,1.3605375889378255,-0.1208624898942876
-0.36294028711518767,-0.1666144216948915,0.9694982408937971,-2.5970264242370993,-1.0809539073825278,1.3726418188620118,1.6902647386168157,2.8981795494806146,0.20348312038171112,2.299211313225829,-2.6578945787263715,1.1086385075534855,1.3605386147386795,-0.12086202908948795
-0.3628153814389634,-0.16664534094611394,0.9693276982831058,-2.5970229699518983,-1.0809661847460768,1.3726124725133495,1.6902772427882424,2.8981776241252017,0.20369144332271905,2.2983822204080564,-2.6578580578620836,1.108530140613036,1.36076139789414,-0.12076489908746435
-0.3628152872444268,-0.16664531708622654,0.969327606618716,-2.5970229675918293,-1.0809661964160822,1.3726124496086562,1.6902772532250658,2.898177506025382,0.2036914153659941,2.2983823359990705,-2.657858054919453,1.10853015495094,1.3607613677902402,-0.12076491197631256
-0.3627003768934056,-0.16665097399142503,0.9691598634248919,-2.5970189652486146,-1.0809788572440202,1.3725848287851399,1.6902897360116431,2.898176604032111,0.20390361366639986,2.29751406808011,-2.657877289901459,1.1084189624221708,1.3609856100935636,-0.12066610908369402
-0.3627003602760599,-0.16665096978294436,0.9691598472542218,-2.5970189648308124,-1.0809788593018363,1.3725848247446972,1.6902897378525683,2.8981766608805746,0.20390362716035249,2.2975140124418427,-2.657877291320956,1.1084189555058481,1.3609856246137424,-0.12066610286614665
-0.3625802336057795,-0.1666878590325922,0.9688950440801811,-2.5970187937543243,-1.0809954616641475,1.3725538817303482,1.6903020396071091,2.8981766444389443,0.20411686109016358,2.2966211711230873,-2.6579542857032714,1.1083098570766747,1.3612098212314487,-0.12056835443255043
-0.36257998676713754,-0.1666877965453457,0.9688948038747718,-2.5970187875694037,-1.0809954922309823,1.3725538217283253,1.6903020669477744,2.898176599615841,0.2041168504497204,2.29662121499201,-2.6579542845839024,1.108309862530069,1.3612098097820082,-0.12056835933582999
-0.3624621476758021,-0.16675928856173083,0.9686169264347457,-2.5970199587469853,-1.0810108967590115,1.372524153880053,1.6903129500679106,2.898179557995862,0.20431043765337709,2.295835894467416,-2.6579968124344364,1.1082090999943404,1.3614125168265128,-0.12048021875841908
-0.36237307769305005,-0.1667670953585807,0.9684709059510981,-2.5970155115652283,-1.081022356540585,1.3725019041973106,1.6903218096803485,2.8981893697199226,0.20446946349992245,2.295246419643897,-2.657930575794904,1.1081277668883356,1.361576833083026,-0.12041004407818523
-0.36237338293819477,-0.16676718583405403,0.9684712044553061,-2.597015519804816,-1.0810223155989211,1.372501982969073,1.6903217730750195,2.8981932372466375,0.20447133244766214,2.295242696704692,-2.657930750957197,1.1081268993793074,1.361578556747876,-0.12040926793440487
-0.3622630156180966,-0.16676069860041398,0.9682652960706921,-2.597011791990621,-1.0810392766744812,1.3724717688070962,1.6903340862770877,2.8981934613999343,0.20468844053708413,2.2944155330977267,-2.6578737706549735,1.108016234926878,1.361804908797481,-0.12031119889336761
-0.36226318923065914,-0.16676075664101297,0.9682654645527489,-2.597011797402848,-1.0810392498407304,1.3724718205753508,1.6903340622340473,2.898195864400435,0.20468959513047924,2.2944132290317256,-2.6578738789961065,1.1080156948638153,1.3618059749179316,-0.12031071919682468
-0.36215333865690447,-0.16674823380912418,0.9680307928713283,-2.5970105458689092,-1.0810589228100493,1.3724402355232863,1.6903463271917523,2.8981944783395566,0.2049094264957727,2.2935493661908986,-2.6578841693110102,1.1079062952077132,1.3620336084850422,-0.12021209694934587
-0.36215349538416497,-0.16674827342623733,0.9680309453853191,-2.597010549792563,-1.0810589034220826,1.372440273586423,1.690346309849665,2.8981943975230013,0.20490940711845695,2.2935494452746816,-2.657884167277847,1.1079063051206512,1.3620335876939276,-0.12021210586079967
-0.3620371192908305,-0.166763522199191,0.9677447442242251,-2.5970106828375097,-1.0810799099980697,1.372406802774961,1.6903583628788845,2.898198784372571,0.20513315126488774,2.2926807907274114,-2.657911793992759,1.1077956556607829,1.3622639658523426,-0.12011328507400076
-0.3620372557533198,-0.16676355667460463,0.9677448770193156,-2.5970106862527422,-1.0810798931239112,1.372406835905938,1.6903583477850916,2.898198958262018,0.2051331931944569,2.292680620577558,-2.6579117983873606,1.107795634233689,1.3622640107714918,-0.12011326581312609
-0.3619216681498285,-0.16678119519666268,0.9674865937995305,-2.5970090722950063,-1.0810989547237493,1.3723745280007549,1.6903703455375387,2.8982032664381965,0.20535684119827646,2.2918507337802883,-2.6578694671077336,1.1076823475970965,1.3624953448608377,-0.12001434761311192
-0.36192171215155167,-0.16678120630677906,0.9674866366175037,-2.5970090733961766,-1.0810989492850172,1.372374538680507,1.6903703406733985,2.8982032148204855,0.20535682871625038,2.2918507842836195,-2.6578694657998225,1.1076823539714784,1.3624953315001012,-0.12001435334397659
-0.36181456057593486,-0.16675962072147055,0.9672987582593437,-2.5970073960069606,-1.0811179629483738,1.3723441239725283,1.6903824703440082,2.898206437952986,0.20558054775917967,2.2910351585302813,-2.65779014149323,1.1075678525553734,1.3627278320852536,-0.11991411878234359
-0.3618146497720307,-0.16675964323208614,0.9672988450601823,-2.5970073982381923,-1.081117951926696,1.3723441456129484,1.6903824604872106,2.898206364059533,0.20558052984242714,2.291035230825589,-2.6577901396170365,1.1075678617021811,1.362727812920026,-0.11991412700420145
-0.3617158100440685,-0.1666954338331159,0.9671506249110147,-2.597006164529241,-1.0811377680331051,1.3723147881380582,1.6903947598938687,2.898207320375544,0.20580640339559508,2.290186725205002,-2.6577665647939384,1.1074544816207004,1.3629615164542175,-0.11981277953646696
-0.3617157578836592,-0.16669542067690202,0.9671505741506978,-2.597006163226447,-1.0811377744743513,1.3723147754920122,1.6903947656570453,2.898207485755538,0.20580644360785527,2.2901865634092555,-2.6577665690020558,1.107454461100902,1.3629615594340612,-0.11981276109173411
-0.36161538729833786,-0.16664506589550054,0.9669502847793536,-2.597006359350421,-1.0811589590968222,1.3722841698548462,1.6904069039226508,2.8982078040890062,0.2060343328932781,2.289313943741824,-2.657805701813711,1.107342520624794,1.363196243295059,-0.11971184229705312
-0.36161516490067136,-0.16664500984749964,0.9669500683497843,-2.5970063537960737,-1.0811589865429774,1.3722841159637342,1.690406928470117,2.898208045375755,0.20603439172913873,2.2893137076915906,-2.6578057079663187,1.1073424906177936,1.363196306132199,-0.11971181532413855
-0.36152061699205174,-0.16664711613194605,0.9667497983968802,-2.5970081470847908,-1.0811751568273218,1.3722575425777164,1.690417827972011,2.8982036960342867,0.20623725136996374,2.2885474424322503,-2.6578205612904573,1.107236676205713,1.363407949675321,-0.1196205743089962
-0.3614359154136215,-0.16661450157157986,0.9666589189667656,-2.5970090556356586,-1.0811898540004514,1.372234535226938,1.6904279045474309,2.8982045116234136,0.20642083258704425,2.2878778016435213,-2.657772077764296,1.1071391120297696,1.363600777725682,-0.11953694793254321
-0.3614362874853425,-0.16661460638605785,0.9666592800176241,-2.597009065900356,-1.0811898032077325,1.372234634189784,1.6904278590802404,2.898206311498294,0.2064217701878608,2.287876082186745,-2.657772165324855,1.1071386748707521,1.363601633367641,-0.11953655951625297
-0.3613450576656705,-0.1665163977682811,0.9666137721931305,-2.597008099524997,-1.0812069280356744,1.3722091003576313,1.6904403134196686,2.8982057373434493,0.20664742897250132,2.2870320212967883,-2.657756075950843,1.1070208340607834,1.3638373932728927,-0.11943388830351775
-0.3613449741933694,-0.16651637674833797,0.9666136909605383,-2.5970080974410603,-1.0812069383303466,1.3722090801425004,1.6904403226275182,2.8982058954978633,0.20664746772371867,2.2870318665872205,-2.657756079999152,1.107020814313973,1.3638374346036057,-0.11943387055313792
-0.3612573501248493,-0.1664067654152257,0.9665414861356041,-2.59700757218563,-1.0812251878967158,1.3721833436182003,1.6904527652787045,2.8982041464231845,0.20687462859885652,2.286152131177431,-2.6578190309253853,1.1069055164524615,1.3640735218216724,-0.1193316014788266
-0.3612579936523632,-0.16640696942671163,0.9665421067261377,-2.5970075923001756,-1.0812250884392656,1.3721835372428766,1.6904526761429652,2.8982090746237095,0.20687710891906352,2.286147376463461,-2.657819262742291,1.1069043724402432,1.3640757971511315,-0.11933057274551828
-0.3611580267580994,-0.16633220343257804,0.9664164785817881,-2.5970058420010367,-1.081244116495673,1.3721553270156468,1.6904648367143968,2.8982179021792405,0.20710692242881912,2.2852785171403003,-2.657865086573878,1.106791625182006,1.3643142147823157,-0.11922909108906143
-0.36115812917917545,-0.1663322291654028,0.9664165782632494,-2.5970058445521307,-1.0812441038907905,1.3721553517695186,1.6904648254415977,2.8982176583988277,0.2071068621896348,2.285278755586555,-2.657865080292132,1.1067916558316,1.3643141506786671,-0.11922911863752361
-0.3610525480989697,-0.16624842470914825,0.9663738826366925,-2.5970025573799225,-1.0812613882378694,1.3721284629554038,1.6904769490018712,2.898221746049675,0.20733875582144545,2.2844384870956738,-2.6578434407704723,1.1066752962950241,1.364555218612396,-0.11912634376100417
-0.3610526814736321,-0.16624845820195588,0.9663740124452014,-2.597002560699592,-1.0812613718339108,1.372128495172837,1.69047693432907,2.8982219232528728,0.2073387997343401,2.284438313778832,-2.657843445348777,1.1066752739638366,1.3645552653061008,-0.1191263236897333
-0.3609597085493004,-0.16610673502963458,0.9664438581918482,-2.596996591942329,-1.0812763927851319,1.3721053726046746,1.690489329202511,2.898222990004916,0.2075706717255592,2.283599505163533,-2.65781229479743,1.1065581597490741,1.3647975033140378,-0.11902208346161114
-0.3609594541353349,-0.16610667118279476,0.9664436105705754,-2.5969965856133945,-1.0812764240553703,1.3721053111942085,1.690489357171403,2.8982227072429563,0.2075706014573715,2.2835997817103184,-2.657812287477165,1.1065581954671027,1.3647974286522606,-0.11902211556449238
-0.36088440162519575,-0.16594115511363494,0.9665523982931967,-2.5969912234752464,-1.0812889923279752,1.3720868591476147,1.6905006953923407,2.8982231464067247,0.20778072658240632,2.2828104140050662,-2.6578482524760583,1.1064546958612098,1.3650166954466814,-0.11892764335565253
-0.3608135286696781,-0.16585527150509982,0.9665273515830979,-2.596988143088443,-1.0813012924384342,1.3720683331191754,1.690509606271363,2.8982226006858927,0.20795130440358012,2.2821537057318366,-2.657918894452192,1.1063724799167955,1.3651943397643285,-0.11885217082154398
-0.36081374300113556,-0.1658553409795127,0.9665275579826851,-2.5969881499668954,-1.0813012584447823,1.3720683993403116,1.690509575790693,2.898224531077,0.2079522816222399,2.2821518313749394,-2.657918985534634,1.1063720334652558,1.365195236463772,-0.11885176640114725
-0.3607101092826186,-0.1657412877783555,0.9665567023256116,-2.5969823208493183,-1.0813157863645335,1.3720443635798203,1.6905217871839313,2.8982254167051504,0.20818606384491467,2.281280700776465,-2.657957424023735,1.1062569435860796,1.365439192007507,-0.11874812270876944
-0.36071050061341925,-0.1657414029108697,0.966557080465023,-2.5969823323559735,-1.081315729484578,1.3720444746478258,1.6905217362288574,2.89822786110774,0.20818734343909995,2.2812783419303972,-2.6579575430908235,1.1062563555687204,1.3654403603368106,-0.11874759404763591
-0.36061334853273763,-0.16558432577084048,0.9666998572354366,-2.596973791934216,-1.081327647038398,1.3720234831745,1.690534131805573,2.898226895490401,0.2084201484241488,2.280427098194071,-2.657949968612301,1.1061393206927148,1.365685134106629,-0.11864300635254388
-0.3606135376557589,-0.16558439045798146,0.9667000377151815,-2.596973798637854,-1.081327613916538,1.37202354774423,1.6905341020937756,2.898229500525934,0.20842146274769835,2.2804245926660265,-2.6579500915520624,1.1061387102880609,1.3656863402998223,-0.11864246093715902
-0.36052292340139314,-0.1653794167949858,0.9669192501547039,-2.5969631982005628,-1.0813371522418915,1.3720060381954386,1.690546590256215,2.8982323586156298,0.20865678362947193,2.279536121964478,-2.657987913971187,1.106023024730499,1.365933487117041,-0.11853631087584748
-0.3605227406605094,-0.16537937108890688,0.9669190722654877,-2.596963193672094,-1.0813371746182532,1.3720059942442067,1.69054661026939,2.8982324804396384,0.20865681430988658,2.2795360028386273,-2.6579879171581675,1.1060230091732421,1.3659335196003957,-0.11853629689429734
-0.3604293928061342,-0.16520087118314386,0.9670438788863569,-2.5969545694607845,-1.0813492792498791,1.371985834469596,1.6905588425019822,2.8982338221875956,0.2088937710968617,2.2786163950222047,-2.6580890294943806,1.1059089852614639,1.3661827716583215,-0.118429992819574
-0.3604293462040058,-0.16520085953743635,0.9670438335192832,-2.5969545683064346,-1.081349284950817,1.3719858232709194,1.690558847599914,2.8982339754584636,0.20889380981633376,2.278616245147113,-2.6580890335141243,1.105908965639756,1.3661828126181614,-0.11842997518281262
-0.36032459595668254,-0.16506672555476687,0.9671390823815518,-2.5969465241684673,-1.0813612066436815,1.3719642786877912,1.6905709915304574,2.898233055046042,0.20913228042623633,2.2777071000400824,-2.658180544638242,1.1057935420828535,1.3664319602294688,-0.11832413639114936
-0.36032448805041906,-0.16506669860622836,0.9671389773330805,-2.5969465214991017,-1.0813612198351903,1.371964252777432,1.690571003327113,2.8982329665187265,0.20913225806114522,2.2777071866051983,-2.658180542315579,1.1057935534166292,1.366431936571197,-0.11832414657842971
-0.3602184909131303,-0.16491965829650024,0.9673106279046797,-2.5969358721354068,-1.0813697597414955,1.371945471820025,1.6905831834367602,2.898236528882963,0.2093709078897943,2.2768205984950782,-2.6582164135797592,1.1056749890255286,1.366682051707933,-0.11821786751113184
-0.3601616835671013,-0.16478734651593374,0.9675266477258138,-2.596927330984979,-1.081370909051309,1.3719379348182361,1.6905908116080797,2.8982333071014796,0.2095119898334925,2.2762752120157757,-2.6582472240352777,1.105604591123706,1.366832343525708,-0.11815255468844033
-0.3601619100398903,-0.1647874169270631,0.9675268650019344,-2.596927338287524,-1.0813708729552056,1.3719380053725496,1.6905907792703005,2.8982333056993586,0.2095119894773827,2.2762752133861994,-2.6582472239979293,1.1056045913028703,1.366832343149147,-0.1181525548508402
-0.3600634592169678,-0.16459598766911743,0.9677471672765732,-2.5969155014786685,-1.0813784791452519,1.3719209855771632,1.6906031799675265,2.898231942258434,0.2097479703653775,2.2753349911780507,-2.658362595764812,1.1054902352068092,1.3670828787515914,-0.11804509902355242
-0.3600644179705812,-0.16459625384115828,0.967748093681716,-2.596915528631092,-1.0813783449740035,1.371921248829329,1.690603059893645,2.898238892714531,0.20975159109272035,2.2753282604743763,-2.6583629320849105,1.1054885799055665,1.3670861814440718,-0.1180436051895164
-0.35995679594426644,-0.16446474515592513,0.9678738192803484,-2.596905194575024,-1.081386987879808,1.371902063001433,1.6906151744649005,2.898240975062091,0.20999342700961954,2.274379953218922,-2.658503211385253,1.1053723104206812,1.3673387068873826,-0.11793603011448983
-0.35995675276456307,-0.16446473439499876,0.9678737772396984,-2.5969051935092238,-1.081386993143901,1.371902052658485,1.6906151791728323,2.8982411224505604,0.20999346475989356,2.274379809111945,-2.6585032152940222,1.1053722913411228,1.3673387466770102,-0.11793601296286749
-0.35983957770462016,-0.16435787202779295,0.9680130352465488,-2.596893114556763,-1.081393318596954,1.3718832546991573,1.690627122275428,2.898244445225684,0.21023724524390275,2.2734561384850096,-2.658584118349189,1.1052530197647457,1.3675935211860324,-0.1178279505757791
-0.3598397297216005,-0.1643579099153465,0.9680131832571659,-2.5968931183076682,-1.0813933000597653,1.3718832911114012,1.690627105698698,2.8982444814750803,0.21023725452769426,2.2734561030423137,-2.658584119310757,1.1052530150723614,1.3675935309720568,-0.11782794635806848
-0.3597126906621275,-0.16436794909354457,0.9680185774350658,-2.5972227610646317,-1.0814090781244747,1.371862728764615,1.6906375976901962,2.8982499865846894,0.21048278359307648,2.2725457538919365,-2.6586153300172266,1.105130856953509,1.3678508698179863,-0.11771768591480569
-0.35971267814372165,-0.1643679459727414,0.9680185652453144,-2.5972227607559084,-1.0814090796505695,1.3718627257671425,1.6906375990551892,2.8982501434804337,0.21048282401908924,2.272545600498777,-2.6586153341973624,1.1051308365432115,1.3678509123619724,-0.11771766756699531
-0.35960831726588083,-0.1643381904360801,0.9680077312130759,-2.5975433352636097,-1.0814247476901242,1.37184131962852,1.6906482062636434,2.8982505488597745,0.21073020638032425,2.271599417438999,-2.6586939739746414,1.1050090133389352,1.368109698694668,-0.11760528429656869
-0.3596083440625648,-0.16433819711383713,0.9680077573071681,-2.5975433359256987,-1.081424744425124,1.3718413260446969,1.6906482033417354,2.8982505785034114,0.21073021404072456,2.271599388457979,-2.6586939747666287,1.1050090094728233,1.3681097067503414,-0.11760528082256272
-0.3594942464021491,-0.16421794360610065,0.9681532327257534,-2.597533012904624,-1.0814305502709578,1.3718230956012993,1.6906601893670916,2.8982509307961077,0.21097821992348464,2.2706031233091615,-2.6588638482054625,1.104890791604923,1.3683702088069376,-0.11749282646242509
-0.359494437439948,-0.1642179911800925,0.9681534187644152,-2.5975330176135207,-1.0814305270108449,1.3718231413168125,1.6906601685546319,2.898250830215934,0.21097819384295846,2.2706032216404672,-2.658863845511706,1.1048908047557555,1.368370181406486,-0.1174928382849032
-0.35936912505631113,-0.1641648888063525,0.9682242196764808,-2.597523692218858,-1.081435853549606,1.3718029863839725,1.6906719770184075,2.898250928765197,0.21122490108147396,2.269635309859657,-2.659001689263137,1.1047712813450987,1.3686305412706243,-0.11738108436332961
-0.35936885602474433,-0.16416482180997338,0.9682239576847476,-2.597523685586077,-1.0814358863068882,1.3718029220040178,1.690672006326324,2.898250800216754,0.21122486774780747,2.2696354355347363,-2.659001685819904,1.104771298152662,1.3686305062506445,-0.11738109947438424
-0.3592481779456129,-0.16421611572538808,0.9681300280821654,-2.5977324229327046,-1.0814486125452887,1.3717817753898967,1.6906812422036124,2.898261186309689,0.21144931414766877,2.268796747678655,-2.6590289482735883,1.1046601170004253,1.3688673072854058,-0.11728002620672395
-0.3591447895906512,-0.16422957637081748,0.9681069048084092,-2.5979710868680526,-1.081460179416907,1.3717648241761058,1.6906898301642772,2.898260197290856,0.21165514248028394,2.268014141645981,-2.6590622329601485,1.1045582766056494,1.3690830025618608,-0.11718608359666316
-0.35914515828478955,-0.16422966426954488,0.9681072550050915,-2.597971095373917,-1.0814601333085876,1.3717649053433965,1.690689792897397,2.8982619456706082,0.2116562444183696,2.268012461139225,-2.6590623333939347,1.104557779352393,1.3690839804317596,-0.1171856365277053
-0.35914517822413217,-0.16422966923694649,0.9681072744235992,-2.5979710958661504,-1.0814601308815521,1.3717649101164122,1.690689790723133,2.898262045351803,0.211656270485868,2.268012363693888,-2.659062336081019,1.104557766228722,1.3690840077572686,-0.11718562472776028
-0.3590360305605449,-0.16411602973627915,0.9682303403688115,-2.597958627339213,-1.0814659104657682,1.3717468565860331,1.6907015805090366,2.898262789815366,0.21191257273357333,2.2670134050326567,-2.6591973417956103,1.1044341402442326,1.3693491718313204,-0.11707061851995082
-0.3589445238363247,-0.16411615441314975,0.9681755710272162,-2.59795231854148,-1.0814717828679599,1.3717304017470164,1.6907094019521942,2.898264026162595,0.2120933689840072,2.2663149502713935,-2.6593054859850254,1.104348153053965,1.3695349122037497,-0.11699149471554726
-0.35894473777246105,-0.16411621864074633,0.9681757770826058,-2.5979523251226975,-1.081471750339709,1.3717304654547728,1.6907093728148777,2.898266059532185,0.2120944825080091,2.2663129684798022,-2.6593055888314776,1.1043476513015387,1.3695359212910487,-0.11699103712828496
-0.35881077027108255,-0.1641273299091175,0.9681233530721807,-2.5979432211255915,-1.0814801523351996,1.3717064427191312,1.6907204851071014,2.898269538752544,0.2123516097444762,2.2653687098343838,-2.6593425304607035,1.104220556798536,1.369801744202345,-0.11687739182877177
-0.35881083185669205,-0.16412734838010223,0.9681234131162215,-2.5979432228748176,-1.0814801436332342,1.3717064594992259,1.690720477332749,2.898269887160751,0.21235170136044257,2.2653683692476676,-2.6593425398968003,1.1042205107258205,1.3698018401030492,-0.11687735039835712
-0.3586877459813529,-0.1641079067863922,0.9681617975053962,-2.5979357926580224,-1.081487246894961,1.3716846825173663,1.6907319576184947,2.8982666611365104,0.21260481924460795,2.26443826194242,-2.659334802675682,1.1040924754233075,1.370068298366676,-0.11676063299876027
-0.3586877790903422,-0.1641079150268112,0.968161829752149,-2.597935793474071,-1.0814872428676612,1.3716846904367763,1.6907319540136805,2.8982695344724263,0.2126063775847742,2.2644354902819224,-2.6593349471834484,1.1040917611159484,1.3700697119219987,-0.11675999071685528
-0.35857883737256646,-0.16404018185455183,0.9682053596397289,-2.597925782578689,-1.0814929189894036,1.3716649190057169,1.6907435762982028,2.8982685143252525,0.21286348009723266,2.2634454673271627,-2.6594229507970057,1.1039661145987596,1.3703372663584403,-0.11664247747485046
-0.35857895359374314,-0.16404021292685034,0.9682054730423637,-2.5979257856674103,-1.081492903536883,1.3716649484743382,1.6907435625350957,2.898271440693591,0.21286504701161046,2.263442654351177,-2.65942309628021,1.1039653916658887,1.3703386884807323,-0.11664183120005145
-0.35845891187986556,-0.16404483735563247,0.9680906883898599,-2.597920392292843,-1.0815021945808665,1.371640623821234,1.690754861035769,2.8982701730757867,0.2131241381985749,2.2624278580708523,-2.659574016030059,1.1038410167698052,1.3706075756890357,-0.1165247894186523
-0.35845908951862615,-0.16404488156629515,0.9680908613995873,-2.5979203966690196,-1.0815021729749086,1.3716406663073792,1.6907548416958202,2.898273259283485,0.21312579192312242,2.26242486603949,-2.659574169122166,1.1038402641862008,1.3706090764484369,-0.11652410884527686
-0.3583268172473195,-0.16411616512446603,0.9678994328111115,-2.5979177749794657,-1.081512273016351,1.371613347922585,1.6907658658348286,2.8982747359499257,0.21338448575319635,2.261456981700089,-2.6596464736124084,1.1037123686461987,1.370879051423917,-0.11640716449391686
-0.3583268668799695,-0.16411617748038587,0.9678994811505914,-2.5979177762028987,-1.0815122669782125,1.371613359794348,1.690765860428074,2.8982746839096265,0.21338447193978372,2.261457032566465,-2.6596464721930815,1.10371237558231,1.3708790369995922,-0.11640717073066398
-0.35820995807469647,-0.16413186992540663,0.9678303115040698,-2.5979121999188037,-1.0815202806469153,1.3715887843934613,1.690777290346857,2.898277538424942,0.2136466426952408,2.26054454410594,-2.6595986279826755,1.1035780768268646,1.3711494762261944,-0.11628872556472825
-0.35821074657689866,-0.1641320742780028,0.9678310781177366,-2.5979122202313674,-1.081520180270219,1.3715889814336997,1.6907772005269828,2.8982862812608303,0.2136514822447042,2.260536096535091,-2.6595990755773267,1.1035758688696884,1.3711538507442986,-0.11628673487391339
-0.35810836477172536,-0.1641005701654752,0.9677909489967194,-2.5979041193454084,-1.081527049818097,1.3715683597921053,1.690788531262796,2.8982823654097967,0.21391534220832398,2.2595681923636253,-2.659622124951695,1.1034408361644656,1.3714265687135336,-0.11616593410420517
-0.35810847638847143,-0.16410059793638787,0.9677910577057718,-2.5979041220937997,-1.0815270362460114,1.3715683864783639,1.690788519113867,2.8982854966812663,0.21391703472353996,2.2595651743141847,-2.6596222820850683,1.1034400589085704,1.3714281027249564,-0.11616523547539526
-0.35800107560809025,-0.1640921027564861,0.9676489459721562,-2.5979000352879655,-1.0815384296266952,1.3715443253990243,1.6907996103705298,2.8982837553878618,0.21418558203915516,2.2585439881048597,-2.6597464648817475,1.1033068729792985,1.3717037911186116,-0.1160439402462572
-0.3580014268867231,-0.16409219015612653,0.9676492881017129,-2.597900043938964,-1.0815383869133015,1.3715444093851668,1.690799572137243,2.8982867647217425,0.2141872858365339,2.2585410644204043,-2.6597466219839343,1.1033061039319776,1.3717053259208152,-0.1160432407469063
-0.35787388683003307,-0.164170886968801,0.9673855337195203,-2.597900577067094,-1.0815526256894654,1.3715154361817588,1.690810295725207,2.8982873788676677,0.2144577557111944,2.2575311611053728,-2.6598680268283155,1.1031714775434693,1.3719824134946963,-0.11592232294361526
-0.35787379869854696,-0.1641708650436069,0.9673854478823518,-2.597900574897367,-1.081552636406109,1.3715154151124143,1.690810305316215,2.898287436844054,0.2144577713504674,2.2575311044453237,-2.659868028431392,1.1031714697125112,1.3719824297588028,-0.1159223159036955
-0.357754083561419,-0.16423400945820887,0.9672057177224733,-2.597898652964684,-1.081563530918289,1.37148852541754,1.6908213208461547,2.898290307699094,0.214729631874091,2.2565974818930883,-2.659849713704123,1.1030305380051217,1.3722598027717314,-0.11580123906400797
-0.35775489570373686,-0.16423423747625865,0.9672065124194358,-2.5978986740465606,-1.0815634259442874,1.371488727586061,1.6908212272267917,2.8982969140992427,0.21473317374486456,2.256591098696134,-2.6598500433623373,1.103028912665244,1.3722630212338736,-0.11579977275059505
-0.35765437153049007,-0.16421651813995908,0.9670975209693484,-2.5978912289470593,-1.0815744716806015,1.3714646492475504,1.6908322011639316,2.8983059420206096,0.21500710013507796,2.2556707638783244,-2.6597663124582542,1.1028907064943843,1.3725427148873512,-0.11567739038393388
-0.3576547034558182,-0.16421660940147031,0.9670978438060427,-2.597891237832223,-1.081574427740545,1.3714647351370575,1.6908321618155155,2.898308884225127,0.2150087585721474,2.2556679615277524,-2.6597664663695926,1.1028899345199559,1.3725442113328876,-0.11567670639804817
-0.35756236250769646,-0.16416288944822277,0.9669905777427061,-2.5978858905786857,-1.0815879100974137,1.3714404782630192,1.6908432164608356,2.898307838677951,0.21528850538941935,2.254674268858013,-2.6597966373195296,1.1027529616700305,1.3728279988037695,-0.11555168952237516
-0.3575624581552965,-0.16416291321452725,0.9669906708953526,-2.597885892932104,-1.0815878984767755,1.371440501117653,1.690843206057024,2.8983076489314854,0.215288453531012,2.254674454257996,-2.6597966320179296,1.1027529875792181,1.3728279450537606,-0.11555171282232202
-0.357449315493767,-0.16419012064165361,0.9667145662864405,-2.597886298629735,-1.0816068352953732,1.3714100687815796,1.6908537510157982,2.8983103621007196,0.21557378372737634,2.253638506204144,-2.659925611231608,1.1026177460205497,1.3731142600545843,-0.11542727037030698
-0.35744936124916293,-0.16419013199949184,0.966714610849464,-2.597886299754938,-1.081606829739842,1.3714100797061128,1.690853746042844,2.8983103603655174,0.2155737832515845,2.2536385078985113,-2.6599256111828806,1.1026177462575317,1.3731142595615067,-0.11542727058409152
-0.35732607214054823,-0.1642641207692188,0.9664151177078573,-2.597884083514645,-1.0816225700013762,1.3713797868904107,1.6908638738234205,2.8983150098968693,0.21585702654614192,2.2526607855385095,-2.6599634887413535,1.1024797966959872,1.3734019285891215,-0.11530405106398867
-0.3573261468250202,-0.16426413930261674,0.9664151904444473,-2.5978840853498295,-1.0816225609347594,1.3713798047223165,1.6908638657081916,2.898314876102198,0.2158569897328766,2.252660916259309,-2.6599634849830798,1.102479815067742,1.373401890497,-0.11530406758654621
-0.3572238313190219,-0.16428333894996072,0.9663084105109716,-2.5978814794200766,-1.0816331463968338,1.3713551357385114,1.6908748307619588,2.898313690657046,0.21613964776382844,2.251759962438026,-2.659851245728049,1.102330823401994,1.3736906406353837,-0.115176782668998
-0.35722373091853754,-0.16428331403240026,0.9663083127291001,-2.59788147695088,-1.0816331585848156,1.3713551117657197,1.6908748416738195,2.8983136327202796,0.21613963177060747,2.2517600190388016,-2.659851244095688,1.1023308313799145,1.3736906241002407,-0.11517678984387292
-0.3571465981218971,-0.16418746160418873,0.9663199933159845,-2.597874602850876,-1.0816426030725244,1.37133594438217,1.6908859659716664,2.8983169897982926,0.21642458053664537,2.2508018911883863,-2.6597951926143386,1.102183821393246,1.3739811194373797,-0.1150476950063366
-0.3571467693572714,-0.16418750406771565,0.9663201600899676,-2.597874607057252,-1.0816425822987656,1.3713359852419176,1.6908859473764504,2.8983171143284885,0.2164246150231106,2.250801769537466,-2.6597951961324524,1.102183804196974,1.3739811550642038,-0.11504767954352335
-0.3570686093624209,-0.1640940866739209,0.9662021060845873,-2.597873201301936,-1.081659718554635,1.3713121614138997,1.6908968544594094,2.8983148159939134,0.21671068868843868,2.2497474617981705,-2.6599493393823845,1.1020443315962067,1.3742735044783787,-0.11491843549497816
-0.3570687116849163,-0.16409411203131352,0.9662022057421531,-2.597873203815152,-1.0816597061507816,1.3713121858146238,1.6908968433544307,2.8983149108981863,0.21671071506026252,2.2497473690893326,-2.6599493420694147,1.1020443184545234,1.3742735316997114,-0.11491842367668692
-0.35696261197434076,-0.1641628005623481,0.9658870678792466,-2.5978775061756796,-1.0816763511561716,1.371284554156154,1.690906119829867,2.898318833243641,0.21697433012410805,2.2487958649421422,-2.6601230165772476,1.1019166802932387,1.374537969482323,-0.11480373957510714
-0.3568769657835169,-0.1642122672895212,0.9657906440597728,-2.59787614939136,-1.0816834003800126,1.3712659222581616,1.6909138685331664,2.8983215553106287,0.21718067916531858,2.248155747441036,-2.6600414076559318,1.1018081223746714,1.3747520517782457,-0.11471135877376604
-0.3568771691604695,-0.16421231768351063,0.9657908421418497,-2.5978761543846542,-1.0816833757262305,1.3712659707533037,1.6909138464656155,2.898321729003177,0.2171807275855464,2.248155577767438,-2.6600414125890195,1.1018080982607303,1.3747521017179851,-0.11471133708666414
-0.35678830411983853,-0.16411512979919696,0.9658452124146804,-2.5978652259014625,-1.08169046250203,1.371248783318534,1.6909246133648965,2.8983127309993257,0.2174717345805961,2.2466193007224113,-2.660115661328399,1.1016427636980897,1.3750467823379564,-0.11458108294492053
-0.3567883555304867,-0.16411514712080688,0.9658452645753774,-2.597865227009601,-1.081690456812591,1.371248793190066,1.6909246083366485,2.8983149056117234,0.21747298890150102,2.2466172378774694,-2.6601157781941707,1.1016421752140308,1.3750479121751331,-0.11458056295925445
-0.3566821718003075,-0.16361319184617962,0.9661476545861198,-2.5978520203676805,-1.0816964422479751,1.3712301067299624,1.6909355465589626,2.8983283691978503,0.21776139486861457,2.2456555579957183,-2.6600797383786277,1.1014971923761419,1.3753427804853828,-0.11444961254779606
-0.35668271169280086,-0.16361332560050457,0.966148180410336,-2.5978520336257107,-1.0816963767965562,1.371230235479989,1.6909354879717302,2.898336178008913,0.21776584240793273,2.2456480296031245,-2.6600801453005722,1.1014951823958778,1.3753467457447197,-0.11444780252610176
-0.3566062798340166,-0.16345645784671792,0.9661368184774224,-2.5978482747791327,-1.0817121501061848,1.3712086217105188,1.6909464579525948,2.898326565089736,0.21805663914111584,2.2445512043015547,-2.6603079829170255,1.1013604464741187,1.3756442708480625,-0.11431780590950336
-0.3566066497016518,-0.16345661952945,0.966137165704839,-2.597848291408462,-1.081712067959352,1.3712087828075088,1.690946384359341,2.8983264038434733,0.21805659373677244,2.2445513617916966,-2.6603079783007217,1.1013604690486343,1.3756442241401396,-0.11431782621181608
-0.3564800279867999,-0.16349807980634257,0.9658964955439515,-2.5978475487044386,-1.0817286368301744,1.3711802399247004,1.6909565253510443,2.8983348159654607,0.21835768822237522,2.2434750268965686,-2.6605279724738464,1.1012211905024323,1.3759449112843223,-0.11418931194247417
-0.3564800943060735,-0.1634980961730479,0.9658965601457723,-2.5978475503264544,-1.0817286288236998,1.371180255677169,1.6909565181838393,2.8983347284333103,0.21835766348543384,2.243475112389781,-2.6605279699603575,1.101221202792658,1.3759448858600676,-0.11418932299700124
-0.35633860898974223,-0.16359878205073475,0.9657525059166066,-2.5978457481595485,-1.0817368534639975,1.3711550601871867,1.6909666992798011,2.8983360209792863,0.21865033495578778,2.2425003031621706,-2.6605670188022565,1.1010725576181688,1.3762469689738541,-0.11405950217723948
-0.3563384682914732,-0.1635987473354561,0.9657523688618408,-2.597845744719258,-1.0817368704496553,1.371155026773721,1.6909667144836624,2.8983360205106052,0.21865033482567497,2.2425003036197104,-2.6605670187889983,1.1010725576832545,1.376246968837803,-0.11405950223456784
-0.35623403572539214,-0.1635315680696019,0.9657371955653256,-2.5979070506931743,-1.0817478144226098,1.3711361943167324,1.6909766151474774,2.8983505293997602,0.21894691071958317,2.2416019275621935,-2.6603758240491926,1.1009200880318062,1.376549559982955,-0.11392794606201306
-0.3562338663128797,-0.16353152625695344,0.9657370305444362,-2.597907046548646,-1.081747834880718,1.371136154066682,1.6909766334606164,2.898350333763151,0.21894685523167023,2.241602118643378,-2.6603758184149475,1.10092011558089,1.3765495030030657,-0.1139279708454426
-0.35613387449945666,-0.16310176679248478,0.9659837373467282,-2.597892867805525,-1.0817520987540052,1.3711194022187536,1.6909871592628947,2.898348969843557,0.2192477001908184,2.24060711624384,-2.6603210184400083,1.1007691281122582,1.3768539839298635,-0.11379257764867479
-0.35613387279243813,-0.16310176637200335,0.9659837356840333,-2.5978928677632553,-1.0817520989594964,1.371119401813412,1.6909871594464616,2.898348935940472,0.21924769054016657,2.240607149356716,-2.6603210174604834,1.1007691329012257,1.3768539740301398,-0.11379258195712971
-0.35606984592154234,-0.16294586475205097,0.9659091860515687,-2.5978894639700005,-1.08176929960388,1.3710976954610246,1.6909976833069416,2.8983473957193517,0.21955169825906218,2.2394917937746754,-2.660510559623618,1.1006270528556064,1.3771623629166028,-0.11365714077112887
-0.3560698267583646,-0.16294586004168465,0.9659091673828506,-2.5978894635036562,-1.0817693019082122,1.371097690925608,1.69099768536871,2.8983475500455604,0.21955174246685338,2.2394916430744516,-2.6605105641046336,1.1006270309326895,1.3771624082033265,-0.11365712105546866
-0.355957445957948,-0.16300779828501,0.9655686281902556,-2.5978936966489994,-1.0817872655350587,1.3710679587029757,1.6910077357727533,2.8983463047067577,0.21985930700524303,2.2383846839476895,-2.6607545726045663,1.1004846143517604,1.377470341153825,-0.11352348452600136
-0.3559573820944628,-0.16300778257964144,0.9655685659702131,-2.597893695092881,-1.0817872732190121,1.371067943586163,1.6910077426501826,2.8983462914175764,0.21985930319953706,2.23838469692458,-2.660754572218943,1.1004846162392994,1.3774703372544943,-0.11352348622317443
-0.35582523418162904,-0.16310657059162637,0.9653762557227283,-2.59789303997056,-1.0817970545813806,1.3710420783529589,1.6910177694733197,2.8983466469578048,0.2201601326120688,2.237397402801223,-2.66080058523168,1.100332763067315,1.3777775259263665,-0.11339116883050959
-0.35582533910398606,-0.16310659639176794,0.9653763579426924,-2.5978930425280673,-1.0817970419592555,1.371042103187718,1.6910177581764239,2.898346757917267,0.22016016439787833,2.2373972944496376,-2.660800588454007,1.1003327473046047,1.3777775584872431,-0.11339115465446792
-0.35572397203351613,-0.16304953154402302,0.9654486824577502,-2.597881536101557,-1.0818035229859158,1.3710228699197176,1.6910281174176895,2.898361449243012,0.2204614612312703,2.236488979922795,-2.6606312259266263,1.1001766232893821,1.3780871679419562,-0.11325787453123048
-0.3557239172897475,-0.16304951808606738,0.9654486291250199,-2.597881534766784,-1.0818035295699788,1.3710228569622194,1.6910281233120008,2.8983616499982006,0.22046151895099086,2.2364887838869745,-2.660631231774316,1.100176594686637,1.378087227018792,-0.11325784880457235
-0.3556387425914176,-0.16262153276576274,0.9655061016488631,-2.5980541907670327,-1.0818145121595704,1.3710018449893777,1.6910359515649156,2.898361226771655,0.2207370462819851,2.235599680756911,-2.660552854898108,1.100038222645927,1.3783702186079312,-0.11313113141175002
-0.3556021377581784,-0.16256202443544154,0.9655372641347748,-2.5979984530643954,-1.0818246694753695,1.3709906291639076,1.6910444173911388,2.8983592820582977,0.22096729502920098,2.2347497100012514,-2.660742581403724,1.0999330735887165,1.3785993091500215,-0.11303062438317468
-0.35560281609025335,-0.16256224957349197,0.9655379117469645,-2.59799847547414,-1.0818245573761076,1.3709908463098293,1.6910443184667736,2.898365552322435,0.220971055758012,2.234743773319911,-2.6607429296009233,1.09993131529846,1.378602672192975,-0.11302907455569589
-0.3554930152219935,-0.16258964855890312,0.9652397892918998,-2.598000047369475,-1.0818432486592706,1.3709622569548756,1.6910541325708999,2.8983654854968357,0.22128943140877144,2.2336132498313397,-2.6609914847683114,1.099784984169351,1.3789179618771366,-0.1128927414361165
-0.3554926725108931,-0.1625895058476461,0.9652394686653416,-2.59800003312888,-1.0818433204255347,1.370962119174166,1.6910541953893006,2.8983656948095664,0.22128949240161955,2.2336130454819845,-2.6609914909334753,1.0997849540007802,1.3789180241025951,-0.11289271430342751
-0.35535835717975406,-0.16270098568400826,0.9650258657448338,-2.5980002173349073,-1.0818537036401583,1.3709357119705698,1.6910639092837485,2.898365541908241,0.221603288610277,2.232590822530941,-2.661070797334493,1.0996288154155733,1.3792356654561173,-0.11275530963404012
-0.35535834262454546,-0.16270098211504358,0.9650258515619674,-2.5980002169822365,-1.0818537053867399,1.3709357085352272,1.6910639108474266,2.8983655044563434,0.22160327766740906,2.2325908590952643,-2.6610707962306965,1.099628820825612,1.3792356542999569,-0.112755314500534
-0.35525566587555435,-0.1626632096099252,0.9650590395274463,-2.597989545988363,-1.0818605230924883,1.3709159831436555,1.6910739358429145,2.8983807488659057,0.22191692051454392,2.2316615273287734,-2.6609106140688006,1.099467712182511,1.3795558488943485,-0.11261788533040296
-0.3552557091861752,-0.16266322022280555,0.9650590817258689,-2.5979895470403642,-1.0818605178999183,1.370915993363801,1.6910739311929417,2.8983808105833067,0.22191693861803774,2.231661467074124,-2.6609106158966513,1.099467703239097,1.379555867334659,-0.11261787728515582
-0.35516109195559853,-0.16223030042215747,0.9651047411689913,-2.5981577977281174,-1.0818715851485248,1.3708947645446417,1.6910825729626042,2.8983799544306184,0.22223227376815835,2.2306923623922614,-2.6607848157744245,1.0993075449514436,1.3798763296834506,-0.11247567259161428
-0.35512775624027615,-0.16208106368476916,0.965245157202852,-2.598116459345475,-1.081882540418638,1.3708832361143983,1.691091642263622,2.898367240638162,0.22248300003446086,2.229784807439408,-2.6609501289372295,1.099189142909796,1.380132866388947,-0.11236124447533413
-0.3551278716353048,-0.16208108700121748,0.9652452718193603,-2.5981164613519745,-1.081882530356757,1.3708832552604298,1.691091633342376,2.898367481509755,0.22248307068915896,2.229784572275115,-2.660950136071417,1.0991891080057465,1.380132938358277,-0.11236121307721092
-0.3550292550379117,-0.1620941967202505,0.9649507176539611,-2.5981200243218456,-1.0819010714453428,1.3708552937593605,1.6911015487880245,2.8983694811035488,0.22280589965984365,2.228631814769173,-2.6612126068797206,1.0990410583005827,1.380453603369057,-0.11222065684041294
-0.35502950554259183,-0.1620942618497665,0.9649509611787028,-2.598120030845066,-1.0819010392003259,1.3708553569203206,1.69110151991672,2.8983728208433686,0.22280799556223574,2.228628592695742,-2.661212800010401,1.0990401045182479,1.380455470673411,-0.11221979468031051
-0.3549060481500783,-0.16223779780695136,0.9646974557717973,-2.5981162419248602,-1.08191427750574,1.3708254612894413,1.691110871234288,2.898377825954922,0.2231302854117665,2.2275734721608593,-2.661328506192274,1.0988875785659555,1.3807764427861233,-0.11208252490815429
-0.3549060160589521,-0.16223778994424087,0.9646974245048687,-2.598116241145726,-1.0819142813526024,1.3708254537165585,1.6911108746781598,2.898377947538803,0.2231303212006548,2.227573353462457,-2.6613285098036656,1.0988875608955793,1.3807764792110024,-0.11208250901164707
-0.3547973944591778,-0.16222954765220265,0.9646705932532837,-2.598106267204005,-1.0819209520706892,1.370804460598385,1.6911205142618964,2.8984055054264157,0.22345977421459118,2.2266042538932638,-2.6612073476585505,1.0987211312115264,1.381110198859263,-0.11193915104543262
-0.35479738920841974,-0.162229546370094,0.9646705881373583,-2.598106267076685,-1.081920952696945,1.3708044593614161,1.6911205148231518,2.898405246928922,0.22345969653679099,2.2266045061775017,-2.6612073398476883,1.0987211694575283,1.3811101201822975,-0.1119391854484979
-0.3547069826607716,-0.1621213040578393,0.9647063671536635,-2.598437008359117,-1.081935082152028,1.370787855973619,1.6911294544914668,2.8984055869361818,0.22379145574392378,2.225614415946044,-2.661064639691628,1.0985533398797491,1.3814458506301852,-0.11179061951472402
-0.35470701557330653,-0.16212131208964564,0.9647063992279925,-2.5984370091560063,-1.0819350782230899,1.370787863712863,1.6911294509722463,2.898405602147445,0.22379146032956587,2.225614401101115,-2.661064640152259,1.0985533376215173,1.3814458552710525,-0.11179061748488106
-0.35463641915110244,-0.16179947635440772,0.9648650028258432,-2.5983948307109688,-1.0819423416988156,1.3707779479537132,1.691138760097875,2.898405067308106,0.22409407306955487,2.2246161685568673,-2.6611361145011045,1.0983265728714517,1.3817488472045927,-0.11165567447240132
-0.3545681897227624,-0.1618646672687909,0.9645792750920865,-2.598408963469603,-1.0819585425623703,1.370755461134891,1.6911456019528526,2.898399657748696,0.2243448984173364,2.2237353994631484,-2.661377861259976,1.098238238157057,1.381993890842411,-0.11154915829263246
-0.35456871186011085,-0.16186479448152546,0.96457978398732,-2.5984089760830527,-1.0819584803204823,1.3707555836848204,1.6911455462152536,2.8984060234585467,0.2243489630832931,2.223729199294393,-2.661378236721887,1.098236412931623,1.3819974942947688,-0.1115474768031568
-0.35443464413575043,-0.1619878776904473,0.9643018903031466,-2.5984111670622587,-1.0819710468623165,1.3707280910039197,1.6911547937370224,2.89840164334106,0.2246874324786594,2.2226209569010926,-2.661562147466116,1.0980738969605692,1.3823343829655466,-0.11140089003218279
-0.35443485686172593,-0.16198793116488996,0.9643021005584052,-2.5984111716022564,-1.0819710241913345,1.370728134113211,1.6911547735415402,2.8984056967530947,0.22468995600489183,2.222617012871911,-2.661562380061036,1.0980727577882643,1.382336635017123,-0.11139985066880342
-0.3543216490600134,-0.16199706795694802,0.9642503353536291,-2.598402015384104,-1.0819776113552697,1.3707072675473695,1.6911641251002019,2.898420052199418,0.22502819672004915,2.221620658151945,-2.661488743055588,1.0979034345363408,1.3826784364645484,-0.1112538334965576
-0.3543216825076012,-0.16199707610422376,0.9642503679527579,-2.598402016192709,-1.081977607367039,1.370707275400024,1.6911641215282525,2.898420125207883,0.22502821904347226,2.2216205869143444,-2.661488745293566,1.097903423571621,1.3826784589841399,-0.1112538236302365
-0.3542197992946061,-0.16190265596188702,0.9642808586369789,-2.5987886990760805,-1.0819904906233018,1.3706928197566972,1.6911729892898997,2.8984249661421853,0.2253718745828861,2.2206351205704067,-2.6613318531941808,1.097725676688241,1.3830233948403183,-0.11110137302841316
-0.35421973783226157,-0.1619026409933122,0.9642807987303321,-2.598788697590452,-1.0819904979457635,1.370692805331534,1.6911729958510198,2.898425102831842,0.2253719165230459,2.2206349872094506,-2.6613318573982454,1.0977256560939317,1.3830234371162504,-0.11110135450419367
-0.35412987487118297,-0.16140886755873307,0.9645346197907188,-2.598775647873803,-1.0819978002458868,1.3706756575184622,1.6911825571662957,2.898422988595536,0.22572121137528178,2.219525572634975,-2.6613483669001043,1.0975554130234206,1.383371456113471,-0.11094630740974765
-0.3540783383927266,-0.16141851399205986,0.9643215849195297,-2.598779579539372,-1.082013798994626,1.370656309524204,1.6911903259303824,2.8984191652142286,0.22600478460119788,2.218548645589431,-2.661578635927147,1.0974263893959675,1.3836501397072478,-0.1108230760480966
-0.35407851587155825,-0.16141855709701503,0.9643217579285501,-2.5987795838147125,-1.0820137779071617,1.3706563510621494,1.6911903070423162,2.898419402004542,0.22600485753720712,2.2185484145788283,-2.6615786432334056,1.0974263535990447,1.3836502131613901,-0.11082304384850339
-0.35396137160149177,-0.16150469150525737,0.9639795024254623,-2.598779880957918,-1.0820300533419962,1.3706281863527519,1.6911992023002531,2.89842174390407,0.22635906116615256,2.217393047338163,-2.661789753767256,1.0972621916308585,1.383997868137449,-0.1106729297915372
-0.35396159521674786,-0.16150474581611274,0.963979720409081,-2.598779886343795,-1.082030026771546,1.3706282386885524,1.6911991785007818,2.8984251025259447,0.2263612447152097,2.2173897555680284,-2.6617899535027663,1.0972612201567165,1.3839998051875106,-0.11067203652687674
-0.35384078348751036,-0.16155431217527205,0.9638544713948693,-2.5987727924279502,-1.0820386771317358,1.3706051140756417,1.6912081925233724,2.898430951773168,0.22671024677705276,2.2163631739747487,-2.661760160665204,1.097089959769134,1.3843484484097948,-0.1105224212653706
-0.3538410290507388,-0.16155437181732868,0.9638547107730613,-2.5987727983423756,-1.0820386479538149,1.3706051715478456,1.6912081663871348,2.8984348947961855,0.22671286186355388,2.2163593327620674,-2.661760400250256,1.0970887871412245,1.3843507646532585,-0.11052134967534677
-0.35375494519543427,-0.16147731065419535,0.9638257105565913,-2.598849923905073,-1.0820483619833348,1.3705921113776052,1.6912169381808493,2.8984253662847976,0.2270648958093604,2.214764152231453,-2.6618175795995453,1.0969331107093376,1.3847018978684957,-0.11036648407079586
-0.35375520692283846,-0.16147738776045806,0.9638259668521272,-2.5988499308315953,-1.0820483277168398,1.3705921775782173,1.6912169074089425,2.898429435206296,0.2270674578971219,2.2147602661274135,-2.6618178166077566,1.0969319251708782,1.3847041802610214,-0.11036542617703127
-0.3536616945373874,-0.1609471893944745,0.9641393169232071,-2.59883574239376,-1.0820529928855716,1.370575707822847,1.6912266036286252,2.8984345814696937,0.22742098718597514,2.213696221322497,-2.6617653947370754,1.0967561083306139,1.385057806870356,-0.11020702987962228
-0.3536617227270371,-0.16094719555988046,0.9641393454156475,-2.5988357428433457,-1.0820529905861611,1.3705757119351505,1.6912266015926893,2.8984348600573853,0.2274210739440603,2.2136959495529744,-2.6617654034135425,1.0967560658185658,1.3850578940291056,-0.11020699163431402
-0.3536049469812106,-0.16078616474968932,0.9641330792447338,-2.598831987224113,-1.0820684127940834,1.3705576260000978,1.6912364054218783,2.898428986103875,0.22777760103698164,2.212517872028343,-2.6619609791757055,1.096588831395282,1.3854124279155355,-0.11004957488942146
-0.3536056798684122,-0.16078640999412208,0.964133780220072,-2.598832011981709,-1.0820682900767888,1.3705578660852478,1.6912362960027152,2.898434076980452,0.227780929210061,2.2125129616820587,-2.6619612774107706,1.0965873509597825,1.3854153355979753,-0.11004824701829818
-0.35349489294527014,-0.16085446343587417,0.9638295757597408,-2.5988360427156394,-1.0820843535834554,1.3705305465237672,1.6912453855160505,2.898434556270402,0.2281411867845744,2.211327289771482,-2.66220651195555,1.0964206846817515,1.3857709525492288,-0.10989276557383221
-0.3534951924738925,-0.16085456280701038,0.9638298654502488,-2.5988360522079046,-1.0820843067049855,1.3705306377080815,1.691245343410749,2.8984385243524144,0.22814378481466413,2.2113235117079313,-2.66220675119588,1.096419485119311,1.38577325156914,-0.10989169737619164
-0.353368473760467,-0.16092428730117891,0.9636722445539281,-2.5988308849743627,-1.082094178969153,1.3705063811555194,1.6912540690765092,2.898445400732225,0.22850416335209012,2.2102573256264506,-2.6622423524369205,1.0962461290420293,1.3861311124145486,-0.10973838566637806
-0.35336959632164344,-0.16092455675783057,0.963673340335264,-2.5988309115073656,-1.0820940480044396,1.3705066387104763,1.6912539517848288,2.898457543409716,0.22851233947152316,2.2102455514680557,-2.662243101424887,1.096242441839136,1.3861383350917889,-0.10973503520999905
-0.35326996286800494,-0.16087026886676714,0.963805501283467,-2.5988203804535854,-1.08209858348616,1.3704911126259907,1.6912633730869193,2.898464684469941,0.22887242166391353,2.209248209465546,-2.662079649833145,1.0960614986145778,1.3865008232262834,-0.1095779315023746
-0.3532700224794283,-0.16087028428980243,0.9638055587071541,-2.598820382177488,-1.0820985749524987,1.3704911292673483,1.6912633654370923,2.89846460234301,0.22887239555546124,2.2092482895662364,-2.6620796472306996,1.0960615113690864,1.3865007971195151,-0.10957794297821
-0.3531879655253043,-0.16054683531980096,0.9638711191229961,-2.599187987975248,-1.0821140114492889,1.3704707443758757,1.691271651671034,2.898463909961418,0.2292431971051263,2.208180265054306,-2.661982747719647,1.0958758602047656,1.386870003600591,-0.10941279580893948
-0.3531879840182981,-0.16054683979061046,0.9638711371527231,-2.599187988420069,-1.082114009262369,1.370470748686695,1.6912716497114335,2.898463815002348,0.22924316680566204,2.208180357660364,-2.6619827447008144,1.0958758750029887,1.3868699733289764,-0.10941280912070805
-0.35313118763048834,-0.16037128152536173,0.9639248863465211,-2.599183823424684,-1.082125509226144,1.370455607995714,1.6912813295532838,2.8984581642763896,0.2296187371211902,2.2069660163208145,-2.662153064542676,1.0957005192656553,1.3872398052036816,-0.10924844781263765
-0.35313116788557153,-0.16037127675192941,0.9639248670968028,-2.599183822951194,-1.0821255115614847,1.3704556033933883,1.6912813316454303,2.8984580107472677,0.22961868813442354,2.2069661660456337,-2.6621530596627396,1.095700543189988,1.3872397562611996,-0.1092484693351059
-0.35303165869355,-0.16040614494151662,0.963616591715792,-2.599185903148209,-1.0821431621166488,1.370429173326725,1.6912899741794156,2.898461537282035,0.23000148273216947,2.2057358692812485,-2.6624130099517282,1.095525540129592,1.3876113936833976,-0.10908546942769792
-0.35292373371833907,-0.16050290424057412,0.9634477666647028,-2.599181723982031,-1.0821508205451904,1.3704084632445168,1.6912966251930381,2.8984645579704598,0.23030317345436835,2.20485587428181,-2.662463613417546,1.0953818128082107,1.3879083322689487,-0.10895771453000336
-0.35292466608249473,-0.1605031384795117,0.9634486761067462,-2.599181746836996,-1.0821507077929162,1.3704086847797008,1.6912965241231057,2.8984732037107257,0.23030912869654152,2.204847458338028,-2.662464157440014,1.0953791445694625,1.387913577716982,-0.10895527925635218
-0.3528220971388478,-0.1605081266941566,0.963457183619437,-2.5991754456338283,-1.082154421097337,1.370391284438413,1.6913056637659687,2.898458118853757,0.23068590294875246,2.2032674363464153,-2.662547049354732,1.0951754738191326,1.3882890951527251,-0.10878823318567576
-0.35282217515099745,-0.1605081396385577,0.9634572617356882,-2.599175446718274,-1.0821544155692195,1.3703912946900774,1.6913056589092808,2.8984581268364984,0.23068590552985224,2.2032674285630875,-2.662547049612318,1.095175472562012,1.388289097723593,-0.10878823205342503
-0.35272770066392045,-0.16030286211246647,0.9635465711331372,-2.5995712186929976,-1.082168916479545,1.3703759600677872,1.6913137153779774,2.8984790696112164,0.23106496973569612,2.202218171117078,-2.6623933179983634,1.0949847344216739,1.3886656824324426,-0.1086207387844711
-0.35272779198555515,-0.16030288411622795,0.9635466601837104,-2.5995712208769035,-1.0821689057122938,1.3703759812898086,1.6913137057318344,2.898479110232717,0.23106498285966914,2.202218131507184,-2.662393319303124,1.094984728023384,1.3886656955071857,-0.10862073302707032
-0.35265400713985695,-0.15995366900851327,0.9637146037256663,-2.5995627324330575,-1.0821772279425352,1.3703656148698098,1.6913229031894872,2.898479036606295,0.2314492779444235,2.2010534260102297,-2.6624458606657915,1.0947157201327524,1.389045116706928,-0.10845103193530381
-0.35265424676589685,-0.15995372668952168,0.9637148374228346,-2.599562738157033,-1.082177199726396,1.370365670498387,1.6913228778999865,2.8984790669249545,0.2314492877722989,2.2010533964483265,-2.662445861642729,1.0947157153441882,1.3890451264905117,-0.10845102762517378
-0.35257468121290536,-0.15992633250554444,0.9634621194153166,-2.5995650814512317,-1.0821955591745112,1.370341422676498,1.6913316573074146,2.898479807779742,0.2318435681905715,2.1997993465258663,-2.662696882066776,1.0945349538003022,1.3894272570153223,-0.108282081845676
-0.3524699259065045,-0.1600527003282579,0.9632169254695802,-2.599567147285555,-1.082203762576524,1.3703202697592696,1.691338414764111,2.898476785382165,0.2321531586443717,2.1988657437420684,-2.66283678533323,1.094389642221934,1.3897324937470374,-0.10814887286642261
-0.35246992195264326,-0.16005269938027666,0.9632169216140332,-2.599567147191447,-1.082203763040407,1.3703202688428133,1.6913384151802289,2.8984765591228125,0.23215308495784281,2.1988659643512065,-2.6628367780154285,1.0943896781065767,1.3897324204655428,-0.10814890515334685
-0.35236136205363433,-0.16010595419509244,0.9631473278548413,-2.599562417828351,-1.0822073558167973,1.3703018744039355,1.6913472013262694,2.8984762835629887,0.23253284546832909,2.1977916041636956,-2.662815842687525,1.094198376787431,1.39011356132211,-0.10798275008804303
-0.3523621267742625,-0.160106189724889,0.9631480662719731,-2.59956244114729,-1.0822072409025876,1.3703021001838174,1.6913470981544516,2.8984850864780363,0.23253881013145694,2.1977832190103523,-2.6628163960045197,1.0941956234587709,1.39011880204421,-0.10798026963545038
-0.35228454927290453,-0.1600712909640798,0.9631532689473383,-2.599854026576396,-1.0822181009368692,1.3702888092187244,1.69135518185018,2.8985060724034284,0.232931107980189,2.196745360751752,-2.6626252393890653,1.0939986020694379,1.390507539204691,-0.10780790805075213
-0.35228459354310626,-0.1600713015938382,0.9631533121262068,-2.5998540276306374,-1.0822180957371867,1.370288819470015,1.6913551771885436,2.898506098199192,0.23293111651499032,2.196745335605538,-2.662625240235492,1.0939985979212947,1.3905075476628568,-0.10780790431746112
-0.3522022372160416,-0.159555194291638,0.9634260082203898,-2.5998409349992095,-1.082223237033566,1.3702737598123074,1.6913639568617058,2.898497845679298,0.233329605482262,2.19558446482381,-2.662607897513556,1.0938042970183357,1.3908997377805372,-0.10763224914680247
-0.3522019447609823,-0.15955512404136662,0.9634257229876884,-2.5998409280271018,-1.0822232714042759,1.3702736920428409,1.6913639876677928,2.8984978036332656,0.23332959157479127,2.1955845058124837,-2.6626078961353308,1.093804303778187,1.3908997239959833,-0.10763225522988673
-0.35214676382609156,-0.15943815610733747,0.9633113342962139,-2.5998406779797376,-1.082240213373575,1.3702535628884265,1.691372869740225,2.898490360450319,0.23372724014843627,2.1943229264318553,-2.662840065829057,1.0936201890199948,1.391292217715601,-0.10745692035329579
-0.3521467711063728,-0.15943815785739712,0.9633113413974455,-2.599840678154231,-1.0822402125165436,1.3702535645761822,1.6913728689730343,2.89849049155003,0.2337272835210804,2.194322798630278,-2.6628400701275425,1.0936201679394033,1.391292260700257,-0.10745690137937114
-0.3520392594698176,-0.15953516513252985,0.9629623959079874,-2.59984538966887,-1.0822558978217924,1.3702265013489274,1.6913812035765412,2.8984965478280174,0.23413281310678435,2.193075818708923,-2.6630878812336682,1.093433298937608,1.3916867784628373,-0.10728281284854546
-0.35203924822485355,-0.15953516242948318,0.9629623849391971,-2.5998453894006905,-1.0822558991437026,1.3702264987435075,1.6913812047624597,2.8984965636456295,0.2341328183599618,2.193075803290494,-2.663087881753727,1.0934332963851112,1.3916867836642126,-0.10728281055095135
-0.3519205979653037,-0.15960334142878185,0.9628140469971802,-2.599839145674032,-1.082264149022012,1.3702040236465312,1.6913892798014167,2.8985077680404743,0.23453817577244518,2.191951657985401,-2.6631135261992647,1.0932388802907145,1.392083506395167,-0.10711051001318861
-0.35192077725325177,-0.15960338433617682,0.9628142218955835,-2.599839149930863,-1.0822641280364338,1.3702040650337821,1.6913892609856207,2.89850781936304,0.2345381928830923,2.191951607964919,-2.663113527893633,1.093238871979679,1.3920835233252475,-0.10711050253490129
-0.3518392013197751,-0.15954333038555735,0.9629598107305792,-2.599829114356952,-1.0822679733382978,1.3701916766333442,1.6913972315363188,2.89850600655463,0.2349024949703793,2.190339154361073,-2.663183582273152,1.0930835984957215,1.3924405987832618,-0.10695280589045097
-0.3518394006255985,-0.15954337807951013,0.9629600051555709,-2.599829119088544,-1.0822679500119818,1.3701917226408913,1.6913972106221133,2.8985062926911347,0.23490259036180028,2.1903388754810855,-2.6631835917150557,1.0930835521593467,1.3924406931677904,-0.10695276419864896
-0.35177215413106033,-0.15905110951225776,0.9632354248161263,-2.5998157814539082,-1.0822686918272875,1.370181603481365,1.6914042488544183,2.898517239414433,0.2352411068396849,2.1895113812123412,-2.6631089190426076,1.092909273956134,1.3927748397047273,-0.10680184953740834
-0.3517474537307175,-0.15902139483189615,0.9631985012005124,-2.599817395101816,-1.082281349625665,1.3701699292034144,1.6914113695864303,2.898521315193772,0.23555588628855517,2.188520977195214,-2.6632591993446777,1.092702773162193,1.3930815175858102,-0.10666517745068305
-0.3517479194736852,-0.159021553926741,0.9631989472514846,-2.599817411267115,-1.0822812698634574,1.3701700860430712,1.6914112980789144,2.8985254904649373,0.23555899430084182,2.188516990070408,-2.6632594840079005,1.0927013504881486,1.393084232545644,-0.10666390174659313
-0.35165659439179464,-0.15905297359078574,0.9628923943652845,-2.5998196595532233,-1.0822983313423764,1.3701452045107079,1.6914193452963753,2.89852194017492,0.23598171810803859,2.1872367144842144,-2.6635137002630653,1.0925075094640002,1.3934918306543134,-0.10648453785447387
-0.3516571230894776,-0.15905311411806533,0.9628929097380636,-2.599819673125244,-1.082298264450423,1.3701453355041178,1.691419285198775,2.8985276067458763,0.23598572818672547,2.1872312485033234,-2.6635140579661964,1.0925057308323725,1.3934953009704012,-0.10648294211334886
-0.35153697963831476,-0.15916593982844596,0.9626890747673302,-2.5998203707720804,-1.0823068927328543,1.3701227025122593,1.6914273156134128,2.8985237741566046,0.23640419189430162,2.1860504782010146,-2.663628660931811,1.0923030456953793,1.393905360323461,-0.106302621144855
-0.3515371162450478,-0.15916597240895847,0.9626892080421685,-2.599820374004191,-1.0823068767937642,1.3701227339496382,1.6914273013251302,2.898527216457598,0.23640668215801597,2.1860472279650587,-2.663628891410948,1.0923018830826674,1.3939075444569324,-0.10630158802080292
-0.3514425100444729,-0.15916715640568313,0.9627261195329098,-2.5998139381233845,-1.0823100213845858,1.370107083876511,1.6914358125919358,2.8985212732480576,0.236826121896903,2.1844236887189385,-2.6637120609198597,1.092091215623654,1.394322179607034,-0.1061184760784517
-0.3514426876894934,-0.15916719877358787,0.962726292843989,-2.599813942327709,-1.0823100006581834,1.3701071247593886,1.691435794011234,2.898525014984777,0.23682886710477913,2.1844200513705037,-2.663712314472077,1.0920899835822961,1.3943245640348891,-0.10611733386377686
-0.3513566339568781,-0.15893604701786934,0.9628230912118756,-2.600192899536125,-1.0823240037559754,1.3700922977959333,1.6914431946588624,2.898543321326356,0.23725243723315703,2.1833062219174977,-2.6635663914721617,1.0918789617066302,1.3947400399168002,-0.10593144236161489
-0.3513566811213833,-0.15893605322242088,0.9628231390732669,-2.6001928999069737,-1.082324001807554,1.3700923011692057,1.6914431929813758,2.898543750368175,0.237252584426213,2.183305803878966,-2.663566405983862,1.0918788904667878,1.3947401846550838,-0.10593137824703458
-0.3513061971732707,-0.15862652111571318,0.9629687477671371,-2.60018506065439,-1.0823340742343612,1.3700838726373181,1.6914520342959958,2.8985292679247525,0.23767564936499763,2.1820587139119976,-2.6636820696657644,1.0916735871721546,1.395156806551757,-0.1057432340604878
-0.3513067536571217,-0.15862670657248223,0.9629692749215497,-2.6001850794368147,-1.0823339792511195,1.3700840541693946,1.6914519514681845,2.8985336041995087,0.23767907299038082,2.1820544865957725,-2.663682380591566,1.0916720617928277,1.3951597790198136,-0.10574183765989442
-0.3512275161349425,-0.15861917646325452,0.9627146325654268,-2.600188846628476,-1.0823506890152443,1.3700608117317845,1.6914601077047755,2.8985361691108444,0.23811248116164485,2.18073625352206,-2.6639637821230684,1.0914739542843073,1.3955785619893986,-0.10555591630968753
-0.351227453585393,-0.15861916158217237,0.9627145715311984,-2.6001888451520685,-1.082350696292,1.3700607973727523,1.6914601142308405,2.898536252142595,0.23811250977645493,2.180736172619742,-2.663963784942447,1.091473940443958,1.3955785901010982,-0.10555590385194957
-0.35110570099975646,-0.15874588894979613,0.9624522334418222,-2.6001910587336994,-1.0823611777307538,1.37003677308158,1.6914678864623136,2.898534450040751,0.23854401013178705,2.1795000703904126,-2.6641534272443144,1.0912690059096262,1.3959976489093222,-0.10537092647692337
-0.35110639455290027,-0.1587460653472199,0.9624529096956627,-2.6001910759580467,-1.082361092822819,1.3700369400329908,1.6914678102857592,2.898545065029994,0.23855181016344407,2.179489840095494,-2.6641541353356475,1.0912654951745173,1.3960044242845946,-0.10536775382275732
-0.3510058405284049,-0.15875376322593393,0.9624229960261319,-2.600182145024149,-1.0823660815216685,1.3700193620798915,1.6914757055473384,2.8985561512948053,0.23898280701438246,2.1783674750196553,-2.664085994801578,1.091054230757024,1.3964279408260012,-0.10518356265860973
-0.35100604052903606,-0.15875381077952877,0.9624231911822507,-2.6001821497453763,-1.0823660582642605,1.370019407975211,1.6914756846915968,2.898560649431829,0.23898619685915,2.178363249608232,-2.6640863058266415,1.091052653543283,1.3964308907861316,-0.10518216937654046
-0.3509158865408697,-0.15866363588516919,0.9624681586098376,-2.600598592564677,-1.0823775584467121,1.3700068026292778,1.6914831999999937,2.898554216032238,0.23942016700904212,2.1772537603571394,-2.6639286940925793,1.0908320582525572,1.3968587330848292,-0.10498972180068389
-0.35091591418909296,-0.15866363826167973,0.9624681875441254,-2.6005985924923176,-1.0823775586863924,1.3700068016417282,1.6914832002736402,2.8985541989407224,0.2394201610384119,2.177253777006314,-2.66392869350505,1.0908320611362257,1.3968587272357587,-0.10498972439613308
-0.35084377148500057,-0.15824549730408677,0.9627050948232911,-2.6005857387425007,-1.0823841365130429,1.369993231272029,1.6914912232068828,2.898551181192982,0.23986054580679905,2.1760014441709252,-2.663992631465933,1.090618185103959,1.397288207192024,-0.10479642047140647
-0.35084364205401375,-0.15824546685604002,0.9627049687937257,-2.6005857356914803,-1.082384151499887,1.3699932014860536,1.691491236664231,2.8985513046404314,0.2398605889368035,2.1760013239152123,-2.663992635706242,1.0906181642735975,1.3972882494397227,-0.10479640172423199
-0.35078083530922655,-0.1581765093460703,0.9625353937638002,-2.600587779689982,-1.0824001256226405,1.3699728623990648,1.6914994366086256,2.8985528007846373,0.2403070849646518,2.1746706699252893,-2.6642447315018973,1.0904133797650175,1.3977182374795056,-0.10460423590923629
-0.35078124227402796,-0.1581766145857637,0.9625357824101526,-2.600587790176464,-1.0824000713180575,1.3699729637342193,1.6914993905402325,2.898557158966158,0.24031057800277722,2.17466647595389,-2.6642450490707064,1.090411803342068,1.397721257785978,-0.10460280980738634
-0.35066968079166916,-0.1582749501871028,0.9622170791212108,-2.600587960864818,-1.0824141962918645,1.3699476936029855,1.6915068161709979,2.8985593005717973,0.24076005460676786,2.17338114603451,-2.664471361133124,1.0902052176049075,1.3981520668772252,-0.10441356004471292
-0.3506702130690522,-0.15827507671862318,0.9622175985501729,-2.600587973426126,-1.0824141344147264,1.3699478157428704,1.6915067606639962,2.898564398161426,0.24076392076950714,2.1733761672590166,-2.6644717130965567,1.0902034920522787,1.3981554353519616,-0.10441197959484239
-0.3505613719612617,-0.15835379169088437,0.9621173590888841,-2.600584839307521,-1.0824181967893924,1.3699295179028352,1.6915146120637812,2.8985611008547494,0.2412060161131011,2.1722105004553,-2.664485949542491,1.089985375616978,1.3985888697620377,-0.10422039482559686
-0.35056127266437453,-0.15835376808613066,0.9621172621899046,-2.6005848369641793,-1.0824182083317049,1.3699294951173124,1.6915146224190667,2.89856122965287,0.24120606152738677,2.1722103749918347,-2.6644859540029073,1.0899853537106452,1.398588914162926,-0.10422037510491666
-0.35049118592796,-0.15838982574801896,0.962096396957115,-2.6008062261324154,-1.082427286444644,1.36991729193727,1.691522068337405,2.898553536876978,0.24165476257957064,2.170449268598997,-2.6645631354424886,1.0897619169321402,1.3990267069759987,-0.10402337117588534
-0.3504912010571344,-0.15838982934481916,0.9620964117204522,-2.6008062264891962,-1.0824272846864456,1.3699172954100272,1.6915220667588549,2.8985533879207814,0.24165471005979366,2.1704494136993553,-2.664563130284945,1.0897619422674438,1.399026655627555,-0.10402339398096938
-0.35040851767443826,-0.15785301841822363,0.9624251936066361,-2.6007922319276986,-1.0824295514179578,1.3699049473367237,1.6915302422552583,2.8985640884343304,0.24210438834354964,2.1692460294556746,-2.664527077250731,1.0895382739242585,1.3994622814874091,-0.10382561556317604
-0.350391780469157,-0.15786113266975388,0.9622956079482377,-2.600793949971932,-1.0824438369367302,1.3698929308828776,1.6915361577707513,2.8985619790417694,0.24241940203146495,2.168302228682016,-2.6647272117267606,1.08939528515657,1.3997678092561099,-0.10368898656643744
-0.3503936075756089,-0.15786161622162798,0.9622973853687027,-2.600793997636022,-1.0824436020136803,1.3698933932115587,1.6915359469840987,2.898586741700317,0.24243833142182591,2.1682785082983145,-2.6647289429876166,1.0893866480371237,1.3997842708031616,-0.10368121663988639
-0.3502990068395677,-0.15793995936627514,0.9619610630430664,-2.600798698656904,-1.082458664032358,1.3698686641564422,1.6915435363243478,2.898590873213225,0.24290259978160123,2.1669421420444266,-2.664999787291791,1.0891737098275929,1.4002303981284436,-0.10348309588837434
-0.3502988807101355,-0.15793992946597868,0.9619609399487636,-2.6007986956883045,-1.0824586786574848,1.369868635285341,1.6915435494426254,2.898590752381006,0.24290255601628985,2.166942259710005,-2.664999783008782,1.0891737308799438,1.400230355572476,-0.103483114842704
-0.35018248629649307,-0.15805326935533337,0.9617886574634023,-2.6007980421314203,-1.0824648701701634,1.3698482424532283,1.6915509666391393,2.8985951070484326,0.24337591504688216,2.1656999740100407,-2.6651018564890805,1.0889453722580322,1.4006888531253852,-0.10327997209539586
-0.3501825733633872,-0.15805328999420176,0.9617887424356555,-2.600798044180288,-1.0824648600744986,1.3698482623820079,1.6915509575831789,2.8985950231178883,0.24337588451692138,2.1657000557347903,-2.6651018535024273,1.0889453869390069,1.4006888234636294,-0.10327998531081928
-0.3500909364562945,-0.15801963593957957,0.961888969277017,-2.6007871168034287,-1.0824689488872377,1.3698338438524198,1.6915586821736408,2.8986069149123352,0.24384714141374442,2.1645497059158423,-2.664965068209998,1.088712982662293,1.4011477193605213,-0.10307792828006423
-0.3500908094077504,-0.1580196058130987,0.9618888452799057,-2.600787113812654,-1.0824689636199412,1.3698338147640792,1.6915586953922594,2.89860685567713,0.2438471198631076,2.164549763594568,-2.6649650661014923,1.0887129930245782,1.4011476984242979,-0.10307793760913508
-0.3500341284991251,-0.15764190276612933,0.9619398832018655,-2.6010166452341537,-1.082478891117956,1.3698152957291878,1.6915639418948576,2.898614582857155,0.24427880732331442,2.1634725341581884,-2.664860051668067,1.0885013635134424,1.401565359984252,-0.10288896323531471
-0.3500206784785753,-0.15752941896555672,0.9620706046282637,-2.600941273159455,-1.0824870402257827,1.3698097916534229,1.691570758678886,2.898602314533381,0.24462610458355805,2.1624763117200168,-2.6650203460005875,1.08833922511446,1.4019038967829278,-0.10273591475327137
-0.3500209663516536,-0.15752948722583238,0.9620708855846241,-2.6009412799380938,-1.0824870068437744,1.3698098575648823,1.6915707287291224,2.898607304743873,0.2446300780772166,2.162471576654827,-2.6650207092239557,1.0883373995487453,1.4019073318427484,-0.10273428358661185
-0.34994333107693176,-0.1575474062901101,0.9617833101473705,-2.6009457816091466,-1.0825033375247974,1.3697868290020176,1.6915782575283962,2.898607695855091,0.24511794899555372,2.1610871867232717,-2.665304318380136,1.088114802758259,1.4023728973392213,-0.10252603508719105
-0.3499432822604076,-0.15754739471326662,0.9617832625047518,-2.6009457804587797,-1.08250334318567,1.3697868178236003,1.6915782626088829,2.8986076639997904,0.24511793729018994,2.161087217737297,-2.6653043172367235,1.0881148083808814,1.4023728859913316,-0.10252604014779365
-0.34984647312063455,-0.15772690866508743,0.9615499246680006,-2.600944384487091,-1.082514580107786,1.3697616111224988,1.6915856277176933,2.898611532207372,0.2456071343377717,2.1597915061347415,-2.6654736934515384,1.087888610597993,1.4028396587896328,-0.10232015913895687
-0.349846677721362,-0.15772695717896656,0.9615501243528097,-2.600944389304177,-1.082514556381665,1.369761657966201,1.6915856064309107,2.898611492954476,0.24560711991420892,2.159791544350295,-2.6654736920439794,1.087888617526163,1.4028396448072744,-0.10232016537600686
-0.34975133913509193,-0.1577336658196673,0.9615292717013428,-2.600934633395052,-1.0825181612774788,1.369745360563135,1.6915929654448592,2.8986204882293194,0.2460926039171909,2.158606781773832,-2.665405715933452,1.0876530812067173,1.4033086778693225,-0.10211332845508903
-0.3497512938896987,-0.1577336551207722,0.9615292275379996,-2.600934632332009,-1.082518166508375,1.369745350235009,1.6915929701382004,2.898620587216925,0.2460926404158883,2.158606685403262,-2.6654057194970426,1.0876530636843071,1.4033087132290056,-0.10211331267905255
-0.3496741337004572,-0.15766310708841846,0.9615558593732283,-2.601297203751425,-1.0825285224249224,1.369733789711331,1.691599871657576,2.8986191270423483,0.24657910423219764,2.1574237884971286,-2.665261106637718,1.08740910213655,1.4037814409343587,-0.10189947709104885
-0.3496741517020858,-0.15766311134588396,0.9615558769430672,-2.601297204175508,-1.082528520343689,1.369733793822534,1.6915998697898638,2.8986192666653885,0.24657915596084923,2.157423652561798,-2.665261111685602,1.087409077316905,1.403781491001971,-0.10189945474425244
-0.3496102722020389,-0.1572461575401558,0.9617975907077447,-2.601285624007807,-1.0825345317748836,1.3697224445280574,1.691607216828979,2.8986290500118734,0.2470797562853626,2.156110046410653,-2.6653168406684435,1.087165723579326,1.4042650924587825,-0.10167927706259405
-0.3496103281776932,-0.15724617074585456,0.9617976453518136,-2.601285625319108,-1.082534525316761,1.3697224572816458,1.6916072110344236,2.898628959235989,0.24707972220852525,2.156110134762386,-2.66531683734763,1.0871657399150267,1.4042650595615953,-0.10167929176694912
-0.3495617377421736,-0.15721585112340453,0.9616030580154531,-2.6012888531548546,-1.082550185110895,1.3697047484289468,1.6916139278015012,2.898645424871283,0.2475481252605487,2.154834584759076,-2.6655476897529056,1.0869517630735217,1.4047075960207414,-0.1014806135737869
-0.3494787654537834,-0.1573157599275934,0.9613342174876216,-2.6012887111704828,-1.0825591654927722,1.3696867212447694,1.6916186170575558,2.898644274499171,0.24792471237089764,2.1538529675376417,-2.66569994178431,1.0867778294892299,1.405065172540814,-0.10132307359601889
-0.3494793103329332,-0.15731587776033606,0.9613347521281383,-2.601288722630459,-1.0825591089836695,1.3696868324036275,1.6916185663830983,2.898655081470368,0.2479336409495314,2.1538426439173826,-2.6657007575895424,1.0867737444537537,1.4050728798913266,-0.10131940415515928
-0.34937740250480864,-0.15739589487158145,0.9612286981524907,-2.6012864271950393,-1.0825631562826845,1.3696699018110081,1.6916256634486322,2.8986509676341683,0.2484440201172884,2.1525899444797147,-2.6657395584806594,1.0865250716040613,1.4055657191480329,-0.1010999730724862
-0.349377353873491,-0.15739588349142863,0.9612286509203525,-2.6012864260441617,-1.0825631618962932,1.3696698905676028,1.691625668505469,2.8986564142725584,0.2484484644110072,2.1525848323291257,-2.6657399659014662,1.0865230030290363,1.405569550425657,-0.10109814203280187
-0.34929695345635636,-0.15745735719920795,0.9612103178790141,-2.6015454321770455,-1.08257142663704,1.3696597183830503,1.6916322273004751,2.898645292016914,0.24897018636836243,2.1507384001465084,-2.6658306565550975,1.086250056431588,1.4060693539837557,-0.10087140044886134
-0.34929698037010226,-0.15745736354438034,0.9612103441537299,-2.6015454328086958,-1.0825714235345694,1.3696597245126414,1.691632224516054,2.8986453291310834,0.24897020061866648,2.1507383640352984,-2.6658306579397437,1.086250049615062,1.406069367679918,-0.10087139431145076
-0.34921909982102584,-0.15693637827252171,0.9615473739532039,-2.60153114133042,-1.0825714364670262,1.3696499560204973,1.6916396334699395,2.8986651954527893,0.2495010041373451,2.149438806366982,-2.6658022599385256,1.0859896456207734,1.4065749377909311,-0.10064061955955772
-0.34921904655069547,-0.15693636574254555,0.9615473219429287,-2.6015311400855685,-1.0825714425939426,1.3696499439160146,1.6916396389669295,2.898665273730341,0.24950103433692838,2.1494387302087095,-2.665802262871972,1.085989631179431,1.406574966791534,-0.10064060655946783
-0.34918241095732583,-0.15679389914652386,0.9615054082438634,-2.601529150817478,-1.0825844153036455,1.369635458761242,1.6916471222838223,2.898662299885064,0.2500347005325896,2.148016304784509,-2.6660013351211855,1.08574331030401,1.407081435823991,-0.10041232363758201
-0.3491022509743127,-0.15690360329498443,0.9611685279109903,-2.6015352152940174,-1.082597037662278,1.3696145921152159,1.6916524846073777,2.8986625692878683,0.25040923247123814,2.1470203346871823,-2.6662191418053895,1.0855726624958288,1.4074356868506612,-0.10025367782957151
-0.34910333445391206,-0.15690386309780457,0.9611695875375421,-2.601535240521919,-1.0825969133304976,1.369614836752807,1.6916523730278117,2.8986774175959376,0.2504220168572999,2.1470060254139707,-2.666220306797408,1.08556686871838,1.4074466797814438,-0.10024842950076884
-0.3489970560715552,-0.1570230518672986,0.9609657977155956,-2.6015348680581707,-1.0826028259462928,1.3695953704904031,1.691659147377825,2.8986761026066503,0.2509579922949472,2.1456837397832285,-2.6663382062020173,1.085310328505555,1.4079585832992523,-0.1000196570227585
-0.3489970527478352,-0.15702305108318004,0.9609657944718188,-2.601534867978685,-1.0826028263291754,1.3695953697328793,1.6916591477213574,2.8986761893254,0.2509580261952822,2.1456836554212924,-2.6663382094900223,1.0853103123152223,1.4079586157725972,-0.10001964244517136
-0.34890996969940424,-0.15699870546756234,0.9610102279927739,-2.601524397244979,-1.0826055535921415,1.369582736881167,1.69166608791746,2.8986694935442134,0.25150110792851876,2.143840540529766,-2.6664362698656245,1.08502811718071,1.408473490712451,-0.09979196491726672
-0.3489098213185553,-0.15699867055936068,0.961010083121935,-2.6015243937767707,-1.0826055706616966,1.3695827031473389,1.6916661032406952,2.8986693131444117,0.2515010374098594,2.1438407160282793,-2.6664362630262075,1.0850281508605173,1.408473423159192,-0.09979199524037785
-0.3488524982734873,-0.15670212449555443,0.9610804797296177,-2.601846779575074,-1.0826175173131225,1.3695669673926538,1.6916721407335422,2.8986880400123347,0.25204118125242037,2.142586427132816,-2.6663126606618825,1.084764985071697,1.4089903743036727,-0.09955790790623276
-0.3488525184632465,-0.1567021292332864,0.961080499445143,-2.601846780044681,-1.0826175149973127,1.3695669719700811,1.691672138653915,2.8986879121622486,0.2520411312734767,2.1425865515087814,-2.6663126558140124,1.0847650089417282,1.4089903264278538,-0.09955792939729058
-0.34882653908806116,-0.1564706247568397,0.9612751788750202,-2.601839013046816,-1.0826258321345779,1.369559044893247,1.6916798628305987,2.8986841099236234,0.25258572236508314,2.141194079352541,-2.666439188385546,1.0845082463117528,1.4095128318803765,-0.0993204308499136
-0.34882656300186365,-0.15647063036515618,0.9612752022258348,-2.6018390136040814,-1.0826258293938533,1.369559050311409,1.6916798603693244,2.8986841089136295,0.2525857219663763,2.141194080334845,-2.6664391883468435,1.0845082465018638,1.409512831499959,-0.09932043102198929
-0.3487564429861356,-0.15650184732904915,0.9610091831983194,-2.601843810693555,-1.0826399262376794,1.3695390871727584,1.691685923190628,2.8986903319730217,0.2530901462387858,2.139865210653884,-2.6667200391579224,1.0842792931840028,1.4099874305394282,-0.09910674559150046
-0.3486912927363619,-0.1567000845332398,0.9608382939447422,-2.6018422502129233,-1.0826473984664555,1.3695218595259737,1.6916910563704919,2.8986941228422616,0.2534970601974047,2.1388854991909714,-2.66681692677047,1.0840906309640133,1.4103713487329506,-0.09893658895583535
-0.34869436629405115,-0.15670083670285972,0.9608412889721967,-2.6018423243155007,-1.0826470318320305,1.3695225786230036,1.6916907289224539,2.8987389991402317,0.25353755304685155,2.138842353706133,-2.6668206034087047,1.0840722982955757,1.4104059236484892,-0.09892001074068801
-0.3486070384683808,-0.15671461533041775,0.9608099366733658,-2.601833013969326,-1.0826499443583848,1.3695078399535605,1.6916972120810816,2.8987441332857635,0.25410960626879486,2.1375593423358126,-2.6667661418753186,1.0837975629339143,1.4109492562875259,-0.0986776907916651
-0.34860695321317525,-0.1567145950946438,0.9608098537204288,-2.601833011929207,-1.0826499543572696,1.3695078200705408,1.6916972210764651,2.8987440625529537,0.2541095771890447,2.1375594111108,-2.6667661390710156,1.0837975767587062,1.4109492286969205,-0.09867770324230829
-0.3485383403384601,-0.15665903359549915,0.9608455560596214,-2.602191839505542,-1.0826592138490025,1.369498376047031,1.6917031722491438,2.898743908694218,0.254703946398223,2.136262217652458,-2.666626234654595,1.0835042134728292,1.4115145749980087,-0.09841960334534772
-0.3485383872552097,-0.15665904457532953,0.9608456018778471,-2.6021918405965727,-1.0826592084812314,1.3694983866596155,1.6917031674273075,2.8987438111314425,0.25470390608040105,2.1362623125023887,-2.6666262307671995,1.083504232635982,1.4115145367802917,-0.0984196206017609
-0.3484834804584951,-0.15625528821250168,0.9610752896013661,-2.6021800760052107,-1.0826641098766179,1.3694882850884484,1.6917096122754365,2.8987476186932053,0.2553082622651086,2.134831322991264,-2.6666789030415057,1.0832146574314176,1.4120851041947118,-0.09815894524408098
-0.3484837347822891,-0.15625534770135818,0.9610755379932865,-2.6021800819168353,-1.0826640807953618,1.36948834259303,1.6917095861566276,2.898747474861585,0.25530820252090614,2.1348314628006015,-2.6666788972847844,1.0832146858239895,1.4120850476146911,-0.09815897080732139
-0.34843845472249413,-0.15618125986011133,0.960916211258735,-2.602182868346749,-1.0826789276907132,1.3694719524152186,1.691716059826204,2.8987587025058517,0.2559314765167304,2.133296027043798,-2.6669504515514424,1.0829260904878346,1.4126663221358298,-0.09789421311320723
-0.3483528087528578,-0.1562797874475761,0.9606179263791024,-2.6021836174341635,-1.0826900077177988,1.369452343565806,1.691721204612986,2.8987624639803613,0.256491760445245,2.131965818909203,-2.6671689408167856,1.082669389489486,1.4131890266551945,-0.09766026032595843
-0.3483528516350569,-0.1562797977652064,0.9606179694009018,-2.602183618180197,-1.0826900040067602,1.3694523505648126,1.6917212012814073,2.8987626388423564,0.25649183390919283,2.1319656489542727,-2.667168947887853,1.0826693546079609,1.4131890960869047,-0.09766022891692838
-0.3482537556314327,-0.1563386757004004,0.9605257516174444,-2.6021771189253733,-1.0826950053442865,1.3694358799351702,1.691727145493215,2.8987676931023163,0.25710841387316474,2.1306092943697426,-2.6671947155598583,1.0823779153489061,1.4137696833632747,-0.09740091715829902
-0.3482540971259631,-0.15633875535097452,0.960526085175049,-2.602177126840739,-1.082694966403695,1.3694359569392036,1.6917271105193148,2.8987733726587894,0.257114009067986,2.1306038030595023,-2.6671952244412593,1.0823753838176975,1.4137744408227002,-0.09739861568957675
-0.3481818059170392,-0.15640420490979512,0.9605026267632981,-2.6024476880525342,-1.0827015927437413,1.3694283382301622,1.6917327775467226,2.8987524876247264,0.2577295542244089,2.1286330527417334,-2.667289529325664,1.0820569239937559,1.4143549674128737,-0.09713702238313893
-0.3481818885520189,-0.15640422158194145,0.960502708332716,-2.602447689624985,-1.0827015849666077,1.369428353429651,1.6917327705797582,2.898752571996603,0.25772958985416583,2.128632970739126,-2.667289532753379,1.0820569070838708,1.4143550010578148,-0.09713700715574802
-0.3481104074065602,-0.15584372775037902,0.9608492918171843,-2.6024331923491095,-1.082700975595701,1.3694199949617465,1.6917392138287517,2.898797718022127,0.2583719622374927,2.127238380747432,-2.667219868868506,1.081749057021911,1.4149577527422217,-0.09686108058236798
-0.34811046261318346,-0.15584374059867034,0.9608493457485539,-2.6024331936264207,-1.0827009693167966,1.3694200073822467,1.6917392081880496,2.898798170827458,0.2583721568957982,2.1272379407997697,-2.667219887559996,1.081748964744854,1.4149579359529412,-0.09686099749287713
-0.34808520069505633,-0.15568394763994053,0.9608571378632842,-2.602432369408518,-1.0827124237923593,1.3694091790580663,1.6917458675401043,2.8987989292471017,0.25902583451181727,2.125705930257247,-2.6673934607444085,1.0814469201558587,1.4155670348196656,-0.09658317076598966
-0.3480851548274906,-0.15568393696594107,0.9608570930552727,-2.6024323683492216,-1.082712429008701,1.369409168740587,1.691745872227914,2.898798933508738,0.25902583635567566,2.125705926116545,-2.667393460920763,1.0814469192824347,1.4155670365536919,-0.09658316997888772
-0.3480099155703895,-0.15573687500114985,0.9605435592802927,-2.602435621056359,-1.082727319091315,1.369388348372122,1.6917516245976887,2.8987966653978177,0.2596832950095562,2.1241531929780013,-2.6676811450061257,1.081147463098178,1.416175897085039,-0.09630745789327566
-0.34800986057474415,-0.15573686220299,0.9605435055550053,-2.6024356197858762,-1.0827273253455876,1.3693883360014922,1.6917516302176026,2.8987968772946004,0.2596833866461994,2.124152987109605,-2.667681153801065,1.0811474196773183,1.4161759832442113,-0.09630741879348204
-0.347912285609711,-0.15585627348797093,0.9603853523821471,-2.6024356553840238,-1.0827311517237783,1.3693725799290242,1.6917568644074996,2.8987913045217635,0.2602671367388707,2.122851007417937,-2.6678277581172263,1.0808716625886552,1.4167230147848198,-0.09605986126175825
-0.34786320757753586,-0.15583453706501071,0.9604816817529,-2.6024290397271237,-1.0827296696659015,1.369366226910424,1.6917615499129357,2.8987946090143257,0.26073474952290976,2.1218885729067836,-2.6677241405189513,1.0806404209526548,1.417166674559712,-0.0958589476506555
-0.34786329249840975,-0.15583455680600444,0.9604817647158841,-2.6024290416892213,-1.0827296600176317,1.3693662459941995,1.691761541246208,2.8987948065430675,0.26073483494500405,2.1218883809962037,-2.6677241487181385,1.0806403804749145,1.4171667548770968,-0.09585891120339607
-0.3477946524774431,-0.15564549057017185,0.9605684713007738,-2.6028261052197412,-1.0827402068261134,1.369357650711387,1.6917669075559183,2.898806029245801,0.2613831091154477,2.120532624184886,-2.6675835480765593,1.0803273290388251,1.4177754665144269,-0.09558052372902015
-0.34779540450612245,-0.1556456703211584,0.9605692064016926,-2.602826122806213,-1.0827401203041918,1.3693578214561688,1.6917668298069874,2.898812610804139,0.2613899121102268,2.1205262414763943,-2.6675841657460557,1.0803242590426532,1.4177812249914679,-0.09557772654456098
-0.3477417673229759,-0.15527828663843124,0.9607724758171496,-2.6028180849640985,-1.0827447643355694,1.3693522296116711,1.6917729462820126,2.8988164712380176,0.26204987887002407,2.1190517568074725,-2.6676352290061107,1.079981637690759,1.4183982946141178,-0.09529538137656601
-0.3477416609322823,-0.15527826191551686,0.9607723718803651,-2.6028180825076417,-1.082744776420821,1.3693522057063259,1.6917729571383688,2.898816479592451,0.26204988252373784,2.119051748691028,-2.667635229356352,1.079981635960733,1.418398298043087,-0.09529537981919844
-0.3476887517274214,-0.1552460987362947,0.9605604896499269,-2.602820927311492,-1.082759889873877,1.3693346189831601,1.6917789832452503,2.89881611804255,0.26272481938582004,2.117476136980761,-2.6679052795797107,1.0796731272463713,1.4190224335627386,-0.09501103446697101
-0.34768887098355705,-0.1552461264642142,0.9605606061519847,-2.6028209300678165,-1.08275987632021,1.3693346457938462,1.6917789710691786,2.8988159816615244,0.2627247594998323,2.1174762694579368,-2.6679052738403204,1.0796731555963142,1.4190223774042012,-0.09501105999727066
-0.34759395137435956,-0.15537272103929833,0.9602761532916633,-2.60282415540728,-1.082768946281027,1.3693145635594508,1.6917847060636877,2.8988114649143277,0.2633946573862822,2.115959854415898,-2.668143558899358,1.0793648982805557,1.4196459749091286,-0.09472835662255985
-0.3475939361057092,-0.15537271749004056,0.9602761383760461,-2.602824155053237,-1.0827689480160956,1.3693145601269698,1.6917847076221695,2.8988115137191777,0.2633946788162831,2.1159598070086503,-2.668143560952804,1.0793648881355207,1.4196459950055722,-0.09472834748612957
-0.3475134489851097,-0.15543019555912618,0.9602519409628547,-2.6028200529202974,-1.0827687588432675,1.3693036135192047,1.6917900753536168,2.898809812865567,0.2639890555113693,2.1147043163570487,-2.6681567675951188,1.0790774279754647,1.4202064019833553,-0.09447483896604059
-0.3474753607050065,-0.1554317307280897,0.9602726645976363,-2.603109749675102,-1.0827769181674327,1.369299018743427,1.691794387275802,2.8988139569985325,0.2645388927051906,2.112885316905789,-2.6682500139650576,1.0788466280610471,1.420717776956943,-0.09424188129454425
-0.34747526764694037,-0.1554317091119355,0.9602725736760869,-2.6031097475270304,-1.08277692873056,1.3692989978444654,1.6917943967680276,2.8988140599186085,0.26453893790075345,2.1128852169323693,-2.668250018296636,1.0788466066659392,1.4207178193374634,-0.0942418620266059
-0.3474107598185432,-0.15485310377547368,0.9606194330393905,-2.6030967524458366,-1.082777783218904,1.3692894555874355,1.6918006901445302,2.898817692235456,0.26520520836089556,2.111466085444528,-2.668194517142163,1.0785268528300787,1.421341508587206,-0.09395505357909428
-0.3474112646491134,-0.15485325450972365,0.9606199223700642,-2.603096767196848,-1.082777710652056,1.3692895984717586,1.6918006248660236,2.898824578066888,0.2652119546618108,2.11145965873032,-2.668195134397554,1.0785237043065212,1.4213472265648175,-0.09395226362025078
-0.3473874437181559,-0.1546949315531716,0.960632016970373,-2.603094983717331,-1.08279067329907,1.3692774384037207,1.6918071742923835,2.8988191991366143,0.2658811456703907,2.109922666577127,-2.668382347689532,1.0781390810254088,1.4219739714754915,-0.09366514598139464
-0.3473875317172288,-0.15469495194150173,0.9606321029531424,-2.6030949857436534,-1.0827906633341793,1.3692774581239444,1.6918071653385223,2.898819085397161,0.26588109544742533,2.1099227770406017,-2.6683823428787607,1.0781391047967581,1.4219739244238419,-0.09366516738608066
-0.3473121090806721,-0.15477404904389758,0.9603138214790814,-2.603100058278588,-1.082803492457137,1.3692571988556166,1.6918127515270456,2.8988380454352978,0.2665810301799256,2.1083308544719266,-2.6686779710977877,1.0778192731088705,1.4226214882023855,-0.09337001952486457
-0.34731224857280196,-0.15477408136823634,0.9603139577762061,-2.6031000614906983,-1.0828034766581118,1.3692572301162604,1.6918127373298018,2.8988380453624814,0.2665810301487008,2.1083308545428103,-2.66867797109468,1.07781927312403,1.4226214881723758,-0.09337001953834534
-0.3472140222606672,-0.15489622684129323,0.9601364953135025,-2.603100021885879,-1.0828080694112874,1.3692404614218905,1.6918182847455516,2.8988366409647472,0.2672750853076522,2.106850556501641,-2.668811696923608,1.0774906505850668,1.4232681761679764,-0.09307601439182012
-0.3472137843487477,-0.15489617169397008,0.9601362628536734,-2.6031000164029097,-1.0828080963644795,1.369240408087931,1.6918183089658392,2.89883668792554,0.26727510641983443,2.10685051089888,-2.6688116989429393,1.07749064060265,1.4232681958863687,-0.09307600540285055
-0.3471462994989274,-0.1548616992283005,0.9602239524765661,-2.603089386623091,-1.0828099889387195,1.3692293744493584,1.6918241947410175,2.8988571948636306,0.2679727772588194,2.105475376829226,-2.668676910122864,1.0771564292315192,1.4239206060252778,-0.09278066831782805
-0.3471462579943463,-0.15486168960807056,0.9602239119228333,-2.6030893856658106,-1.0828099936412632,1.3692293651456193,1.6918241989651945,2.8988571075675935,0.2679727378108687,2.105475461591034,-2.6686769063505933,1.0771564478780986,1.423920569213764,-0.09278068510899917
-0.34709646975463215,-0.1544597615883454,0.9603086680898842,-2.6033210036830083,-1.0828184529074054,1.3692133136452354,1.6918283645902688,2.898857359792956,0.268672954441052,2.1040652252598555,-2.6685505063422554,1.0768192717734832,1.4245733320513292,-0.09248051517952138
-0.34709646965365337,-0.1544597615664891,0.9603086679922237,-2.6033210036809438,-1.0828184529174183,1.369213313622117,1.6918283645997443,2.8988573651055063,0.2686729568416384,2.104065220100896,-2.6685505065715773,1.0768192706378583,1.4245733342913862,-0.09248051415787995
-0.3470522516634498,-0.1541091925112843,0.9604893847140117,-2.6033143983892946,-1.082823687816623,1.3692109850915672,1.6918341730595197,2.898872134440971,0.2694004673639556,2.1025184434823494,-2.668640297980025,1.076477305389341,1.4252450166897983,-0.09217098497735599
-0.3470522579518063,-0.15410919396105527,0.9604893908585508,-2.6033143985331995,-1.082823687107299,1.3692109864962285,1.6918341724235408,2.898872069359328,0.2694004374167607,2.102518506657926,-2.668640295120536,1.0764773195278963,1.4252449888318903,-0.09217099770985193
-0.346993029025227,-0.15411210324062985,0.9602631814726097,-2.60331862984106,-1.0828370421673923,1.369193462880503,1.691839706433624,2.8988727990530716,0.2701373836116474,2.1008743582633684,-2.66895297534004,1.0761414173770696,1.425923529302099,-0.0918604251534445
-0.3469930593760244,-0.15411211025075477,0.9602632111323794,-2.603318630536972,-1.0828370387423996,1.3691934696600985,1.6918397033541064,2.898872595234648,0.27013728924418245,2.1008745561157056,-2.668952966337208,1.0761414619101846,1.4259234416106699,-0.09186046526233316
-0.346902053987443,-0.154252425171725,0.9600306293154413,-2.6033210124380872,-1.0828429375602568,1.3691769637647084,1.6918442237240954,2.8988767318393585,0.27080486709208795,2.0994762202138872,-2.6691370722602543,1.0758290072281929,1.4265393617883682,-0.09157885890523332
-0.346902174598708,-0.15425245290882383,0.9600307472095304,-2.6033210151945365,-1.082842924012223,1.3691769905875857,1.6918442115436156,2.8988767033332152,0.2708048538146981,2.0994762478835653,-2.6691370709936537,1.0758290134918562,1.426539349461141,-0.09157886454641861
-0.3468375422493928,-0.15425360554361944,0.9600295574396451,-2.603312300919029,-1.0828444835635689,1.3691666080901062,1.6918489828418322,2.8988880533879904,0.2714754097499519,2.098180087791576,-2.669069273632918,1.075509464666946,1.427161553199574,-0.09129640971664621
-0.346837479470814,-0.15425359111628367,0.9600294960754052,-2.603312299485674,-1.082844490611926,1.3691665941343203,1.6918489891784656,2.898888079586383,0.27147542195236163,2.0981800623617772,-2.669069274796923,1.0755094589103065,1.4271615645282116,-0.09129640453291366
-0.34678508934094676,-0.15415985044136526,0.9601023022302826,-2.603650949349648,-1.0828537642197684,1.369159554352434,1.6918533458494833,2.8988889785830736,0.2721502077808857,2.096879395985983,-2.6689405148006897,1.07518034846699,1.4277893380629019,-0.09100586433700464
-0.3467849196953656,-0.15415981145085045,0.960102136407162,-2.6036509454742975,-1.082853783268403,1.3691595166385264,1.6918533629728159,2.8988888862610196,0.2721501645336133,2.0968794855824164,-2.668940510678381,1.075180368869331,1.4277892979514428,-0.09100588270777976
-0.3467454050606298,-0.15371802561559633,0.9603400511779103,-2.603605596147744,-1.0828571988437785,1.3691515980220341,1.691858251484959,2.898894141006201,0.2728364912512138,2.0954457475690713,-2.6690076687296695,1.0748548695825058,1.4284235872287345,-0.09071277732591909
-0.3467455937343855,-0.15371806900109508,0.9603402355957424,-2.603605600459585,-1.082857177646598,1.3691516399905295,1.6918582324267981,2.8988942627183913,0.2728365486039461,2.0954456294708077,-2.669007674194144,1.0748548425295397,1.4284236403688153,-0.0907127529691607
-0.34671461172107243,-0.15369014972261574,0.9601610506345999,-2.6036132233533644,-1.082870625779731,1.3691382391605362,1.6918631952407308,2.898899416983504,0.2735366595304347,2.093920186492946,-2.6692759858400463,1.0745319232243995,1.4290641073684132,-0.09041730398281267
-0.34664172528807136,-0.15380148780971759,0.9598856447704582,-2.6036124513859535,-1.0828784495199533,1.3691224836614477,1.691866487550032,2.898902506521617,0.2740963667305589,2.09274457745153,-2.6694736369580143,1.074277343357207,1.4295756461187965,-0.09018438531362793
-0.3466417181140482,-0.15380148615867917,0.9598856377581049,-2.6036124512217858,-1.0828784503254467,1.3691224820655998,1.6918664882763705,2.8989024977660893,0.27409636257662306,2.092744585946189,-2.669473636561874,1.0742773453157026,1.4295756422750907,-0.09018438707747212
-0.3465485983204619,-0.15387849272847554,0.9597675860382298,-2.6036061401188224,-1.0828821982410815,1.369107289905461,1.6918713552171751,2.898905361307415,0.2748602162546039,2.091230486161198,-2.669563565910922,1.073920857013432,1.430278882608686,-0.08986451224450853
-0.34654868337059064,-0.15387854196263184,0.9597676644833024,-2.6036061452192536,-1.0828821733434637,1.3691073395106397,1.691871332639907,2.8989054280880158,0.2748602479192659,2.0912304213688877,-2.669563568926619,1.0739208420810566,1.430278911916787,-0.08986449880092984
-0.34648313720585566,-0.1538323777084205,0.9599255097093389,-2.603596018403529,-1.0828823862357364,1.369100100309196,1.6918769149202155,2.898913650265076,0.27561841529672915,2.089799131719932,-2.6694362643153826,1.0735584614944367,1.4309823719780628,-0.08954380416289709
-0.34648323844189566,-0.15383240092200445,0.9599256086791028,-2.6035960207112576,-1.0828823748983938,1.3691001227613242,1.6918769047261697,2.8989134357913464,0.27561831360289,2.0897993398055554,-2.669436254629577,1.0735585094490316,1.430982277851319,-0.08954384733815424
-0.3464257063267633,-0.15334490955894253,0.9600235100353993,-2.6037797317792295,-1.0828885827176102,1.3690872296675627,1.691880884700628,2.8989100786994335,0.2763789478083396,2.0883285588623295,-2.669326237885489,1.073193315578524,1.4316859994077777,-0.08921819527564079
-0.34642604536942745,-0.15334498730451784,0.9600238414893925,-2.603779739507019,-1.08288854474638,1.369087304861119,1.691880850557931,2.8989174611453414,0.2763874484289346,2.0883213941908068,-2.6693270090558934,1.073189465709894,1.4316931195280045,-0.08921469054671238
-0.34641317140144334,-0.1531379522406109,0.960162013135915,-2.603774562295525,-1.0828969229226795,1.3690818361134092,1.6918866649932935,2.8989082151425,0.27715329468472394,2.0867093525432665,-2.6694773457069765,1.0728289757676794,1.432401057109093,-0.08888692373069151
-0.3464134520005677,-0.15313802368830043,0.9601622869099389,-2.603774569268764,-1.0828968886559291,1.369081903680467,1.6918866341508572,2.898914779432035,0.27716083327274976,2.0867030477975703,-2.669478032279768,1.0728255280962102,1.4324073718727277,-0.08888380246519656
-0.3463562256083428,-0.15316232942077956,0.9598932451189572,-2.6037800083298164,-1.0829109069235199,1.3690638274073867,1.6918917691814483,2.898914435117341,0.2779412570638842,2.0850263981713546,-2.669786080772803,1.0724696234771338,1.4331216558199635,-0.08855519702248316
-0.3463578956916038,-0.15316270725792513,0.9598948795130742,-2.6037800457102036,-1.0829107231578066,1.3690641910019448,1.6918916039718623,2.898953949333567,0.2779877804364128,2.084988940151579,-2.6697903191213452,1.072448161466368,1.4331604974870729,-0.08853592528885024
-0.34628206524381966,-0.1533398276602398,0.9596719374233498,-2.603778723366546,-1.082918760086586,1.3690444270997641,1.6918963250421357,2.8989565467076766,0.278794016678809,2.0833777201572286,-2.6700015209602395,1.072077669963746,1.4338967847174402,-0.08819918152867867
-0.34628241054677744,-0.153339906828597,0.9596722749904902,-2.603778731236217,-1.0829187214111275,1.3690445036914776,1.6918962902663635,2.898963973918537,0.2788027772887247,2.083370834421812,-2.670002321602217,1.0720735616668309,1.4339040862919568,-0.08819554153920084
-0.3462075104053408,-0.15335607027411857,0.9596699190428213,-2.6037695617919536,-1.0829195610393305,1.3690336140871562,1.6919011005682276,2.8989683466762557,0.2796300430201155,2.081853220603046,-2.6699841674208864,1.071681792437567,1.4346630895898365,-0.08784774140771567
-0.34620813906560777,-0.1533562612859809,0.9596705240522967,-2.6037695809730557,-1.082919466070122,1.36903380040867,1.6919010158570795,2.898975599251642,0.27963887863547665,2.0818464948400948,-2.6699849734375327,1.0716776597344575,1.4346704307153608,-0.08784407496702862
-0.34614964167920537,-0.15328633118454071,0.9597261422013048,-2.6041689686509897,-1.082927200087651,1.369027944113781,1.6919054420818183,2.8989705334397105,0.2804714105524928,2.0803486963964204,-2.6698513578869973,1.0712742929555725,1.4354366226852058,-0.08748757018559239
-0.3461497220512131,-0.15328634555966936,0.9597262229681149,-2.6041689697197463,-1.0829271947404715,1.3690279541189163,1.691905437294274,2.8989707144542667,0.280471501561677,2.0803485209441916,-2.66985136651797,1.0712742501262076,1.435436706134837,-0.08748753163609635
-0.34610571545540925,-0.15281550512893283,0.9600050021205098,-2.604156482977063,-1.0829308311398091,1.3690200666389476,1.6919103795166701,2.898969240004888,0.2813124100997424,2.078727131785765,-2.669891318215624,1.0708750359531924,1.4362071899120554,-0.08712892920022242
-0.34610691410080197,-0.1528157826070391,0.9600061692674293,-2.6041565105923823,-1.0829306939050634,1.3690203351092798,1.6919102576550058,2.8989833428046836,0.2813309285956489,2.0787135758674076,-2.669892997048867,1.0708665812226128,1.4362225232987011,-0.08712127600306196
-0.3460823149348782,-0.15271758876145203,0.9599044251024367,-2.6041579212678947,-1.0829440044606673,1.3690081222495758,1.6919153053186993,2.8989792455170384,0.28218322560737086,2.0769863415993655,-2.6701599046013174,1.0704710270503837,1.4370010863383778,-0.08675901586720958
-0.3460822481521566,-0.15271756983792173,0.9599043646335552,-2.604157919359763,-1.082944015387079,1.3690081039737265,1.6919153135918803,2.8989799392489726,0.2821835790941112,2.0769856692291384,-2.670159938094415,1.070470860802689,1.4370014097873467,-0.08675886621706663
-0.34600880669146594,-0.15282449755268335,0.9595820807048288,-2.6041631989272194,-1.0829549600641664,1.368989507566245,1.6919198593439313,2.898982509925343,0.2830491824446941,2.0752687846225157,-2.670464955448571,1.0700747050489596,1.4377876327833823,-0.0863952467864868
-0.34600865540317205,-0.15282446298906205,0.9595819327841273,-2.6041631954899565,-1.0829549769480904,1.3689894741224586,1.691919874528782,2.8989825057058702,0.2830491802961834,2.0752687887117034,-2.670464955245287,1.070074706059403,1.437787630816561,-0.08639524769664408
-0.3459220129916929,-0.1529076806894798,0.9594549983059544,-2.604157614445155,-1.0829585748416002,1.3689754271449486,1.6919240507390543,2.899009553335457,0.2839408648474242,2.0736551379741783,-2.67057862591752,1.0696599623689753,1.438597236213698,-0.08602231092342816
-0.34592198616506664,-0.15290767457948817,0.9594549720714731,-2.604157613839189,-1.0829585778254112,1.368975421232344,1.6919240534241025,2.8990093768238516,0.28394077310669363,2.0736553089780756,-2.6705786172355905,1.0696600055014986,1.4385971525248982,-0.08602234974098177
-0.34585912847514866,-0.15286915840340853,0.9596123782738006,-2.6041473926619574,-1.0829584979593356,1.3689687440678835,1.6919289593747433,2.8990161273483466,0.28482556634081746,2.0721172946856736,-2.6704827878203985,1.069238788698362,1.4394069401295377,-0.0856496639307256
-0.3458591805545028,-0.15286917026638847,0.9596124292045269,-2.6041473938417257,-1.0829584921666129,1.3689687555454961,1.6919289541649962,2.8990163016766957,0.28482565694949713,2.072117125797126,-2.6704827963954747,1.069238746098696,1.43940702278437,-0.08564962559193212
-0.34581973153372036,-0.15255548887835246,0.9597230840258408,-2.6045273215551994,-1.0829682502830345,1.3689603235765464,1.691932764367273,2.8990076131202365,0.28571185714297,2.0705404281695152,-2.670400850464038,1.0688129626402727,1.4402165873674013,-0.08527118287066049
-0.3458198352221098,-0.15255551248205013,0.9597231854291568,-2.6045273239016478,-1.0829682387575787,1.368960346412834,1.691932753998189,2.899007598692126,0.2857118496429569,2.07054044214712,-2.6704008497544574,1.0688129661657442,1.4402165805259797,-0.08527118604500483
-0.3458138849885044,-0.1523458188539646,0.9598566150550454,-2.604521828653287,-1.0829756339923988,1.3689559546351981,1.6919378318029128,2.8990138082735477,0.28661309158650283,2.0688201612985786,-2.670547538358574,1.068390189442714,1.4410352100284207,-0.08488914624752564
-0.34581404789420045,-0.15234585593417016,0.9598567743662727,-2.6045218323402297,-1.0829756158822743,1.3689559905199777,1.691937815511662,2.8990138556108143,0.2866131163584811,2.0688201154447263,-2.6705475407016204,1.0683901777973555,1.4410352326022107,-0.08488913576872381
-0.3457693110668201,-0.1523574557493932,0.9596031638260705,-2.6045272510987747,-1.0829889659005985,1.3689400280599981,1.6919422296145559,2.899053176870975,0.28757260635460824,2.06700931424502,-2.6708639727406625,1.067951191597702,1.4418980813450908,-0.08448596873544645
-0.3457694492235026,-0.15235748720540698,0.9596032989329402,-2.6045272542272953,-1.0829889505364827,1.3689400585022833,1.6919422157942137,2.899053193642839,0.2875726154434659,2.067009298006937,-2.670863973599806,1.0679511873273828,1.4418980895840683,-0.08448596489438032
-0.34568779813882955,-0.152496696220485,0.9593395829349616,-2.6045302347704737,-1.0829949737795364,1.3689240218459737,1.6919462374131102,2.899066880507977,0.2885503535449647,2.065259309115106,-2.6711212482031224,1.067500538286703,1.4427786929056747,-0.08407531164332749
-0.34568767332446626,-0.15249666789582417,0.9593394608523047,-2.6045302319539756,-1.0829949876087603,1.368923994432918,1.6919462498575026,2.899066809675805,0.28855031458646785,2.0652593776853436,-2.671121244528064,1.067500556580617,1.442778657667871,-0.08407532810345675
-0.345624303462305,-0.15251171929290575,0.9593492821213951,-2.60452150961137,-1.0829947038510856,1.3689158372550967,1.6919498221208689,2.8990813614142485,0.28943861554843675,2.063795693022076,-2.671130854715462,1.0670824953538816,1.4435805382387796,-0.08370299151830363
-0.34562425941820507,-0.15251170929852353,0.9593492390407095,-2.604521508617278,-1.0829947087315275,1.3689158275828524,1.6919498265115418,2.8990812976137494,0.28943858019001834,2.0637957547817827,-2.671130851380279,1.0670825119540144,1.4435805062926503,-0.08370300645573092
-0.3455797142459591,-0.15248263220089786,0.9594105683213492,-2.604903145944765,-1.0830010954056886,1.3689143918180928,1.6919530906719058,2.899087293563987,0.29033403580813744,2.062320058034256,-2.6710091082863574,1.066655552258366,1.4443905034522135,-0.08332361738256377
-0.3455798822321281,-0.1524826703248836,0.9594107326296353,-2.6049031497361232,-1.0830010767921014,1.3689144287144268,1.6919530739229296,2.899087016699191,0.2903338823733259,2.06232032604105,-2.6710090938190003,1.066655624290524,1.4443903648242173,-0.08332368220594955
-0.34553241711919025,-0.15193464735395423,0.9597590234449056,-2.604852396492302,-1.082999062780258,1.3689092552726834,1.6919572648581693,2.8990989699375422,0.2912542581216986,2.0607689868743666,-2.6710159284357284,1.0662208633923544,1.4452178782826035,-0.08293274166106546
-0.3455324865634344,-0.1519346631185945,0.9597590913671779,-2.604852398060172,-1.0829990550817805,1.3689092705318258,1.6919572579302857,2.8990990185666607,0.29125428542998755,2.060768939817132,-2.671015931008997,1.0662208505698967,1.4452179029081673,-0.08293273012622482
-0.34552548199806665,-0.15186199326501093,0.9597088216906204,-2.6048570740456856,-1.0830101449392902,1.3689006656635563,1.6919614946903774,2.899098962936975,0.2921836992469107,2.0591101559866267,-2.6712415089574764,1.0657308385320894,1.4460537101227873,-0.0825393350154986
-0.3454611138012611,-0.15197756109572946,0.9594045059438203,-2.6048617858767638,-1.0830190122249963,1.3688849867700412,1.6919645449457925,2.8990967305818796,0.29302264830455993,2.0576078996513516,-2.6715167221822265,1.0653587003817915,1.446803741605044,-0.0821878644407752
-0.34546105935289706,-0.15197754873667257,0.9594044526842476,-2.604861784648305,-1.0830190182601251,1.3688849748052894,1.691964550375275,2.8990968256898437,0.29302270208455905,2.057607807635172,-2.671516727248728,1.0653586751300441,1.4468037900515105,-0.08218784172466709
-0.345377543876241,-0.15209885951236135,0.9592518373941257,-2.60486123877126,-1.083020743369941,1.3688724252143736,1.691968475739596,2.8990939213045603,0.2940408718367209,2.0558799002384536,-2.671698629280278,1.0648808735121778,1.4477200564356494,-0.08175911731157903
-0.34537933485935035,-0.15209929363773522,0.9592535859854028,-2.6048612818610244,-1.0830205318783692,1.368872844384839,1.6919682852758922,2.8991159544082503,0.29407575970029143,2.0558588264081354,-2.6717018225143483,1.0648646696321338,1.4477485681755837,-0.08174444746395793
-0.3453167306344609,-0.152075318031331,0.9593936909765546,-2.604851495441635,-1.0830204343710692,1.36886617880391,1.691972447017725,2.8991298997647394,0.29511134864683797,2.0542256542849913,-2.6716295067372147,1.0643743038005882,1.4486822199895615,-0.08130914441776138
-0.3453168127173347,-0.15207533520312655,0.9593937712246863,-2.604851497238593,-1.0830204255475602,1.3688661963108464,1.6919724390754352,2.899138280852748,0.29512419891399944,2.0542179401653726,-2.6716306871018825,1.0643682053249117,1.448692728064512,-0.08130372841499334
-0.345271330958032,-0.15174736637022512,0.9595487464351029,-2.6052288450600996,-1.0830298897110153,1.368860033557029,1.6919755748911043,2.899138053859126,0.296182596256128,2.052554470180098,-2.6715280351043345,1.0638647288983627,1.4496431942994548,-0.08085452749426292
-0.3452720361779962,-0.15174754300891458,0.9595494302618546,-2.605228862714284,-1.0830298018594755,1.3688602051322034,1.6919754970069174,2.8991458739875426,0.2961954112831977,2.052547337747086,-2.671529211475443,1.0638586346597023,1.4496536256670183,-0.08084912424560553
-0.3452392772604451,-0.15138592490057956,0.959751503104731,-2.6052226296683534,-1.0830329197534132,1.3688575148682816,1.6919793427797325,2.899141515817522,0.2972711518567408,2.0507366949036907,-2.671646134322082,1.0633567696723505,1.4506140846451334,-0.08039472486942323
-0.345239825175204,-0.15138606675558464,0.9597520361125733,-2.605222643903726,-1.083032849916448,1.3688576533858035,1.6919792798729756,2.8991497733833036,0.29728483535306083,2.0507289402878186,-2.671647386173193,1.0633503520637868,1.450625225573626,-0.0803889717500379
-0.34520670072602666,-0.15138440598312908,0.9595088178016091,-2.605227345872935,-1.0830451111073738,1.3688442451994183,1.6919830104379616,2.8991504263271235,0.29839037030283233,2.0488165065915247,-2.6719793302610153,1.062839694016664,1.4516066615167906,-0.07992419140940044
-0.345206781920381,-0.15138442428612464,0.9595088972486359,-2.605227347692214,-1.0830451021732705,1.368844262916399,1.691983002396049,2.8991506127736226,0.2983904814987488,2.048816326340063,-2.671979340712771,1.0628396418179955,1.4516067609324557,-0.07992414445661922
-0.34513629724058514,-0.15152543820385223,0.9592019603963555,-2.6052311207823866,-1.0830518785569274,1.3688286125470635,1.6919863980220389,2.899159184615451,0.29951543594568353,2.0469609722071134,-2.672270051597868,1.062321010724772,1.4526069588075048,-0.07945183641542375
-0.3451361179144845,-0.15152539776720442,0.9592017849355896,-2.6052311167615856,-1.0830518982965818,1.3688285733961392,1.6919864157925055,2.8991594551675295,0.2995155986574689,2.046960710655302,-2.672270066886897,1.0623209343494997,1.4526071041129542,-0.07945176771140883
-0.34506810669123844,-0.15160614499502145,0.9591442468321798,-2.6052278382066354,-1.0830499709718944,1.3688205150820538,1.6919900225271938,2.8991650491730407,0.30064750677780605,2.045212566528143,-2.672379503993584,1.061785935459291,1.4536179707623118,-0.0789738644910134
-0.345068229708426,-0.1516061727472442,0.9591443671941047,-2.6052278409685568,-1.0830499574244454,1.3688205419520658,1.6919900103320007,2.8991648923932356,0.30064741172205967,2.045212718070843,-2.6723794950633546,1.0617859800797653,1.4536178859696731,-0.07897390462873766
-0.3450317702974903,-0.15166957439738926,0.9591733272126302,-2.605537726546047,-1.0830551647084468,1.3688178957723567,1.691993170440486,2.899174603817867,0.3017933729123614,2.0429455743960077,-2.672505745743654,1.0612521903382062,1.454642639923395,-0.07848836647082713
-0.34503168448149246,-0.1516695550259861,0.9591732432436633,-2.605537724619191,-1.0830551741622458,1.3688178770181239,1.691993178953794,2.8991747536457932,0.3017934646133442,2.0429454295899205,-2.6725057543535033,1.061252147298295,1.454642721613392,-0.07848832775774817
-0.3449873396604177,-0.1510414717393278,0.9595874530753878,-2.6055236185875046,-1.0830524288707997,1.3688145928824262,1.6919971210219877,2.8991910378633854,0.3029564767516755,2.0411891769689205,-2.6724598587667554,1.060700273539756,1.455679708752573,-0.07799294841921967
-0.3449873856898735,-0.15104148209416746,0.9595874981191574,-2.605523619616015,-1.0830524238189074,1.3688146029058634,1.6919971164721692,2.899190697725981,0.3029562668554897,2.041189505631337,-2.672459839065312,1.0607003720708983,1.4556795219875305,-0.07799303703588212
-0.34499301970566076,-0.1508655197017399,0.9596419402818412,-2.6055220573280247,-1.0830611839306337,1.3688099204172621,1.6920011134721085,2.8991967911478334,0.30413843628448056,2.0392921774453825,-2.672649234204603,1.0601510096419622,1.4567295026424683,-0.07749290764779282
-0.34499299219500923,-0.1508655135154644,0.9596419133605423,-2.6055220567131236,-1.083061186946805,1.3688099144312034,1.6920011161905761,2.899196559841986,0.3041382923129188,2.0392924009257243,-2.6726492206951,1.0601510772275118,1.4567293746858505,-0.07749296843151576
-0.3449484005743315,-0.15093425030826335,0.9593284991799367,-2.6055265796275577,-1.0830729213960497,1.368795288403029,1.6920038338694068,2.89920434780025,0.305224480240633,2.0375337603118346,-2.6729664190049096,1.0596527916510983,1.457685283125036,-0.07703880046959011
-0.34494845262458895,-0.15093426199836912,0.9593285501183155,-2.6055265807904373,-1.0830729156896997,1.3687952997237698,1.6920038287338972,2.89920452465104,0.3052245911971321,2.0375335894452142,-2.6729664294139233,1.0596527395665571,1.457685381634894,-0.0770387536247048
-0.3448920845698584,-0.15109760147467455,0.9591456070356168,-2.6055233433498524,-1.0830766661908058,1.368781340641644,1.6920063995146748,2.8992104434061883,0.3063302167888029,2.0358478889088563,-2.673174808156839,1.059141255514704,1.4586611703620065,-0.07657631961243005
-0.3448496079095005,-0.15105923293742674,0.9592300443582857,-2.605514803589189,-1.0830742597615237,1.3687784052725878,1.6920088983290928,2.8992146203391567,0.30720569138547393,2.0345957027489234,-2.673134898194617,1.0587245601199813,1.4594397690687195,-0.0762079394104207
-0.3448495150584687,-0.15105921206030182,0.9592299534952708,-2.6055148015126512,-1.0830742699507243,1.3687783850590867,1.692008907502997,2.8992144659689014,0.3072055937684697,2.0345958518848946,-2.6731348890388227,1.0587246059450317,1.4594396824932012,-0.07620798062647527
-0.34479456254945795,-0.15091625925632446,0.9593116864293556,-2.605935499438848,-1.0830809648201365,1.3687752904084043,1.692011772358006,2.899192750845435,0.30841591439809957,2.0321566344500503,-2.673275626048445,1.0581286615189427,1.4605119490117726,-0.07569453020542394
-0.34479466179518603,-0.15091628214341313,0.9593117833501594,-2.60593550175897,-1.0830809534311245,1.3687753130411169,1.692011762106533,2.8991986458906975,0.30842697923815177,2.0321512614145583,-2.673276646683993,1.0581233548625768,1.4605208771194267,-0.07568981677896414
-0.3447651774872673,-0.15036183968364636,0.9596435517373543,-2.6059237044043964,-1.0830826015532131,1.3687703994673477,1.692015170276045,2.8992136664072365,0.3096397172259291,2.0303261866213624,-2.673304312901819,1.0575481103503268,1.461595471383589,-0.07517517714788902
-0.34476510000222316,-0.1503618222737959,0.9596434759026735,-2.6059237026734694,-1.0830826100455901,1.3687703826123832,1.692015177928026,2.899213924978911,0.30963988172354284,2.0303259368607165,-2.6733043283276428,1.0575480331133722,1.4615956171559503,-0.07517510768701463
-0.34476698804587347,-0.1502390062911454,0.959582907001991,-2.6059251071524,-1.0830943674590983,1.368762729923453,1.6920187694637012,2.899222596614784,0.3108795827588464,2.0283865817497784,-2.6735536795220374,1.0569694684947688,1.4626913426508672,-0.07465001164118323
-0.344767135442944,-0.15023903940458894,0.9595830512603278,-2.6059251104461545,-1.0830943513043034,1.3687627619840317,1.692018754912751,2.899222375476093,0.31087944063812767,2.0283867953302988,-2.673553666201693,1.056969535214959,1.4626912168901178,-0.07465007164277271
-0.3447184692208305,-0.15032787795585278,0.9592627599893433,-2.6059308534405563,-1.0831044316245224,1.3687478041671883,1.6920218483643952,2.899222835210871,0.31212422705793763,2.026431567680648,-2.6738982655157773,1.0563966314761384,1.4637870771377912,-0.07412712540128119
-0.34471839513663216,-0.1503278613130874,0.9592626874822976,-2.6059308517867685,-1.0831044397442944,1.3687477880534895,1.6920218556791236,2.899222848574034,0.31212423564594793,2.026431554774037,-2.6738982663210837,1.0563966274444976,1.4637870847380832,-0.07412712177595004
-0.34464144282173503,-0.15046502380354543,0.9590872990015802,-2.605931315746059,-1.0831059375283272,1.3687363944799813,1.6920248315523931,2.8992191649355448,0.3133633777553033,2.0245747951944395,-2.6741246119125828,1.0558166261414392,1.4648817448149574,-0.07360526529388167
-0.34464129253121367,-0.15046499016557036,0.9590871518912456,-2.6059313124005534,-1.0831059539339196,1.3687363619198392,1.6920248463338738,2.899219348755281,0.31336349589040147,2.0245746176575494,-2.674124622984996,1.055816570681479,1.4648818493521718,-0.07360521541864173
-0.3445882279869128,-0.15047904304472315,0.9591852604730322,-2.605924917539091,-1.0831025021586016,1.3687317072666838,1.6920282109325469,2.8992377673043634,0.3146276420609784,2.022799804672154,-2.674134768389745,1.0552133503197432,1.4660021160044119,-0.07307043617893427
-0.34458823138279193,-0.15047904380378085,0.9591852637973881,-2.605924917615513,-1.0831025017870732,1.36873170800202,1.6920282105999314,2.8992376849934445,0.3146275882234253,2.0227998841502597,-2.674134763345881,1.0552133756000934,1.4660020684762154,-0.07307045891207409
-0.3445454879978973,-0.15024718726325226,0.9593170458211961,-2.606374051849488,-1.083110733246132,1.3687306477604184,1.6920302359776331,2.8992546730382305,0.3157881418331163,2.0212048728805065,-2.674043246464805,1.054658127181007,1.467023955964474,-0.07257854362629601
-0.3445311912399083,-0.14988548013527137,0.9595533053184848,-2.6062321819096606,-1.083110166743253,1.3687295815876928,1.692032813759745,2.8992538833713635,0.31673131741010785,2.0198127091054126,-2.6741284389141677,1.0542161817079947,1.4678523666566559,-0.07217929573779802
-0.34453210025700454,-0.14988568659024093,0.9595541915800307,-2.6062322024532927,-1.0831100647980965,1.3687297814186752,1.6920327231032768,2.899268136894909,0.31676329312301554,2.01979946560753,-2.6741313840532834,1.0542009189160009,1.4678779309915182,-0.0721656378016009
-0.3445167407569931,-0.14983374787884962,0.9593873041843723,-2.606235765118335,-1.0831223891727058,1.36871885655292,1.6920359630993953,2.8992674026604686,0.31807510830083174,2.017813041494957,-2.6744190835370363,1.053594740392489,1.4690261198022574,-0.07161425919545916
-0.3445171732994785,-0.14983386385259578,0.9593877256361596,-2.6062357767016775,-1.0831223327253663,1.3687189692231696,1.692035911849361,2.8992744211091956,0.3180901162146412,2.017806735865097,-2.674420469680406,1.0535874869324022,1.4690381158208998,-0.07160783439902385
-0.3444567720788969,-0.14993978499474814,0.9590918100016683,-2.6062370955069167,-1.083130860965008,1.3687048305836007,1.6920383738642286,2.8992701054126755,0.31942450951382284,2.01584156049152,-2.674747955484519,1.05297208324831,1.4702043848492217,-0.07104916903546243
-0.3444568888402779,-0.14993981059375905,0.9590919249222889,-2.606237097912102,-1.0831308491446225,1.3687048539188362,1.6920383632134073,2.8992701491147486,0.31942453908512647,2.015841518315664,-2.6747479582519036,1.0529720693521085,1.470204410839333,-0.07104915654233057
-0.3443829943170238,-0.15001729802958153,0.9590195075032479,-2.6062307983991397,-1.083131448774162,1.3686952141569155,1.6920408917289587,2.8992718847584342,0.3207605442415691,2.013991571586292,-2.6748941886849087,1.0523480561647442,1.4713761399289176,-0.07048842876049122
-0.34438340449572014,-0.15001738954497945,0.9590199090590925,-2.6062308075012823,-1.0831314041329623,1.3686953027792894,1.6920408515079033,2.8992774974346815,0.3207732220518231,2.013986354637968,-2.6748953555338746,1.0523420030749069,1.4713862624556988,-0.07048301574724292
-0.34433210566028993,-0.15011306062727936,0.9590229311839762,-2.60652717434455,-1.0831352517762254,1.3686934671436797,1.6920429458053308,2.8992621128127176,0.32211207150251564,2.0116728372244665,-2.6750601096170916,1.0516924012783608,1.4725650584200363,-0.06991109187404021
-0.34433211187002843,-0.150113062013995,0.9590229372645807,-2.6065271744816267,-1.0831352511002985,1.3686934684852483,1.6920429451945975,2.899262115917306,0.32211207361854743,2.0116728342295644,-2.6750601098151314,1.0516924002843933,1.4725650602781197,-0.06991109098026982
-0.34431407468331976,-0.14962488444967015,0.9591822065412083,-2.606836671191937,-1.0831433467251843,1.3686837843634976,1.6920446776260563,2.899279326799949,0.32345469761807255,2.0098703451405058,-2.6749778488351703,1.0510537728324483,1.473746993145589,-0.06934045547459977
-0.3443142387604059,-0.149624921055592,0.9591823671713096,-2.6068366748318192,-1.0831433288670156,1.3686838198113187,1.6920446615375466,2.899279339376797,0.3234547061884543,2.0098703330048764,-2.6749778496370613,1.0510537688051524,1.4737470006706417,-0.06934045185275028
-0.3443106957270876,-0.14928206459857218,0.9593758749468364,-2.606829525561136,-1.0831487772885193,1.3686860946821513,1.6920479940978217,2.8992731560920273,0.3247996294481137,2.007943115404002,-2.675115294542011,1.05041934689159,1.4749296029782624,-0.06876825728834657
-0.34428649666161526,-0.14934976719885462,0.9591036088893405,-2.6068363921329545,-1.0831593941280417,1.368673914663368,1.6920501828663834,2.8992730012451133,0.3258860532382615,2.0063003390276553,-2.6754364206455534,1.049917426557606,1.4758759203079919,-0.06831211693867267
-0.34428673871063076,-0.1493498164858469,0.959103844599583,-2.6068363970277724,-1.083159369402103,1.3686739622022008,1.6920501613146903,2.8992723843108408,0.3258856329850177,2.0063009343478786,-2.6754363813155635,1.0499176240732027,1.4758755512733543,-0.06831229450454934
-0.34422298379799,-0.14949074221023562,0.9588094243428626,-2.6068405779477555,-1.0831651782863985,1.3686602701209143,1.6920528283171656,2.899271865370146,0.3272366385194383,2.0043362668700038,-2.675758433467826,1.049292313205469,1.4770577985369888,-0.06774369803759672
-0.34422411171760725,-0.14949102843574558,0.9588105215612286,-2.606840606462627,-1.0831650377656359,1.3686605474056557,1.6920527023518281,2.899278687420882,0.32725396853498356,2.004329761190645,-2.675760025597838,1.049284099568065,1.4770715864006823,-0.06773629842181439
-0.3441592942870537,-0.14957768766755386,0.9587665487395531,-2.606837693884854,-1.0831624877144435,1.3686536839662575,1.6920555140353095,2.8992758493778936,0.32860658052134895,2.002477572983288,-2.6759019077146435,1.048645249415313,1.4782596233822707,-0.06716441790012606
-0.34415969355646414,-0.1495777764028059,0.958766939713505,-2.6068377027108105,-1.0831624444465406,1.3686537699023313,1.6920554750358083,2.8992832715041956,0.32862455283247627,2.0024704452132625,-2.6759035626686165,1.0486367220719126,1.4782739558892635,-0.06715672390275795
-0.34412705005427924,-0.14966262874804803,0.9587960914624922,-2.6071813445218437,-1.08316570553388,1.3686548742926834,1.6920576850771858,2.8992862426911294,0.3299889651047323,2.000142974156038,-2.676044192879906,1.047986285886073,1.4794749743926907,-0.06657803905364457
-0.34412697062775877,-0.14966261109987578,0.9587960136858094,-2.607181342768593,-1.0831657141399433,1.3686548572006658,1.6920576928332465,2.89928629352816,0.32998900038688106,2.0001429251024128,-2.676044196180027,1.0479862693006838,1.4794750053016976,-0.06657802414140956
-0.34409517388532507,-0.14905153106529845,0.9591759841992431,-2.6071673141787337,-1.0831613044722959,1.3686542283550804,1.6920606974570258,2.8992893353378726,0.33136866673228305,1.9982876459952514,-2.6760236200307244,1.0473290351324058,1.4806842950854016,-0.06599156923633309
-0.3440953367807644,-0.1490515673195567,0.959176143711554,-2.6071673177844716,-1.0831612867942506,1.3686542634729286,1.6920606815173662,2.8992894534648066,0.3313687487153292,1.9982875320129203,-2.6760236277005855,1.0473289965916228,1.4806843669074095,-0.06599153458788898
-0.34410971494730713,-0.1488734573736128,0.9592593635779876,-2.607166232872706,-1.083167644508442,1.3686535500306323,1.6920638196363813,2.8993206900594135,0.33283015107824543,1.9962751974924444,-2.676227767450756,1.0466435821585485,1.4819530907382035,-0.06537426396402513
-0.3441097951706018,-0.1488734751528975,0.9592594421470109,-2.6071662346406956,-1.0831676358432019,1.368653567247267,1.6920638118214277,2.899320810098617,0.332830237581061,1.9962750817362007,-2.676227775536785,1.046643541450333,1.4819531661512588,-0.06537422737906073
-0.3440791606747693,-0.14891501994974288,0.9589772643993744,-2.6071705310363114,-1.0831788101435904,1.368641317482755,1.6920659674664535,2.8993393134096674,0.33434752918898614,1.9942006747422987,-2.6765838098515866,1.0459414136879817,1.4832633027836506,-0.06473597928765251
-0.3440789116199232,-0.1489149647743213,0.9589770204781178,-2.607170525548426,-1.0831788370438737,1.368641264042231,1.6920659917197673,2.89933932992035,0.3343475414068182,1.9942006588216863,-2.676583810993212,1.0459414079351292,1.483263313399486,-0.06473597411666354
-0.344041526886512,-0.14913328514377833,0.958758418163363,-2.607170035716675,-1.0831829108565711,1.3686297444009599,1.6920681215369737,2.899344499720156,0.3357317626373435,1.9923931946120081,-2.67685631203691,1.0452982292311148,1.484458726526225,-0.06415453626704792
-0.34404146686595816,-0.14913327183194758,0.9587583593836975,-2.60717003439197,-1.0831829173465304,1.3686297315060263,1.6920681273901963,2.8993446878349385,0.3357319032615669,1.9923930132425784,-2.676856325171424,1.0452981630062617,1.4844588485614922,-0.0641544767511002
-0.3439916813293076,-0.14918109954221848,0.9587783521705626,-2.607166618376409,-1.083178993219163,1.3686259249577528,1.6920700827399877,2.8993674552649598,0.3372151799312242,1.9906452954387177,-2.676951759105524,1.044591865245831,1.4857399300156056,-0.06352454312329936
-0.3439918726694211,-0.14918114198819454,0.9587785395547685,-2.607166622599921,-1.083178972523602,1.3686259660760096,1.692070064080555,2.8993673718880064,0.3372151146255611,1.9906453757906846,-2.676951753009723,1.044591896054179,1.4857398736655023,-0.06352457080429996
-0.3439793547500516,-0.14916811244026107,0.9588346912159542,-2.6074669390600005,-1.083182963525258,1.368627963615181,1.692071392929768,2.8993831861334662,0.33870543976346124,1.9889335972045306,-2.6768813175274415,1.0438798384601302,1.487027754580657,-0.06289127631685343
-0.34397935416870684,-0.14916811231034988,0.9588346906460883,-2.6074669390475265,-1.08318296358913,1.3686279634900953,1.6920713929871218,2.8993831719927137,0.338705428585814,1.9889336108279796,-2.676881316484228,1.0438798437356365,1.4870277449465785,-0.06289128105674546
-0.343954557308253,-0.148579622199962,0.9591826205910445,-2.607425471550145,-1.0831806610161605,1.3686255087138868,1.6920736001265315,2.8993917252007577,0.3402200420300936,1.9871544719154226,-2.6768866600673835,1.0431608270631774,1.4883305925307955,-0.06224656839600495
-0.34395480131400724,-0.1485796761603866,0.9591828595956651,-2.6074254769158074,-1.083180634717214,1.3686255609718097,1.692073576410422,2.8993915791942086,0.34021992555162583,1.9871546125526987,-2.6768866491940235,1.0431608820776308,1.4883304922495473,-0.06224661780797458
-0.34397377685564834,-0.14850420364879824,0.9591073823008571,-2.6074303094256495,-1.0831908211041812,1.3686211878982668,1.6920755341982707,2.89938479676578,0.34175454830869345,1.9852331852823966,-2.6771672099147548,1.0424400625059667,1.489647686486303,-0.061595352304854245
-0.3439735278235503,-0.1485041486128238,0.9591071383689247,-2.6074303039520017,-1.0831908479281838,1.3686211345953234,1.69207555839021,2.8993848123319026,0.34175456084887035,1.98523317028922,-2.6771672110851314,1.0424400565808005,1.489647697269798,-0.061595346982640464
-0.34393699665748656,-0.1485826096296914,0.9588251640026675,-2.607433160370467,-1.0831990640377935,1.3686101796645542,1.692076862391397,2.899393161389714,0.3433127886608194,1.98331200449889,-2.677520315401485,1.0417151915551113,1.4909790975056616,-0.06093830177916715
-0.34393683225696847,-0.14858257329871938,0.9588250029700225,-2.60743315675598,-1.0831990817480057,1.368610144471302,1.6920768783631992,2.899393127894893,0.3433127614112781,1.9833120367624542,-2.6775203128569176,1.0417152044364375,1.4909790740983588,-0.06093831334757738
-0.3438744236982476,-0.1487132593937628,0.9587036095493007,-2.6074340415716626,-1.0831985794847119,1.3686022749935178,1.692078477063847,2.8993920328679206,0.34488043376774247,1.9814887747228909,-2.67777068817323,1.0409790553428309,1.4923235844748923,-0.06027309623353094
-0.3438742359040692,-0.14871321787210645,0.9587034256085234,-2.6074340374414624,-1.0831985997272149,1.3686022347671565,1.6920784953174286,2.8993921800841758,0.3448805546927085,1.9814886329262364,-2.677770699462032,1.0409789981538715,1.4923236882295434,-0.06027304486930252
-0.3438292629745243,-0.1487314997282847,0.9588346882334786,-2.607428894307189,-1.0831937238052538,1.368600640170778,1.69208039437464,2.8993950793151075,0.34646210147968404,1.9797403745990927,-2.6778412566965386,1.0402222324969426,1.4936818526299414,-0.0595993826811716
-0.34378848287398256,-0.14852760017205036,0.9589415553089884,-2.607948028311884,-1.0832013649419387,1.3686014596971,1.692081206195594,2.8993830542199923,0.3477320354379234,1.9776692477608417,-2.6780133838186257,1.039597125114872,1.4947690964165776,-0.059056323939425504
-0.34378910517873607,-0.14852774310389405,0.9589421617619456,-2.6079480425543755,-1.0832012943385865,1.3686015982428192,1.6920811433420306,2.8993867643057207,0.3477518220800153,1.9776657115463347,-2.6780152023850414,1.039587590677984,1.4947842934346713,-0.059047761036285173
-0.34377529328382206,-0.14800711922536314,0.9592672741608039,-2.6079361899315847,-1.0832019980951306,1.3685998370119807,1.6920830025776323,2.8994039645589,0.3495069272950708,1.9756527103170605,-2.678107139178233,1.038751932219105,1.4962870120607832,-0.05829931688982892
-0.3437753005408508,-0.14800712083009548,0.9592672812692404,-2.6079361900913174,-1.083201997314846,1.3685998385657911,1.692083001872141,2.8994038448560033,0.3495068270959685,1.9756528255892327,-2.678107129826376,1.038751979645637,1.496286926284668,-0.05829935948161857
-0.34378636738346735,-0.14790701623877656,0.9591976228540151,-2.6079381438166,-1.0832119705347103,1.368594706334811,1.6920850292052017,2.899402149569008,0.35127158776705336,1.9735348269444017,-2.678419588870007,1.0379211632774608,1.4977962682505757,-0.057547895968713014
-0.3437870114377244,-0.1479071712752944,0.9591982516551116,-2.6079381593366313,-1.083211894516385,1.3685948574791884,1.692084960606094,2.899406631365027,0.35129437388158813,1.973530877521526,-2.678421725985361,1.037909792281483,1.497813844373625,-0.057537786193704754
-0.3437491764082159,-0.14801549105058553,0.9588870019580877,-2.607944389762181,-1.0832201274529298,1.368582899001619,1.6920863450228532,2.899414296949745,0.35311913030147934,1.9713979259783763,-2.678819953366861,1.037056540096013,1.499365776645794,-0.056763669487968293
-0.3437489904231361,-0.1480154501033777,0.9588868197442135,-2.607944385689611,-1.0832201474068663,1.3685828593352989,1.6920863630238216,2.899414298857538,0.3531191319560847,1.9713979241422415,-2.6788199535214146,1.0370565393120428,1.4993657780557452,-0.056763668782278565
-0.3436907131211644,-0.1481462918094021,0.9587489687487976,-2.6079444788285,-1.0832190528731378,1.3685753956136009,1.6920877809437522,2.8994158844454176,0.35497435791432785,1.9693674048811154,-2.6790960486668167,1.0361813865393783,1.5009452475151743,-0.055974171772191106
-0.34369073841092934,-0.14814629738209328,0.9587489935243747,-2.6079444793821374,-1.0832190501581258,1.368575401012051,1.6920877784923936,2.899415879283815,0.354974353397429,1.9693674098510705,-2.67909604824493,1.036181388682773,1.5009452436686654,-0.05597417369694124
-0.3436447396033868,-0.1481723568771649,0.9588885368777849,-2.6079390524562105,-1.0832138280168557,1.3685744661244428,1.6920896004824317,2.8994149466020254,0.3568239842519043,1.9674225909936212,-2.6791842137966437,1.0353006894002386,1.502523937481743,-0.05518489094440593
-0.3436447629099453,-0.14817236201089656,0.9588885597120633,-2.607939052967194,-1.0832138255139707,1.3685744710977206,1.6920895982261381,2.8994149371491638,0.35682397598494564,1.967422600094764,-2.679184213025123,1.0353006933223847,1.5025239304398026,-0.05518489446664088
-0.3436103933963892,-0.14792694448548405,0.9590237360600984,-2.608448300745408,-1.0832203777226475,1.3685760435793397,1.6920902616273548,2.8994146986231293,0.35854125325455755,1.9650546751588198,-2.679377163869024,1.034489205225193,1.5039825195358034,-0.05445001070558675
-0.3436102785252402,-0.1479269192011885,0.9590236235055425,-2.6084482982308086,-1.0832203900375927,1.3685760190864298,1.6920902727426628,2.8994145406605547,0.35854111197901517,1.9650548272158819,-2.679377150677956,1.0344892723488934,1.5039823995163175,-0.0544500709596214
-0.34361032335735153,-0.1474826602496262,0.9593059465561797,-2.6083359481722943,-1.0832195927234178,1.3685748206530497,1.6920916019336956,2.899425700163137,0.3601013742701422,1.9634900728648788,-2.6794485663923595,1.0337427153911296,1.5053068863357595,-0.053783016443103016
-0.3436232542224822,-0.1475270224644789,0.9591326332852326,-2.608372521303708,-1.0832296309733256,1.3685701431005524,1.6920928110168718,2.8994240518988583,0.3615383757367061,1.9618194323213825,-2.6797568023313634,1.0330663145508439,1.5065261848093154,-0.05316961063621761
-0.3436233881561286,-0.14752705194202065,0.959132764519051,-2.6083725242358846,-1.0832296166146758,1.368570171657142,1.6920927980604155,2.899426346402837,0.3615573874339537,1.9618175424771476,-2.679758606760399,1.0330566087340571,1.5065406761654838,-0.05316100041790861
-0.34358582697815,-0.1476404020866635,0.9588242355752712,-2.6083787979085855,-1.0832373325970288,1.3685586717667855,1.6920939690130996,2.8994262629076815,0.3634757553528747,1.9596744613266992,-2.6801662339784933,1.0321565340572807,1.5081645027844335,-0.05234509217558614
-0.34358604964192185,-0.1476404602584811,0.958824452577268,-2.6083788037682805,-1.0832373040390204,1.3685587288603984,1.692093943094838,2.899426366629193,0.363475848948406,1.9596743614988483,-2.680166242719798,1.0321564895548345,1.5081645822159206,-0.052345052232003475
-0.3435315240302721,-0.14776518720905152,0.9587014978170831,-2.608378577715281,-1.0832355985668263,1.3685522522204385,1.6920952328428924,2.8994258056877555,0.3654154101836449,1.9576433689973545,-2.6804412962597075,1.0312384171114282,1.5098088942321404,-0.051517569679703
-0.34353146679890045,-0.1477651746428985,0.9587014417354052,-2.608378576465361,-1.0832356046880725,1.368552240049599,1.6920952383653622,2.899425943774517,0.36541553589386755,1.9576432360848717,-2.6804413080001748,1.031238357310631,1.5098090008129539,-0.05151751600421406
-0.34348977727011665,-0.14775785319072554,0.9588564166400193,-2.608369161628006,-1.0832313466676389,1.3685520048243842,1.6920966172241538,2.899433429413259,0.36735218205171716,1.9557024574566988,-2.680504359394381,1.0303122004095702,1.5114529910595529,-0.05069218762465777
-0.3434897709303524,-0.14775785180178325,0.9588564104268276,-2.6083691614895765,-1.0832313473457547,1.3685520034777268,1.6920966178333972,2.8994332278476467,0.3673519985533309,1.9557026514688367,-2.6805043422561754,1.0303122877007684,1.5114528354830519,-0.05069226597333465
-0.3434526769784556,-0.14748211315000725,0.9590314903694326,-2.6088898782467624,-1.0832374567930858,1.368553870672915,1.6920971464610597,2.8994357697766553,0.36938417534954215,1.9537723449266977,-2.6804756182474723,1.0293287973452925,1.5131689267670527,-0.04981795674970879
-0.34345240009318534,-0.1474820523838014,0.9590312190165688,-2.6088898722031226,-1.0832374863821443,1.3685538118081348,1.6920971731755794,2.8994355640469003,0.36938397949170554,1.9537725428690962,-2.6804755999422376,1.029328890838289,1.513168761549247,-0.049818040627832794
-0.3434464020201773,-0.14699768186961615,0.9593522219991799,-2.6088797436710283,-1.083237981673712,1.368553775907535,1.692098339212724,2.8994343638216353,0.37141755308228763,1.9517317441128306,-2.680600195946224,1.0283520943490103,1.5148855149168048,-0.04894306769051315
-0.3434625107663889,-0.14702003294414823,0.9591972912298408,-2.608885016260924,-1.0832474087545518,1.3685488265796826,1.6920995911207402,2.899440215612607,0.37305296845197233,1.9500079717132568,-2.680878714396224,1.0275372391364588,1.5162605990433686,-0.04824403745611061
-0.3434633822595492,-0.1470202242707943,0.9591981454190188,-2.6088850352600312,-1.0832473157493627,1.3685490115621732,1.6920995071436353,2.8994415026843043,0.37309760707425,1.950006909682779,-2.6808829729703127,1.0275142665947303,1.5162940905599154,-0.04822353514673505
-0.3434273155406524,-0.14713807676062807,0.9589012985533074,-2.6088906862232526,-1.0832536588016577,1.3685386666592958,1.692100340063027,2.8994356224815157,0.3751659465099815,1.9478594983946405,-2.681308479560929,1.0265379849391643,1.5180314048732217,-0.047339407204937345
-0.3434280808058334,-0.14713824379826557,0.9589020488598372,-2.6088907027801382,-1.0832535777328032,1.3685388278891253,1.6921002668780216,2.8994353912785975,0.37519078621487356,1.9478594540137149,-2.6813108470271008,1.0265252523606527,1.5180500050126557,-0.04732798455494347
-0.3433730169028042,-0.14724324803178535,0.9587867824467509,-2.608885503794515,-1.0832524469443348,1.368532932001517,1.6921007653955595,2.8994376328918197,0.3772835006733315,1.9458267324776877,-2.6815819296056977,1.0255298293932622,1.5198073056385804,-0.04643367095026818
-0.34337344384587887,-0.14724334148657503,0.9587872008894465,-2.608885513090348,-1.0832524014354492,1.3685330225411758,1.6921007243073056,2.8994375797965564,0.3773081792134958,1.9458267935198599,-2.681584293138754,1.0255170114429557,1.5198257510219912,-0.046422252003075926
-0.343337963987441,-0.14735016327148465,0.9587729237870448,-2.6090976964695494,-1.0832544301078304,1.3685292529739614,1.6921008382623508,2.8994321731058257,0.37943890959575377,1.9438651484568688,-2.681687571997907,1.0244863020109207,1.5216174193078578,-0.04550472276143225
-0.34333803373428395,-0.147350178556656,0.9587729921451889,-2.6090976979902747,-1.0832544226648557,1.3685292677839627,1.692100831541426,2.89943204148285,0.3794387770441343,1.943865275083251,-2.6816875595935006,1.0244863655767062,1.5216173081874436,-0.04550477976816936
-0.34331220909731464,-0.1470667942321815,0.958956013504376,-2.6095410628655555,-1.0832600861236559,1.368533236938743,1.6921007380954736,2.899425837324374,0.38162557154348953,1.9412492218720274,-2.6819151435755906,1.0234152857107306,1.5234465941805713,-0.044553965901749315
-0.34331217320109353,-0.1470667863797428,0.9589559783177757,-2.609541062086135,-1.0832600899460858,1.368533229331573,1.6921007415492528,2.899425959203592,0.3816256959760356,1.941249104615956,-2.681915155221539,1.0234152259845937,1.5234466983342418,-0.04455391234244477
-0.3433055284413138,-0.14655387016979882,0.9592938166304199,-2.609533047574825,-1.08326007801911,1.3685331678643422,1.6921017046714646,2.899438655417999,0.38383424218706796,1.939222916023052,-2.6820260858379177,1.0223504771361647,1.525292313163452,-0.04359971985286393
-0.3433054736261356,-0.14655385820696365,0.9592937628924707,-2.6095330463846356,-1.083260083841056,1.3685331562779983,1.6921017099307885,2.8994388224828462,0.383834414784741,1.9392227553187134,-2.682026101997125,1.022350394195513,1.5252924574427782,-0.04359964549144735
-0.3433216507492096,-0.14649204650382286,0.9591696639089182,-2.609537125892562,-1.0832685297543418,1.3685292636928028,1.692102554151837,2.899434356215256,0.3860762326305096,1.9370652807333393,-2.682394914725198,1.0212785835779234,1.5271573406689098,-0.042634597346069114
-0.3432873258739635,-0.14661549921994022,0.9588773595560642,-2.6095393176087294,-1.0832742285055417,1.3685200781780558,1.6921025596151642,2.899435431302841,0.3878697718559234,1.9353544170484902,-2.6827433948769315,1.0204266412713894,1.528649089062677,-0.04186547284956532
-0.3432879668793456,-0.14661563857040338,0.9588779881716416,-2.609539331428519,-1.083274160875629,1.3685202127602722,1.6921024985286706,2.8994336139204293,0.3878901292136998,1.9353558725112627,-2.6827453587869963,1.0204159441546468,1.5286640922332086,-0.04185589545046042
-0.3432412731594461,-0.14673682863389903,0.9587674900161955,-2.609538845313013,-1.0832714144505615,1.36851538163703,1.692103098630657,2.899427640339569,0.3901348220552938,1.9333267858466971,-2.6830447605615317,1.0193398195968983,1.530536926037657,-0.04088785045070242
-0.343241801702618,-0.14673694273612492,0.9587680083798533,-2.6095388566477875,-1.08327135897735,1.368515492047874,1.6921030485332407,2.8994253947801614,0.3901597558776251,1.9333288321998143,-2.683047177291737,1.0193265475484958,1.5305552438261518,-0.04087604294902736
-0.3432075410117017,-0.1467306509858255,0.9588974895555475,-2.609550812678465,-1.0832673752352187,1.36851748470461,1.6921034320160808,2.899431343116916,0.392444521106726,1.9313977627623764,-2.6831298292319303,1.0182190579654637,1.5324589447429187,-0.03988968594179898
-0.34320751129390903,-0.14673064449737483,0.9588974604232154,-2.60955081203321,-1.0832673783929745,1.3685174784198928,1.6921034348692798,2.8994314062820834,0.39244458944567473,1.9313977019922852,-2.6831298356392255,1.0182190249833454,1.532459001585229,-0.03988965638214115
-0.3431785958921605,-0.14641953795727725,0.9590778495914822,-2.6100677876224525,-1.083272860123577,1.3685207072387615,1.6921033566093238,2.8994270671132583,0.3947445791677131,1.9294801943238689,-2.6831143668810205,1.0170949545556551,1.5343738665294113,-0.03889052060282783
-0.34317868444323274,-0.14641955728839262,0.9590779363985842,-2.6100677895454996,-1.0832728507147682,1.3685207259674308,1.6921033481087533,2.8994271219684293,0.394744638519021,1.9294801415485985,-2.6831143724457513,1.0170949259113824,1.534373915894446,-0.03889049493006613
-0.3431822720370512,-0.14597753379035705,0.9593627901766304,-2.6100584649421723,-1.0832733845030493,1.3685219852334263,1.6921038215901625,2.899427374162423,0.39704861509526346,1.9274328250671129,-2.6832677590941216,1.0159788505875786,1.5362886895606955,-0.03789209405354654
-0.34321198206999526,-0.1459836558469747,0.9591877083096048,-2.610063202437482,-1.0832814260776775,1.3685184281912854,1.692104627448883,2.899431287990325,0.3988973399804774,1.9257208153673524,-2.683561587791698,1.0150939706899669,1.5378213366751643,-0.037094598410212676
-0.34321236620790785,-0.14598374388795232,0.9591880842336273,-2.610063211228424,-1.0832813830785002,1.3685185138231022,1.6921045885869548,2.8994290958947673,0.3989222838803652,1.9257234156752254,-2.683564022383501,1.0150803719425374,1.5378395265286775,-0.03708266987300757
-0.3431840049329802,-0.14610101505852802,0.9588919838060432,-2.6100689738853355,-1.083287139309308,1.3685093888759083,1.6921048907520355,2.8994227824940744,0.401246103271224,1.9235875526025357,-2.684008515161125,1.0139701516572384,1.5397656667835458,-0.036079207417368586
-0.343185169543637,-0.14610126877133833,0.9588931257585811,-2.6100689991002577,-1.0832870159713115,1.368509634443594,1.692104779297783,2.8994165869735617,0.4012916614334374,1.9235933660154192,-2.6840129467869165,1.0139455885861945,1.539798761592274,-0.036057437721587426
-0.34313426595494345,-0.14623295087959365,0.9587770080723921,-2.610068783364987,-1.083283994752087,1.3685048966305944,1.6921051229958517,2.8994130428079607,0.40364179172355197,1.9215597662526527,-2.6843627984700937,1.0128147963219414,1.5417481077316655,-0.035039077152553944
-0.3431341859042911,-0.14623293348445277,0.9587769295781108,-2.610068781635432,-1.0832840032168216,1.368504879779333,1.6921051306413015,2.899412885806438,0.4036416159575973,1.921559917275811,-2.684362781972138,1.0128148814570936,1.5417479620838694,-0.03503915341835295
-0.34309068457661773,-0.1463650552698943,0.9587533456608579,-2.6103043661370013,-1.0832846400695408,1.3685026731858771,1.6921045791596445,2.8994055029320336,0.4060335019041972,1.919607252138741,-2.6845594042232177,1.0116892789911018,1.5437313829988062,-0.03399845195980067
-0.34309065305407316,-0.14636504842178422,0.9587533147515686,-2.6103043654564053,-1.0832846434020627,1.3685026665497007,1.6921045821684562,2.8994056034879705,0.40603361589769094,1.9196071553873129,-2.6845594149269454,1.011689223712792,1.5437314773355615,-0.03399840244342389
-0.3430474717405394,-0.146137880466104,0.9589269404746421,-2.610829530822578,-1.0832892161549335,1.368507627740474,1.6921044305251445,2.8994003284589667,0.4084272639188722,1.9169928509675245,-2.684814219998418,1.0105025497532347,1.5457148316504599,-0.03296163874547897
-0.3430476006470977,-0.14613790848023012,0.9589270668741783,-2.6108295336097997,-1.0832892025263121,1.368507654879504,1.6921044182097458,2.899400499447502,0.408427457767095,1.9169926864489923,-2.6848142382008264,1.01050245575063,1.54571499206953,-0.0329615545394395
-0.3430359974500954,-0.14539030609571935,0.95936901621885,-2.6108182496066856,-1.0832849398731796,1.368509452927615,1.692105138722571,2.8994204399871037,0.4108231598625496,1.9150608667643851,-2.6848111973449136,1.0093306103312036,1.5476989019102563,-0.03191751152939748
-0.34303580252543053,-0.14539026373056663,0.9593688250849057,-2.610818245392362,-1.0832849604839836,1.368509411887949,1.6921051573479864,2.899420649173045,0.4108233970119999,1.9150606654936126,-2.684811219613633,1.0093304953307998,1.5476990981643555,-0.031917408514343215
-0.34309562145335537,-0.14524956831981095,0.9594583234572038,-2.610816627624919,-1.0832911991482308,1.3685130420128266,1.6921060618118617,2.899411202328807,0.41300539456083296,1.9132068051692919,-2.685011853299656,1.008268357098875,1.5495027449980032,-0.030965593835412974
-0.34309580536966866,-0.14524960832247036,0.9594585037904952,-2.6108166316038464,-1.0832911796808282,1.3685130807752879,1.6921060442187847,2.899411175886627,0.41300536421281375,1.9132068306147438,-2.6850118504483023,1.0082683718344159,1.5495027199159015,-0.030965607033524023
-0.3431040854488332,-0.14526627655379531,0.9592009951615594,-2.610823408786903,-1.0833001453135604,1.3685064859807645,1.6921061926977488,2.89940958142636,0.41521828677788264,1.9112542102989813,-2.685390033613009,1.0072010956838113,1.5513247616658772,-0.030005900097976657
-0.34310426259705995,-0.1452663150795921,0.9592011688590532,-2.6108234126193874,-1.0833001265634734,1.3685065233137084,1.6921061757573426,2.8994095590730478,0.4152182611253217,1.9112542318110393,-2.68539003120301,1.0072011081400234,1.5513247404638717,-0.03000591125330221
-0.34307496385091074,-0.1453967616050278,0.958955843397014,-2.6108275988643075,-1.0833025833457823,1.368499886915313,1.692105887158406,2.8993735471276594,0.4175675061746187,1.9093769985273816,-2.685810742381264,1.0060611885716444,1.5532467307173006,-0.028978522322473665
-0.3430422312790258,-0.14544348484316494,0.9589734089783288,-2.610820245921244,-1.0832984763318154,1.3684996488160288,1.6921054811420049,2.899376043421542,0.4194287639800809,1.9079887172773446,-2.6859688458832727,1.005150997647565,1.5547733326525943,-0.028165756671648445
-0.3430424799423202,-0.14544353845425295,0.9589736528996795,-2.6108202512540784,-1.0832984502565792,1.3684997007713804,1.6921054575674195,2.899371181780568,0.41944594392332313,1.907993291573451,-2.685970570967446,1.0051411268341148,1.5547853630901471,-0.028157070414978058
-0.3430135021148448,-0.14553329648188207,0.9590198071805522,-2.6111350652136966,-1.0832996646981643,1.3685044350583215,1.6921042977227334,2.8993765658023243,0.4220144285083087,1.906110540587438,-2.686069983639759,1.003876344200723,1.556894489437676,-0.02703268274745252
-0.3430141686881658,-0.14553344044944883,0.9590204608888806,-2.6111350795362966,-1.083299594635366,1.368504574560795,1.692104234420683,2.8993692149834054,0.42203716217478515,1.9061177109511327,-2.686072276668521,1.0038630799231854,1.556910238628392,-0.027021089730854264
-0.3430110460628173,-0.14513104668790566,0.9592100199696194,-2.611579077703118,-1.0833049651774267,1.3685090643128128,1.6921031812468965,2.899361550894783,0.42463016822509214,1.9036058287423359,-2.686327311314659,1.0026061553734387,1.5590317204132855,-0.02588213037302811
-0.343011552747007,-0.14513115642849161,0.9592105169539504,-2.6115790886195875,-1.083304911818494,1.368509170646706,1.692103132989401,2.899353833630636,0.42465846044987554,1.9036127992285472,-2.6863300833491373,1.002590432958229,1.5590515847022939,-0.02586827616725973
-0.3430137904752959,-0.14466219513147482,0.9595403942692959,-2.6115723821150136,-1.083304274622808,1.3685125426775606,1.6921031336042438,2.8993601332484094,0.4272801068613239,1.9016509212374348,-2.686480629858468,1.001296311938983,1.5611913337646763,-0.02471533998877362
-0.34301446176424744,-0.14466234125547528,0.9595410525283379,-2.611572396654235,-1.0833042035246,1.3685126843130657,1.6921030693286627,2.8993516472250835,0.427302814990262,1.9016590043654364,-2.6864829283057983,1.001282963270544,1.5612068926873741,-0.024703651727993048
-0.34304735684046417,-0.1445932550284068,0.9594380449465154,-2.611576506616598,-1.0833129773941885,1.3685102954844912,1.6921031754392937,2.8993447755423603,0.42997654312557465,1.8996174150128766,-2.6868315726532686,0.9999723425743872,1.563381694230916,-0.023528002237322987
-0.34304740195910544,-0.14459326474599887,0.9594380892145713,-2.6115765075827175,-1.0833129726709712,1.3685103048982055,1.692103171167566,2.8993448031100115,0.42997657933270794,1.8996173884503875,-2.686831576072316,0.9999723247233971,1.5633817237268453,-0.02352798627768049
-0.3430270866220768,-0.14471254644952047,0.9591496703361928,-2.6115823354219714,-1.0833177579640005,1.3685030092173318,1.6921026390361895,2.8993378244868317,0.43266289776701417,1.8975550225635534,-2.687320043002681,0.9986605213267143,1.5655655376835549,-0.022346476520549885
-0.34302703588811045,-0.14471253551914343,0.9591496205594643,-2.611582334335349,-1.083317763275733,1.3685029986303174,1.6921026438418898,2.899337803257229,0.4326628698856796,1.8975550430187287,-2.6873200403695563,0.998660535071858,1.5655655149697632,-0.022346488809748877
-0.3429861674703316,-0.14484581069992641,0.9590362471623237,-2.6115820734200277,-1.0833137766511762,1.3684999668757891,1.6921022049546035,2.899324594127137,0.43536583058843537,1.8956052503404592,-2.687695538821246,0.9973316007252224,1.5677641828567666,-0.02115335663965201
-0.34298626683064004,-0.14484583210349244,0.9590363446483288,-2.611582075548379,-1.0833137662501702,1.3684999876084776,1.6921021955449767,2.899324677895656,0.4353659420724485,1.8956051695905742,-2.6876955493551824,0.9973315456771426,1.567764273551962,-0.021153307424957468
-0.34296372253521223,-0.14494166528808394,0.9590247050058203,-2.611756021902126,-1.0833135227054538,1.3684974533412713,1.6921008229319372,2.89931257706119,0.4378156528303814,1.893944261474461,-2.687861506373574,0.9961116467517375,1.5697574737235636,-0.020067608061904885
-0.34294534114410524,-0.14469905161758234,0.959201693083461,-2.612270488224965,-1.083317419578055,1.3685032281962268,1.6921004485329239,2.899318485486914,0.43979708194104195,1.8926239922835038,-2.687848274823513,0.9951228661430331,1.5713733531098582,-0.019187587317938792
-0.34294541487915886,-0.14469906768357,0.9592017653819802,-2.6122704898273392,-1.0833174117435478,1.368503243817408,1.6921004414437404,2.899318310545217,0.43979684609918923,1.8926241609815904,-2.687848252522822,0.99512298279158,1.5713731615079238,-0.01918769159373035
-0.34294832738066194,-0.14406357682618598,0.959589843682692,-2.6122594805239485,-1.0833134608091712,1.3685071345060078,1.6921002350523375,2.8993219081619426,0.44252310832219965,1.89072415587437,-2.6879657923863354,0.9937666736641289,1.5735869385167431,-0.01798003012233451
-0.34294875310065986,-0.14406366860490039,0.9595902613488727,-2.612259489653596,-1.0833134161967837,1.3685072234385776,1.6921001946936187,2.899313749578992,0.44254283809290573,1.8907318013759529,-2.6879678232470683,0.9937547110114258,1.5736002363464605,-0.017969573167093245
-0.3429841520234067,-0.14392690106988137,0.959618225606433,-2.6122617608350778,-1.0833193826265062,1.36850924272271,1.6921003986504874,2.8993240347329294,0.44529754359217844,1.8887349995704525,-2.6882572096430533,0.9923943232804868,1.57582872188883,-0.01675219020335117
-0.3429840680274072,-0.1439268829724516,0.9596181431865292,-2.6122617590359525,-1.0833193914190318,1.3685092251889843,1.6921004066088288,2.899324135524461,0.44529768225330013,1.888734902373706,-2.688257222770061,0.992394254491626,1.5758288342891946,-0.016752128737500094
-0.34298592480338463,-0.14399265338416845,0.9593132658680981,-2.6122668375324944,-1.0833278704774219,1.3685019223464194,1.6920995997311195,2.8993020958084657,0.448089916101841,1.8867038309975186,-2.6887094662907547,0.9910190057677282,1.5780814525777611,-0.015516607388726733
-0.3429858638597132,-0.1439926403010685,0.9593132060603162,-2.6122668362316843,-1.0833278768325294,1.3685019096723474,1.6920996054815436,2.899302149165095,0.4480899904450606,1.8867037795392037,-2.6887094733341685,0.9910189688183833,1.5780815127575902,-0.015516574382258064
-0.3429755921628459,-0.14422103457125246,0.959083929087833,-2.612267007753962,-1.083329509852997,1.3684958649888683,1.692099071310969,2.8992756743731043,0.45092319762640276,1.8847379150800911,-2.6891736490730667,0.9896183402686418,1.5803626031832039,-0.01425876684720162
-0.3429327873577268,-0.1442826693591428,0.9591228502753895,-2.612264553426395,-1.083322894862396,1.3684959797902936,1.6920985414671823,2.8992673462169485,0.4531809360312087,1.8832506555742405,-2.6894520408199565,0.9884945846963662,1.5821868023251486,-0.013251704610337534
-0.3429336488462216,-0.14428285495730275,0.959123695503135,-2.61226457191382,-1.0833228045596155,1.3684961599124477,1.6920984597341766,2.8992465975855843,0.4532175491956627,1.8832689450950646,-2.6894558809941698,0.9884716348287315,1.5822106397096878,-0.013231510408766134
-0.3428875709885659,-0.1444074244835205,0.9591591786438469,-2.612629096426231,-1.0833231962171264,1.3684994077704138,1.6920963331206222,2.8992526155451213,0.45605985336860044,1.8814722198817098,-2.6896527850839576,0.9870475872006059,1.5845048825991324,-0.011964598307609542
-0.34288751358092284,-0.14440741263595624,0.9591591222500471,-2.612629095245554,-1.0833232019850279,1.3684993962623677,1.6920963383370071,2.8992526028351744,0.4560598347503202,1.881472232160073,-2.6896527833145925,0.9870475965154695,1.584504867607036,-0.011964606626462704
-0.3428542046062528,-0.14410757188225176,0.9593787358467436,-2.6132061703803284,-1.0833281780609048,1.368504990027302,1.6920951082780287,2.8992328931239246,0.45892258649115014,1.8788650852795712,-2.6899803304742917,0.9855883409807378,1.586812637960957,-0.0106727242421778
-0.342855522161706,-0.14410785412272986,0.9593800299918724,-2.613206198437375,-1.0833280413748436,1.3685052634289883,1.692094984182654,2.8992074543445003,0.4589662783463542,1.8788880101809653,-2.6899848695025588,0.9855610477439187,1.5868407918913938,-0.010648851800355352
-0.3428534896118789,-0.14333414727244786,0.9598365361874102,-2.613195117495512,-1.0833225539115965,1.3685103330119488,1.692094534450776,2.8992256479184935,0.46185760536740705,1.8771375782413458,-2.69001545358128,0.984098972033598,1.5891656916220747,-0.009349871695221168
-0.3428537079817948,-0.14333419394368718,0.9598367505575922,-2.6131951221359735,-1.0833225312601427,1.3685103782187622,1.692094513933436,2.899225651141025,0.4618576102784937,1.8771375751254666,-2.690015454049224,0.9840989695622806,1.5891656955607694,-0.009349869491124707
-0.3428993537757936,-0.14300715281482068,0.9599895591893892,-2.6131904912903545,-1.0833249474753357,1.3685192076761599,1.6920935386200062,2.899206641942442,0.46480528284087974,1.875284783281007,-2.690240106628597,0.9826092614590767,1.5915233009154983,-0.00802295248484075
-0.34289941282247405,-0.14300716540931946,0.9599896171586701,-2.613190492542221,-1.0833249413618902,1.3685192198753877,1.6920935330837983,2.89920671222265,0.4648053914647736,1.8752847152908068,-2.690240116977412,0.9826092066749172,1.5915233878733455,-0.00802290361685909
-0.34293371779877546,-0.14292507913308672,0.9600165984440778,-2.6130375700592676,-1.0833254269300998,1.3685216091261183,1.6920941330135597,2.899206874647666,0.4677604345217379,1.8733362749961202,-2.690660775490798,0.9811254927145923,1.5938817621387749,-0.006696094563318766
-0.3429336637206717,-0.142925067604192,0.9600165453542306,-2.6130375689128664,-1.0833254325247608,1.3685215979599783,1.6920941380816306,2.899206782623372,0.46776029229069316,1.8733363640208651,-2.690660761938924,0.9811255644483508,1.5938816482759997,-0.006696158550747455
-0.34292794656387926,-0.14303896626508372,0.9596894252574524,-2.613040679575273,-1.0833304488282847,1.3685155518302206,1.6920926221346941,2.899182204921761,0.47075254732944316,1.8714208888888777,-2.6911460177710236,0.9796233070865537,1.596263059319515,-0.005349412595483827
-0.34292800155398595,-0.14303897799009446,0.959689479241475,-2.613040680742375,-1.0833304431377648,1.3685155631890433,1.6920926169800568,2.899182186702337,0.4707525184006123,1.8714209065406564,-2.6911460150105926,0.9796233217341683,1.5962630362272883,-0.005349425659312956
-0.3428925753719927,-0.1432008753730103,0.9595255336378132,-2.613040614824361,-1.0833263203649044,1.3685126117864375,1.6920913439937497,2.899159865004451,0.4737560531585796,1.8695707405380748,-2.6916292276477582,0.9781104086956125,1.5986544569540015,-0.003991327226414931
-0.3428926317490113,-0.14320088739424586,0.9595255889829231,-2.613040616021475,-1.08332631453048,1.368512623431399,1.6920913387097953,2.899159718545116,0.4737558175457206,1.8695708825424138,-2.6916292051405675,0.97811052824198,1.5986542691366807,-0.003991433823471446
-0.34284964965264564,-0.14328681291464918,0.9596045708236414,-2.6130369346604856,-1.0833189280704958,1.3685133218052403,1.6920903943416687,2.899156482374231,0.4767528190190946,1.8678094869781017,-2.691979732261305,0.9765920786786912,1.6010450526356337,-0.002634073607074683
-0.34284973853002576,-0.1432868318798719,0.9596046580740385,-2.6130369365455843,-1.0833189188620826,1.3685133401772336,1.6920903860028378,2.899156447752773,0.47675276332345806,1.8678095205462366,-2.691979726941068,0.9765921069371784,1.6010450082382732,-0.0026340988056166026
-0.34281354814899245,-0.14344951889123703,0.9596805328141071,-2.613531280643211,-1.0833014716436826,1.3685188169557887,1.692088360927251,2.8991454404541237,0.4797502485064582,1.865614909210084,-2.692334044819508,0.9751304011653437,1.6034360479661522,-0.0012745767991653167
-0.34281348504935316,-0.14344950543017765,0.9596804708726259,-2.613531279304315,-1.0833014781778303,1.3685188039131058,1.692088366844742,2.8991454013541293,0.479750185605627,1.8656149471218022,-2.6923340388106167,0.9751304330806354,1.6034359978246364,-0.00127460525600398
-0.34281313162083915,-0.1430566048764561,0.959905117618562,-2.614063746198349,-1.0833059268081708,1.3685263582235954,1.6920863476889665,2.899147376734623,0.48275706346772296,1.863950463390637,-2.692389908590254,0.9735886124982258,1.6058366648225988,9.358166049011629e-05
-0.3428347273515424,-0.14247984004904923,0.960223773129731,-2.613947654630567,-1.0833034327370494,1.3685282823191636,1.6920857588580798,2.899149529170584,0.48517058754160036,1.8625580669361526,-2.6924876759675316,0.9723538406443835,1.607757209118132,0.001172094833048476
-0.3428357359705334,-0.1424800535854409,0.9602247655235159,-2.61394767584061,-1.083303329893744,1.3685284889689937,1.6920856649943716,2.899133886954976,0.4851887059951894,1.8625718726144527,-2.69248962065768,0.9723415395600794,1.60776803843609,0.0011827110656561501
-0.34291473786915194,-0.14229461053558712,0.960313961899395,-2.6139488564586593,-1.0833074945434846,1.3685353256769806,1.6920855046569045,2.89914146843884,0.48822450619144764,1.8607797981636764,-2.692705139115133,0.9707906630089793,1.6101770523217933,0.002562778731938664
-0.3429151002352855,-0.1422946878412219,0.9603143177090256,-2.613948864143914,-1.0833074570435433,1.3685354005611163,1.6920854706698136,2.8991284384480362,0.48824066688156353,1.8607920265246491,-2.692706948502619,0.9707788880016706,1.6101864491717972,0.002572808166856788
-0.34294861364799,-0.142220502394951,0.9602955766391723,-2.613757802013206,-1.0833068156171854,1.368539559894662,1.6920857925555146,2.8991247498414445,0.49129561090374896,1.8589097448734435,-2.6931361586290903,0.9692273343607809,1.612604834977538,0.003959482850083518
-0.34294829765293233,-0.14222043946122165,0.9602952646932934,-2.613757795780874,-1.0833068456737756,1.3685394991245006,1.692085820153313,2.899125476481135,0.49129682721474044,1.858909039182599,-2.69313627511524,0.9692267132555514,1.612605800375575,0.003960036246935417
-0.3429449722710567,-0.14234460727939657,0.9599453777207536,-2.6137608834885016,-1.0833120545003527,1.368532807896127,1.6920841168803311,2.899128258842449,0.49435866631060055,1.8570397704466188,-2.693622265804354,0.9676762884529868,1.6150285708600096,0.005348420317473845
-0.3429451900609459,-0.14234464230169763,0.9599455941119821,-2.6137608869019586,-1.083312038123742,1.3685328411768833,1.6920841017613946,2.8991278866910157,0.49435804337391875,1.8570401318690912,-2.6936222061462267,0.967676606553832,1.6150280764286054,0.005348136893299049
-0.34293647057874477,-0.14257870491712188,0.9597862973773257,-2.6137587148187253,-1.0833102417840832,1.3685300093217192,1.6920831431479846,2.89912258354728,0.4974157574077829,1.8552276233950735,-2.694098409255271,0.9661269179043988,1.6174503819923016,0.0067355366942214445
-0.34293676699560205,-0.14257876441820239,0.9597865885970318,-2.6137587207184163,-1.0833102128415628,1.3685300668155604,1.6920831170717714,2.8991120958764878,0.49742928528472774,1.8552372813426743,-2.694099916137115,0.9661171805088831,1.617458316658559,0.006743876335131738
-0.34289703701213536,-0.14264919722941016,0.9598395464742566,-2.613751001164196,-1.083304160030531,1.3685314557280752,1.6920814000934612,2.899063888237075,0.5005308795395322,1.8535608417399292,-2.6944593825285876,0.9645259707036038,1.6199082871230237,0.008162706233288297
-0.3428969655100724,-0.14264918203042853,0.9598394762634967,-2.6137509996514297,-1.0833041674056707,1.3685314410031828,1.6920814067741554,2.89906383981201,0.5005307943217545,1.8535608889017414,-2.6944593743391767,0.964526014584222,1.6199082198557369,0.0081626671666859
-0.34286232970240516,-0.14277348041528226,0.9599231735241389,-2.614198234905673,-1.0832641216777013,1.3685398287380064,1.6920789314989186,2.899051536527052,0.5036493983875108,1.8519640145921912,-2.6946686787384513,0.9629115271691724,1.6223712634302219,0.009595538315371854
-0.34286250457878165,-0.1427735175900331,0.9599233452419877,-2.6141982386021194,-1.0832641036406514,1.3685398647507583,1.6920789151551312,2.8990514987400484,0.5036493310142749,1.851964051432418,-2.6946686722580715,0.9629115619377693,1.6223712103225383,0.009595507367679446
-0.34283142314985326,-0.14241027825160701,0.960178772202144,-2.614756502900241,-1.0832682530069295,1.368547847176333,1.6920768291500616,2.899031115843547,0.5067700809839621,1.8496379012636766,-2.6950095249134405,0.9612750485954189,1.6248355494475524,0.011028956047197447
-0.34284518986912005,-0.14170173577362544,0.9605778294117702,-2.6146343910325625,-1.0832619725576913,1.3685524435027294,1.6920761190035376,2.899059086820813,0.5092678032124427,1.8485156372438176,-2.694988217236281,0.9599796257087219,1.626805720819993,0.0121795870349386
-0.34284512868900485,-0.14170172276792092,0.9605777693362114,-2.6146343897389843,-1.083261978868347,1.368552430903653,1.6920761247205944,2.89905906234452,0.5092677595757111,1.8485156611067275,-2.6949882130393323,0.9599796482283223,1.6268056864231166,0.01217956699106093
-0.3428969327159006,-0.14135286024720006,0.9607375158864446,-2.6146295155261257,-1.0832634381614548,1.3685615461617782,1.6920743637419235,2.8990547295716684,0.5123961090395008,1.8468016346690082,-2.695217063228676,0.9583616071184888,1.6292695291536967,0.013617438553758632
-0.34289776072115785,-0.14135304080724564,0.9607383295252099,-2.614629533478407,-1.083263351028424,1.3685617208825809,1.6920742842811956,2.899025309667403,0.512421930627398,1.846827764914524,-2.6952201269047436,0.9583406939626311,1.629282822749631,0.013635304910728507
-0.34294978877953497,-0.14120246247602797,0.9607912778022181,-2.614395038035681,-1.0832615164395736,1.3685677217115884,1.6920743426718505,2.8990005957936447,0.5155939503550906,1.8450831778029357,-2.6955865221839295,0.9566960770105437,1.6317663264556312,0.015098388693837173
-0.3429497724793933,-0.14120245901486062,0.960791261793557,-2.614395037691477,-1.0832615181177132,1.368567718358039,1.692074344193468,2.89900039492089,0.5155935739252948,1.8450833742091763,-2.6955864858480867,0.9566962730037032,1.6317660313935232,0.015098214420572909
-0.34296233647689967,-0.141298354337406,0.9604488747265645,-2.61439925361305,-1.0832674025843194,1.3685623316119448,1.6920723456276308,2.899002177911459,0.5187823969062482,1.8433221902772345,-2.6960772241617663,0.955048500056149,1.6342582321705343,0.016569817226510963
-0.3429623771850334,-0.14129836295285259,0.9604489147114457,-2.6143992544691694,-1.083267398408783,1.368562339953174,1.6920723418404364,2.899002141371053,0.5187823284254183,1.843322226005668,-2.6960772175518946,0.9550485357123986,1.6342581784939902,0.016569785522150937
-0.3429621414487709,-0.14153262306491898,0.960233152519784,-2.6143987855402853,-1.0832667814435617,1.36855898772954,1.6920708034740566,2.8989824157637862,0.5219798820715038,1.8416185368271485,-2.6965834904000383,0.9533924339528896,1.6367557518373168,0.01804926746512603
-0.3429617576032058,-0.1415325418274498,0.9602327754791649,-2.6143987774657456,-1.0832668208185803,1.3685589090686636,1.6920708391796246,2.898982412356819,0.5219798756062186,1.8416185401606882,-2.6965834897761516,0.953392437327456,1.6367557467761138,0.018049264464898407
-0.34292472372330973,-0.14159981595103188,0.9602478859591752,-2.6143915340740365,-1.0832602435031469,1.368560375703404,1.6920688949860392,2.898976049285425,0.5248515061402541,1.8401720495871192,-2.696948578666589,0.9518993049773714,1.6390026976407368,0.019380162762823616
-0.3428826909009963,-0.14176870618056192,0.9602822908011,-2.614809907311074,-1.0832576657593038,1.3685628024752745,1.692066571192461,2.898971232740731,0.5274606530499728,1.83891375900064,-2.6971610259856513,0.9505332180403849,1.641049617870916,0.020593715948022506
-0.34288315736273134,-0.1417688049062007,0.9602827489935741,-2.614809917125818,-1.0832576179089548,1.3685628980687565,1.6920665278003595,2.8989556741190903,0.5274730323996852,1.8389272000686177,-2.697162519410525,0.9505228087360047,1.6410556255279367,0.0206026245162807
-0.3428532433914562,-0.14159146536233713,0.9604821701139432,-2.615392324738753,-1.0832596265598624,1.3685731403523254,1.692064454622977,2.898949012717333,0.5306679050124208,1.8367046627542827,-2.6975348232374783,0.9488294968409585,1.6435582329988385,0.022091077887700372
-0.34285339434436324,-0.14159149731171228,0.9604823183911115,-2.6153923279147016,-1.0832596110746897,1.3685731712876112,1.6920644405807737,2.898948932751326,0.5306677512012774,1.8367047410923583,-2.6975348083619473,0.9488295773071451,1.643558112788849,0.022091006376700584
-0.3428408920847561,-0.14075649852348437,0.9610204206428863,-2.6153790889244566,-1.0832498781727362,1.3685834241642736,1.692063093190343,2.898912436468464,0.5338903420611594,1.8344224168123962,-2.697857908546225,0.9471045680262655,1.646067853549603,0.023592014629294944
-0.3428407243382354,-0.14075646313136314,0.9610202558616985,-2.6153790854076364,-1.0832498953279972,1.368583389898474,1.6920631087425018,2.8989124810179305,0.5338904300399925,1.834422373049522,-2.6978579170729953,0.9471045217818208,1.6460679221077328,0.02359205571377121
-0.3428740764269884,-0.1401443000319742,0.961324892112474,-2.615372295249913,-1.0832501143158157,1.368586989169804,1.6920614195136456,2.8989341923696497,0.5371172644155466,1.8328816224869673,-2.6979823784273,0.9453984977991654,1.6485803629368103,0.0251004162741717
-0.34287414977285646,-0.14014431551003703,0.9613249641616601,-2.615372296789754,-1.083250106812252,1.3685870041569532,1.6920614127112936,2.898934224150457,0.5371173271798044,1.8328815912683556,-2.6979823845098174,0.9453984648083607,1.648580411846039,0.02510044558423008
-0.34296163516197,-0.1399697634766448,0.9613286193023836,-2.615372574700632,-1.0832546738703817,1.3685929723425265,1.692060170389136,2.898938893349305,0.5403502156579476,1.8312463406214423,-2.6982476946439364,0.9436977058659748,1.6510936525479716,0.02660866904728376
-0.3429616845236172,-0.13996977390394694,0.9613286677876491,-2.6153725757361994,-1.0832546688150906,1.3685929824410583,1.692060165805329,2.8989388881888605,0.5403502054734686,1.831246345690852,-2.6982476936577102,0.9436977112195448,1.6510936446104703,0.0266086642922998
-0.34299313532769293,-0.1398851852494709,0.9613041938683997,-2.615126440716356,-1.0832517487832196,1.3685981895605241,1.6920602628479005,2.8989417455769058,0.5432640564613136,1.8297100452831074,-2.698635406566938,0.94217220907331,1.653356069809095,0.027965731298043472
-0.3429860538504155,-0.1400315901837481,0.9609731640488066,-2.6152033724961665,-1.0832571112453417,1.3685911079807362,1.6920580134142327,2.8989396206288127,0.5456255472062672,1.8284588558849535,-2.699033510153032,0.940942640138207,1.6551913205388633,0.02906445909343347
-0.34298620117305845,-0.14003162130537694,0.9609733087574321,-2.61520337559009,-1.0832570961566703,1.3685911381200566,1.692057999731765,2.8989256102947287,0.5456343278241427,1.828470854985028,-2.699034650114678,0.9409342640060281,1.655194882283931,0.029071595665904226
-0.3429651868521457,-0.14022109205515765,0.9608026888014116,-2.6152027348480544,-1.0832523473014484,1.368588773071283,1.6920559615954143,2.8989154581714143,0.5488681259018442,1.8268118822567665,-2.6995643350169214,0.9392453400777079,1.6577099473424814,0.03058162018007682
-0.34296601118014536,-0.14022126796794288,0.960803498268568,-2.6152027523354575,-1.0832522620138672,1.3685889433880623,1.6920558842606785,2.8988854548019685,0.5488895372360041,1.8268376598937515,-2.699566958908556,0.9392264649542703,1.6577194797277448,0.030597675182698403
-0.34292438389675883,-0.14032549073493383,0.9608620515420734,-2.615199219193853,-1.0832441100706554,1.3685908127133746,1.692054102582477,2.8988806063299677,0.5521325080578849,1.8252841102669493,-2.700005435679648,0.9375205990689217,1.6602405417209791,0.03211929794720092
-0.3429243776088322,-0.14032549395999183,0.9608620461382094,-2.615199219516572,-1.0832441089982863,1.3685908158849962,1.6920541010933567,2.898880182987959,0.5521316408936245,1.8252845275806564,-2.7000053514235614,0.9375210579111801,1.660239868749228,0.0321188905794223
-0.34287803997515187,-0.1405087935720979,0.9609038609621505,-2.615637670238909,-1.0832328728867529,1.3685949573928249,1.6920512111205421,2.8988788243450685,0.5553789769567494,1.8238146714155299,-2.7003032802923235,0.9357996437579033,1.6627650288539702,0.03364757126496887
-0.3428781344632741,-0.1405088107117991,0.9609039562062298,-2.6156376719066405,-1.0832328654350507,1.3685949737220557,1.6920512036657935,2.898878178164452,0.5553776533214894,1.8238153083966715,-2.700303151683202,0.9358003441323888,1.662764001634395,0.03364694946137892
-0.3428516916759081,-0.14035500696757808,0.9611189084377836,-2.6162496149809,-1.083234770148092,1.3686057105217024,1.6920489306015067,2.898886330219355,0.5586198518419394,1.822372034497464,-2.700462821927294,0.9340736626639892,1.6652885332414993,0.035172016817787366
-0.3428519747877763,-0.14035504956864164,0.9611191892455109,-2.6162496190894293,-1.0832347501100164,1.3686057504870779,1.6920489124255933,2.898868586370888,0.5586343511711789,1.8223870531616004,-2.700464506510726,0.9340619106593149,1.6652955752821423,0.03518207611910462
-0.3428442948637489,-0.1395182841940077,0.9616589437859782,-2.616236310069685,-1.083224601911168,1.368616920965069,1.6920473569316883,2.898848707098347,0.5618860358976487,1.8202202659289952,-2.7007883218246134,0.9323176221501246,1.6678814625674754,0.03670469320955405
-0.3428442281871522,-0.13951827016403007,0.9616588782686657,-2.616236308675444,-1.0832246087078112,1.3686169073816101,1.6920473630975121,2.898848614283816,0.5618858427744637,1.8202203575683527,-2.7007883030439057,0.9323177245787466,1.6678813129405334,0.036704602294165056
-0.3428771260257619,-0.13887569014328838,0.9619829689572672,-2.6162292860538052,-1.0832240107507622,1.368621165431195,1.6920455255806948,2.8988716834249377,0.5651551367185403,1.8187419070183601,-2.700905975950369,0.9305732237760598,1.6704127269037672,0.03824549529938981
-0.3428770746675731,-0.13887567933615363,0.961982918493117,-2.616229284978683,-1.0832240159857096,1.3686211549681646,1.6920455303294042,2.8988715915841627,0.5651549456165936,1.8187419976960975,-2.7009059573658876,0.9305733251324586,1.670412578843366,0.038245405336003735
-0.3429645546848965,-0.13882527145773293,0.9619251359507928,-2.616231060838867,-1.0832279301365513,1.368627437484443,1.6920444749580439,2.8988458811945,0.5677948515897162,1.8174875005472266,-2.7011457212957453,0.9291644332874407,1.6724446190118805,0.03949330113396776
-0.34298960220201913,-0.13872326497971876,0.9619283976220148,-2.6159573641787595,-1.0832232974824294,1.3686308474260076,1.6920445028074738,2.8988438416134965,0.5703006639523265,1.8162405585915131,-2.7014970471741595,0.9278357015602037,1.674374065877699,0.04067515495746843
-0.3429906155603444,-0.1387234725548101,0.9619293940918245,-2.6159573847971562,-1.0832231969589177,1.36863104832682,1.6920444116262674,2.89881680120539,0.5703132078358122,1.8162630771711328,-2.70149879920967,0.9278218444848587,1.6743775860422465,0.040686873803394086
-0.3430047871335029,-0.13883902037035778,0.9615700153693423,-2.6159611193929475,-1.0832280571454427,1.3686260358261602,1.6920419456156812,2.898820586892761,0.573616724232024,1.8146424698869765,-2.702005340197241,0.9260699653674225,1.6769186712297959,0.04224684316858607
-0.34300554502673375,-0.13883917634413878,0.9615707596010497,-2.615961134890634,-1.0832279812636925,1.3686261867526515,1.692041877116568,2.898788610152046,0.5736305176555723,1.8146689398220275,-2.7020073554196404,0.9260535359175579,1.6769218130166585,0.04226066493643721
-0.34301030552720047,-0.13908894890860557,0.9613763389501297,-2.6159601059753563,-1.083226112914565,1.3686256915608155,1.6920400698511457,2.898782983505887,0.5769430579764006,1.8131121342992191,-2.702540713533102,0.9242894422153407,1.679465613110298,0.04383250670276784
-0.3430106526243053,-0.13908902292405312,0.961376679837608,-2.6159601134215213,-1.083226076726317,1.3686257641396744,1.6920400369165531,2.8987676658984523,0.5769488941534249,1.8131252855964437,-2.7025416269085447,0.9242815573689933,1.6794663299825272,0.04383899562303828
-0.3429749787674998,-0.1392073465156871,0.961375264185083,-2.615956503185637,-1.0832171624465403,1.3686277795769075,1.692037836866467,2.8987576955169416,0.5802635532345599,1.8116593106426464,-2.7030249228666676,0.9225043331007461,1.6820112001651646,0.04542208545403881
-0.3429752139126796,-0.1392073957448421,0.9613754952606115,-2.6159565080769966,-1.0832171386002993,1.3686278272330963,1.6920378152307614,2.8987429285829336,0.5802698234669359,1.8116722931272733,-2.703025876821245,0.9224960940794622,1.6820121994252384,0.045428783055619704
-0.3429303479071013,-0.13939929475262103,0.9613640335792617,-2.616340465496197,-1.0832150006036954,1.3686309174306048,1.6920344275808996,2.898739798819065,0.5835832535676291,1.8103011313024098,-2.7033743014180747,0.9207068792392885,1.6845571078441575,0.047016850617668915
-0.342930520724412,-0.13939933096926582,0.9613642034011765,-2.616340469095286,-1.0832149830585949,1.3686309524930276,1.6920344116612633,2.898739726283331,0.5835830873591066,1.8103012037234762,-2.703374285126923,0.9207069691459093,1.6845569805216494,0.04701677099054802
-0.3429079867556579,-0.1394459085887303,0.9615170351186757,-2.616982472586277,-1.0832147889894055,1.3686426403411418,1.6920318389312476,2.898706780738328,0.5869073858484439,1.8089961505885945,-2.703605964199018,0.9188885880292874,1.6871048570246439,0.04862091076833508
-0.3429078788574449,-0.1394458859407739,0.9615169290730714,-2.616982470336499,-1.0832147999525075,1.3686426184152447,1.692031848885859,2.8987067204335855,0.5869072437930738,1.8089962109978366,-2.703605950248586,0.9188886652808863,1.6871047485497188,0.048620842401248865
-0.34290819356177593,-0.13891364312711385,0.9617867907446991,-2.6174899972695442,-1.083218126337144,1.3686507234001528,1.692028603307859,2.898665026359547,0.5902450085201192,1.8069070678232624,-2.7039693057867806,0.9170417200828354,1.6897885474781802,0.05022754416254038
-0.34290807055188566,-0.13891361742540553,0.9617866698281015,-2.6174899947164536,-1.083218138772989,1.368650698531097,1.692028614601826,2.8986649012105747,0.5902447076821655,1.8069071935657082,-2.703969276195605,0.9170418843588521,1.689788318301197,0.050227398846947935
-0.3429150051679972,-0.13801589523818825,0.962285552521422,-2.6174812268787253,-1.0832124643177539,1.368658365912851,1.692026646177439,2.8986695491743664,0.5935881459457226,1.8046789605160356,-2.7042916200684832,0.9151885049708568,1.692545740212358,0.0518363750830666
-0.34291490048130946,-0.13801587346724276,0.9622854496010493,-2.617481224716723,-1.083212474852268,1.3686583448481944,1.6920266557392223,2.8986696446446008,0.593588375447843,1.804678864592745,-2.7042916426433585,0.9151883796485265,1.692545915045228,0.051836485941933574
-0.3429634262796837,-0.1373328791958892,0.9625604783098085,-2.617476910667247,-1.0832142333479522,1.3686605675570904,1.6920243925089316,2.898694228349523,0.5969326719012198,1.80338360869305,-2.704315938821619,0.9133450839035673,1.6950944581134353,0.05345623775619668
-0.34296335536465516,-0.13733286445508996,0.9625604085967234,-2.6174769092030243,-1.0832142404794542,1.3686605532957827,1.6920243989843469,2.8986943368562628,0.596932932737877,1.803383499671316,-2.7043159644789174,0.9133449414699752,1.6950946568169636,0.05345636374992235
-0.34309356807250246,-0.13710827340699705,0.9625713524489115,-2.617475084689308,-1.0832197039481464,1.3686691657778773,1.6920221361616639,2.8985560705006854,0.6003131012223193,1.802126271429513,-2.7044311381694595,0.911441541191448,1.6976290562996397,0.05512592094118407
-0.34309362121353537,-0.13710828433849542,0.9625714047220111,-2.617475085775503,-1.0832196986649856,1.3686691763523573,1.6920221313620132,2.898556131316834,0.6003132655956094,1.8021262091247134,-2.7044311544903827,0.9114414491505416,1.6976291797500629,0.05512600210302043
-0.3432198170821801,-0.13685541052804462,0.9626331811523912,-2.617107119814174,-1.0832152645048334,1.368679348077908,1.6920215382396935,2.8985566234879787,0.6033608109555244,1.801000449208404,-2.704509677641015,0.9096048436944555,1.699907854047467,0.056635032916286576
-0.3432196525189175,-0.13685537673330472,0.9626330192808314,-2.617107116460824,-1.0832152808395512,1.368679315391626,1.6920215530800444,2.898556658668115,0.6033609070321857,1.8010004131099269,-2.7045096871904946,0.9096047897501434,1.699907926092024,0.056635080473290245
-0.3433399946867004,-0.13663939183789342,0.9625920224659685,-2.616759913748487,-1.0832114381128748,1.3686848432416694,1.6920208880733807,2.8985388836745916,0.6061337498932202,1.7999330606777804,-2.704697218687004,0.9078526201928101,1.7019813706070508,0.058014230148262236
-0.3433948258202344,-0.13656419386808416,0.9625390340312423,-2.616578439701893,-1.0832087570082118,1.3686924078272522,1.692020254158666,2.898539220842258,0.6086865543392106,1.7989334662317944,-2.7049196418432793,0.9063077976047493,1.703888845897362,0.05928169267758321
-0.3433948883614528,-0.13656420311138007,0.9625390950661261,-2.6165784406345702,-1.0832087521367626,1.3686924168546302,1.6920202500747288,2.8985283273595055,0.6086866417848951,1.7989424007914323,-2.704919950988451,0.9063034755513,1.7038856350151388,0.05928528237924624
-0.3434677717847334,-0.13661296463776917,0.9621416626539121,-2.616584030179128,-1.0832160690057573,1.3686901509222515,1.6920173954406783,2.8985351361996194,0.6120013209537802,1.7976170067842343,-2.7052324281754068,0.9042113177963875,1.7064134755485423,0.06096877680538437
-0.3434679343268643,-0.1366129952029813,0.9621418224183804,-2.616584033351028,-1.0832160535528796,1.3686901818848476,1.692017381421849,2.8985350516429875,0.6120010856903946,1.7976170938657727,-2.7052324047462264,0.9042114505182104,1.7064132996142565,0.06096865982690591
-0.34353001816189366,-0.136698976822204,0.9617370916720018,-2.6165898841113706,-1.0832207188062033,1.3686876039933265,1.6920144001560034,2.8985103690788563,0.6152931976122522,1.796278949146675,-2.7056400347929666,0.9021655186292667,1.7089346816541893,0.06265864737859417
-0.343530050581049,-0.13669898346008624,0.9617371235591134,-2.616589884770827,-1.0832207155954234,1.368687610415431,1.6920143972409862,2.898510463819118,0.6152934643376176,1.7962788513294328,-2.7056400613870126,0.9021653677065222,1.7089348807671252,0.06265878038110984
-0.3435680231619349,-0.13680664873664083,0.9613493477114874,-2.6165926951020677,-1.0832236709243812,1.368684783798511,1.6920112874240942,2.8985136749170692,0.6186892273698037,1.7949216799531058,-2.7061998549516755,0.9002395164529844,1.7114561356825435,0.06434463394517742
-0.34356803299937244,-0.1368066507508452,0.9613493573864824,-2.6165926953021943,-1.083223669950175,1.3686847857473885,1.6920112865381858,2.8985136994407092,0.6186892964126303,1.7949216546313238,-2.7061998618359375,0.9002394773853695,1.7114561872231215,0.06434466837302644
-0.3436091970926958,-0.1370203474335554,0.9610414305426715,-2.6165957711206604,-1.0832236906823618,1.368681160314503,1.6920087198195355,2.8985252000999893,0.6220809330959227,1.7942210272318633,-2.70672751111527,0.8983137415747837,1.713903311588128,0.06602914266382687
-0.3436094376807448,-0.13702039669085453,0.9610416671799218,-2.6165957760157026,-1.0832236668530322,1.3686812079824424,1.692008698179425,2.898525075651822,0.6220805827364089,1.794221155721857,-2.7067274761822677,0.8983139398212519,1.7139030500407468,0.06602896795767155
-0.3436213099119527,-0.13725969188495135,0.9608344727734881,-2.616596103580569,-1.0832204206023806,1.3686814676824528,1.6920066235102649,2.8984875117404556,0.6251288788842615,1.7932752941966559,-2.707169308544197,0.8965997446245089,1.716129938432836,0.06755092027257614
-0.34363166763331243,-0.13746550259563683,0.9607355803908648,-2.6165916466411834,-1.0832151958153322,1.3686862618513214,1.6920047816609531,2.8984919505252265,0.6272946519135516,1.7923127694240648,-2.707580395962263,0.8953827799137066,1.7177546703160074,0.0686292268333073
-0.34363189452655263,-0.1374655490499479,0.9607358035580811,-2.6165916512555936,-1.0832151733427584,1.3686863068048636,1.6920047612505305,2.898476990559658,0.6272926636595528,1.7923244003378613,-2.7075805734490137,0.8953784031381851,1.7177491369330502,0.06863275436904281
-0.34363203175376,-0.1377075296216086,0.9606399062458246,-2.616589103913491,-1.083207644743497,1.3686881781577243,1.6920025690095037,2.8984690805268567,0.6306721213211821,1.7910029005682517,-2.7082011295217407,0.8934768976536507,1.7202614484975207,0.07032259209086344
-0.3436327277200153,-0.13770767688378438,0.9606405893203993,-2.6165891188048493,-1.0832075722313632,1.3686883232638203,1.6920025031420591,2.898457021480576,0.6306664828051387,1.7910124605380702,-2.7082009788257286,0.8934744455008801,1.7202535236894008,0.07032448245475909
-0.34362842335279886,-0.13790265508381783,0.9605973456432162,-2.616582190594916,-1.0831985012989147,1.3686907030572888,1.691999655880268,2.898445710987964,0.6340378416528987,1.7897574994523495,-2.7087838571947076,0.8915651209327491,1.7227546734885308,0.07201720386630761
-0.34362846937772495,-0.1379026645148156,0.9605973909084957,-2.61658219153298,-1.0831984967347688,1.3686907121882874,1.691999651734743,2.8984457815214064,0.6340380487997814,1.7897574258210511,-2.708783877943497,0.8915650023778623,1.7227548271678081,0.07201730826895414
-0.34360206462324694,-0.13810560787152149,0.9604037344380334,-2.6168260084703943,-1.0831934019107337,1.3686924698626535,1.6919956462656245,2.898425379423461,0.6373989349271625,1.788543296645706,-2.709380134796212,0.8896523899194495,1.7252461842566547,0.07371488522628766
-0.3436021188902023,-0.13810561900617957,0.9604037878092342,-2.6168260095761204,-1.0831933965209928,1.3686924806436322,1.6919956413709798,2.8984254135394316,0.6373990359507644,1.7885432609458647,-2.7093801449214245,0.889652331994947,1.7252462591260382,0.07371493622898484
-0.3435557149057553,-0.13831163100609922,0.9602711459571518,-2.617251386752322,-1.083190711408853,1.3686938754485678,1.6919911518646171,2.8984118660565237,0.6407567463946693,1.787387014965887,-2.709908338236734,0.8877330541095603,1.7277313076595497,0.07541429484851747
-0.34355593129003825,-0.1383116754602618,0.960271358760175,-2.617251391172502,-1.083190689887745,1.368693918494782,1.691991132322059,2.8984117814827925,0.6407564929511382,1.7873871037787836,-2.7099083128067916,0.8877331998457052,1.727731120127853,0.07541416655550215
-0.3434881274704793,-0.13857429799459897,0.9602489362266091,-2.617859845223648,-1.0831882796818237,1.3686965225369399,1.6919869935958527,2.898392615237011,0.6441048522187076,1.7862825019509927,-2.710388199395666,0.8858089866127905,1.73020935152638,0.0771170236634191
-0.3434879556342132,-0.13857426259179784,0.9602487672478404,-2.6178598417027574,-1.083188296822878,1.3686964882529362,1.6919870091626958,2.898392605986384,0.6441048241637235,1.786282511699298,-2.7103881965766625,0.885809002791337,1.7302093308011806,0.07711700942392596
-0.34339694975891977,-0.138870854894785,0.9603589703759976,-2.6186399753102556,-1.0830707081886248,1.3687006339729186,1.6919829231924322,2.8983794265186305,0.6474439613817449,1.7852216696963996,-2.7108079425031892,0.8838810671815507,1.7326799517588718,0.07882070575707356
-0.3433144396188652,-0.13907744923269094,0.960570588758241,-2.6193804191942536,-1.0829406568870035,1.3687149113473525,1.6919792123502742,2.8983832001930487,0.6506594920010054,1.7842753427704139,-2.71114633971595,0.882210538418156,1.7349014775042289,0.08035320955138481
-0.34331578820362374,-0.13907772736442237,0.9605719149262448,-2.6193804468480475,-1.0829405222312405,1.3687151807319662,1.691979090032876,2.8983329815483003,0.6506431636068664,1.7843146595788681,-2.7111461074225085,0.8821976120805877,1.734874200069994,0.08036259734743112
-0.34324707802477317,-0.1392422963128599,0.9608646115477955,-2.620261193645619,-1.0828825645206688,1.3687487060483132,1.6919767596213409,2.898329867516628,0.6541866179774534,1.7833009060889893,-2.711468790696733,0.8803321389708074,1.7373242731670757,0.08207290807246359
-0.3432473858918188,-0.13924236772664722,0.9608649156071527,-2.6202612008231982,-1.0828825305044392,1.368748776025692,1.6919767277610744,2.8983175170647133,0.654181858124085,1.7833110020708247,-2.711468658160829,0.8803291434742491,1.7373169469126406,0.08207490305718856
-0.34319044435603807,-0.13903688566570782,0.9611888583171329,-2.621071618556596,-1.082883961195322,1.3687631146877912,1.6919732711326323,2.898313734640764,0.6577429280726577,1.781840140349301,-2.71190139948229,0.8784510826771657,1.7398338140595886,0.08379035456666006
-0.3431909456250839,-0.13903700163328025,0.9611893533335021,-2.621071630124406,-1.0828839062389144,1.3687632274853134,1.6919732197952846,2.898299152786061,0.6577389765872184,1.7818516053058584,-2.711901326580735,0.8784476695964392,1.7398268911268762,0.08379269830451985
-0.3431671445425417,-0.13851674326687746,0.9615284021813313,-2.6216794187111825,-1.0828858324004778,1.3687814244807994,1.691968835938645,2.8982777229700005,0.6612799750376066,1.7803179440723227,-2.7123180628461165,0.8765834614879191,1.7425669673749322,0.08550550144576352
